user_id,timestamp,line_current,neutral_current,power_consumed,remaining_tokens
DHARAN-001,2026-01-01 00:00:00+05:45,6.6325,6.6115,1.5891,318.4109
DHARAN-001,2026-01-01 01:00:00+05:45,6.9165,6.9119,1.6654,316.7456
DHARAN-001,2026-01-01 02:00:00+05:45,6.5723,6.5574,1.5678,315.1777
DHARAN-001,2026-01-01 03:00:00+05:45,6.1257,6.1045,1.4501,313.7276
DHARAN-001,2026-01-01 04:00:00+05:45,6.5989,6.5801,1.5604,312.1672
DHARAN-001,2026-01-01 05:00:00+05:45,6.1022,6.0948,1.4494,310.7178
DHARAN-001,2026-01-01 06:00:00+05:45,11.5256,11.5121,2.7447,307.9731
DHARAN-001,2026-01-01 07:00:00+05:45,10.7906,10.7768,2.5575,305.4156
DHARAN-001,2026-01-01 08:00:00+05:45,10.8549,10.8356,2.5879,302.8277
DHARAN-001,2026-01-01 09:00:00+05:45,11.2855,11.2671,2.6831,300.1446
DHARAN-001,2026-01-01 10:00:00+05:45,7.5836,7.5727,1.8095,298.3351
DHARAN-001,2026-01-01 11:00:00+05:45,6.135,6.111,1.4548,296.8803
DHARAN-001,2026-01-01 12:00:00+05:45,6.4295,6.4211,1.5388,295.3415
DHARAN-001,2026-01-01 13:00:00+05:45,6.8781,6.8588,1.6306,293.7109
DHARAN-001,2026-01-01 14:00:00+05:45,6.1944,6.1784,1.4726,292.2382
DHARAN-001,2026-01-01 15:00:00+05:45,6.6656,6.6488,1.5787,290.6595
DHARAN-001,2026-01-01 16:00:00+05:45,6.8654,6.8481,1.634,289.0255
DHARAN-001,2026-01-01 17:00:00+05:45,6.7804,6.7679,1.6283,287.3973
DHARAN-001,2026-01-01 18:00:00+05:45,12.4524,12.4396,2.9709,284.4263
DHARAN-001,2026-01-01 19:00:00+05:45,13.4338,13.411,3.2068,281.2196
DHARAN-001,2026-01-01 20:00:00+05:45,11.8534,11.8371,2.8254,278.3941
DHARAN-001,2026-01-01 21:00:00+05:45,13.0389,13.0175,3.0977,275.2964
DHARAN-001,2026-01-01 22:00:00+05:45,12.5207,12.4989,2.9855,272.3109
DHARAN-001,2026-01-01 23:00:00+05:45,6.3731,6.3671,1.5295,270.7814
DHARAN-001,2026-01-02 00:00:00+05:45,6.077,6.0608,1.4422,269.3392
DHARAN-001,2026-01-02 01:00:00+05:45,6.8514,6.8351,1.6354,267.7038
DHARAN-001,2026-01-02 02:00:00+05:45,6.8234,6.8048,1.6276,266.0763
DHARAN-001,2026-01-02 03:00:00+05:45,6.1724,6.1604,1.4731,264.6032
DHARAN-001,2026-01-02 04:00:00+05:45,5.9373,5.926,1.409,263.1942
DHARAN-001,2026-01-02 05:00:00+05:45,6.546,6.5275,1.554,261.6402
DHARAN-001,2026-01-02 06:00:00+05:45,11.4163,11.4047,2.7191,258.9211
DHARAN-001,2026-01-02 07:00:00+05:45,10.9772,10.9738,2.6297,256.2914
DHARAN-001,2026-01-02 08:00:00+05:45,10.3783,10.3601,2.4805,253.8109
DHARAN-001,2026-01-02 09:00:00+05:45,10.6134,10.588,2.5306,251.2803
DHARAN-001,2026-01-02 10:00:00+05:45,6.3704,6.3629,1.5097,249.7705
DHARAN-001,2026-01-02 11:00:00+05:45,6.379,6.3667,1.5278,248.2427
DHARAN-001,2026-01-02 12:00:00+05:45,6.8749,6.8564,1.6533,246.5894
DHARAN-001,2026-01-02 13:00:00+05:45,6.6166,6.6131,1.581,245.0083
DHARAN-001,2026-01-02 14:00:00+05:45,6.5357,6.5188,1.5612,243.4472
DHARAN-001,2026-01-02 15:00:00+05:45,6.5956,6.5825,1.5551,241.8921
DHARAN-001,2026-01-02 16:00:00+05:45,6.0118,5.9951,1.4297,240.4624
DHARAN-001,2026-01-02 17:00:00+05:45,7.2389,7.2211,1.7156,238.7468
DHARAN-001,2026-01-02 18:00:00+05:45,13.4049,13.395,3.203,235.5438
DHARAN-001,2026-01-02 19:00:00+05:45,12.2324,12.2284,2.9162,232.6276
DHARAN-001,2026-01-02 20:00:00+05:45,13.0262,13.023,3.1036,229.524
DHARAN-001,2026-01-02 21:00:00+05:45,12.2157,12.194,2.9055,226.6185
DHARAN-001,2026-01-02 22:00:00+05:45,13.8379,13.8196,3.267,223.3515
DHARAN-001,2026-01-02 23:00:00+05:45,5.9365,5.9193,1.4338,221.9178
DHARAN-001,2026-01-03 00:00:00+05:45,6.0942,6.0841,1.4549,220.4628
DHARAN-001,2026-01-03 01:00:00+05:45,6.4922,6.4759,1.5356,218.9272
DHARAN-001,2026-01-03 02:00:00+05:45,6.3991,6.3975,1.5335,217.3938
DHARAN-001,2026-01-03 03:00:00+05:45,6.2732,6.2441,1.4941,215.8996
DHARAN-001,2026-01-03 04:00:00+05:45,6.6255,6.6145,1.5681,214.3315
DHARAN-001,2026-01-03 05:00:00+05:45,5.8847,5.8755,1.4103,212.9212
DHARAN-001,2026-01-03 06:00:00+05:45,12.1247,12.103,2.8947,210.0265
DHARAN-001,2026-01-03 07:00:00+05:45,10.667,10.649,2.5309,207.4956
DHARAN-001,2026-01-03 08:00:00+05:45,11.0043,10.9945,2.6205,204.8752
DHARAN-001,2026-01-03 09:00:00+05:45,11.2915,11.2863,2.6928,202.1824
DHARAN-001,2026-01-03 10:00:00+05:45,5.8833,5.8557,1.3991,200.7832
DHARAN-001,2026-01-03 11:00:00+05:45,6.5964,6.5791,1.5717,199.2115
DHARAN-001,2026-01-03 12:00:00+05:45,7.1875,7.1758,1.7092,197.5023
DHARAN-001,2026-01-03 13:00:00+05:45,7.0952,7.0679,1.6853,195.8171
DHARAN-001,2026-01-03 14:00:00+05:45,6.5639,6.5598,1.5745,194.2426
DHARAN-001,2026-01-03 15:00:00+05:45,7.4215,7.408,1.7506,192.492
DHARAN-001,2026-01-03 16:00:00+05:45,6.3858,6.3797,1.5065,190.9854
DHARAN-001,2026-01-03 17:00:00+05:45,6.0953,6.0834,1.4451,189.5403
DHARAN-001,2026-01-03 18:00:00+05:45,12.7059,12.6882,3.0268,186.5136
DHARAN-001,2026-01-03 19:00:00+05:45,13.428,13.4078,3.1963,183.3173
DHARAN-001,2026-01-03 20:00:00+05:45,11.6797,11.6715,2.7814,180.5359
DHARAN-001,2026-01-03 21:00:00+05:45,12.0656,12.0532,2.8811,177.6548
DHARAN-001,2026-01-03 22:00:00+05:45,13.1235,13.1083,3.1373,174.5175
DHARAN-001,2026-01-03 23:00:00+05:45,6.2634,6.2403,1.4944,173.0231
DHARAN-001,2026-01-04 00:00:00+05:45,6.8452,6.8314,1.6171,171.4061
DHARAN-001,2026-01-04 01:00:00+05:45,6.1608,6.1439,1.469,169.9371
DHARAN-001,2026-01-04 02:00:00+05:45,6.5661,6.5504,1.5737,168.3634
DHARAN-001,2026-01-04 03:00:00+05:45,6.7362,6.7062,1.5799,166.7835
DHARAN-001,2026-01-04 04:00:00+05:45,6.079,6.0757,1.4501,165.3334
DHARAN-001,2026-01-04 05:00:00+05:45,6.2354,6.2108,1.4816,163.8518
DHARAN-001,2026-01-04 06:00:00+05:45,10.6912,10.689,2.5518,161.3
DHARAN-001,2026-01-04 07:00:00+05:45,10.9604,10.9496,2.6197,158.6803
DHARAN-001,2026-01-04 08:00:00+05:45,10.6391,10.6382,2.534,156.1462
DHARAN-001,2026-01-04 09:00:00+05:45,10.4306,10.4259,2.4632,153.683
DHARAN-001,2026-01-04 10:00:00+05:45,6.0412,6.003,1.4209,152.2622
DHARAN-001,2026-01-04 11:00:00+05:45,5.9153,5.8976,1.4119,150.8502
DHARAN-001,2026-01-04 12:00:00+05:45,7.3523,7.3393,1.7599,149.0903
DHARAN-001,2026-01-04 13:00:00+05:45,6.9297,6.9177,1.6458,147.4445
DHARAN-001,2026-01-04 14:00:00+05:45,6.3981,6.385,1.5364,145.9081
DHARAN-001,2026-01-04 15:00:00+05:45,6.3955,6.385,1.5205,144.3875
DHARAN-001,2026-01-04 16:00:00+05:45,6.7987,6.7824,1.6091,142.7785
DHARAN-001,2026-01-04 17:00:00+05:45,6.6999,6.6849,1.5947,141.1837
DHARAN-001,2026-01-04 18:00:00+05:45,12.364,12.3497,2.9408,138.243
DHARAN-001,2026-01-04 19:00:00+05:45,13.8329,13.8148,3.2786,134.9644
DHARAN-001,2026-01-04 20:00:00+05:45,12.2859,12.2614,2.9358,132.0286
DHARAN-001,2026-01-04 21:00:00+05:45,12.8666,12.8656,3.0589,128.9697
DHARAN-001,2026-01-04 22:00:00+05:45,13.2006,13.1945,3.1387,125.831
DHARAN-001,2026-01-04 23:00:00+05:45,6.2934,6.278,1.4959,124.3351
DHARAN-001,2026-01-05 00:00:00+05:45,6.3691,6.3561,1.5174,122.8177
DHARAN-001,2026-01-05 01:00:00+05:45,6.6563,6.6507,1.5708,121.2469
DHARAN-001,2026-01-05 02:00:00+05:45,6.4082,6.3908,1.5241,119.7228
DHARAN-001,2026-01-05 03:00:00+05:45,6.2628,6.2452,1.5079,118.2149
DHARAN-001,2026-01-05 04:00:00+05:45,7.3297,7.3078,1.7598,116.4551
DHARAN-001,2026-01-05 05:00:00+05:45,6.3525,6.3459,1.5131,114.9421
DHARAN-001,2026-01-05 06:00:00+05:45,10.9683,10.9486,2.5991,112.3429
DHARAN-001,2026-01-05 07:00:00+05:45,12.005,11.9865,2.8471,109.4958
DHARAN-001,2026-01-05 08:00:00+05:45,11.9814,11.9597,2.8485,106.6473
DHARAN-001,2026-01-05 09:00:00+05:45,10.938,10.9286,2.6037,104.0436
DHARAN-001,2026-01-05 10:00:00+05:45,6.9721,6.9509,1.6713,102.3724
DHARAN-001,2026-01-05 11:00:00+05:45,6.4713,6.4503,1.5296,100.8428
DHARAN-001,2026-01-05 12:00:00+05:45,7.4673,7.4649,1.771,99.0718
DHARAN-001,2026-01-05 13:00:00+05:45,6.4399,6.429,1.5445,97.5273
DHARAN-001,2026-01-05 14:00:00+05:45,7.3077,7.2983,1.7338,95.7935
DHARAN-001,2026-01-05 15:00:00+05:45,6.0109,6.0056,1.4309,94.3626
DHARAN-001,2026-01-05 16:00:00+05:45,6.1947,6.1705,1.472,92.8906
DHARAN-001,2026-01-05 17:00:00+05:45,6.7357,6.7182,1.6256,91.2651
DHARAN-001,2026-01-05 18:00:00+05:45,12.7678,12.7399,3.036,88.2291
DHARAN-001,2026-01-05 19:00:00+05:45,11.6515,11.6317,2.7798,85.4493
DHARAN-001,2026-01-05 20:00:00+05:45,11.9769,11.9589,2.8376,82.6117
DHARAN-001,2026-01-05 21:00:00+05:45,13.1188,13.0973,3.129,79.4827
DHARAN-001,2026-01-05 22:00:00+05:45,13.2628,13.2459,3.1556,76.3271
DHARAN-001,2026-01-05 23:00:00+05:45,6.6222,6.6084,1.5849,74.7422
DHARAN-001,2026-01-06 00:00:00+05:45,6.459,6.436,1.5342,73.208
DHARAN-001,2026-01-06 01:00:00+05:45,5.982,5.9551,1.4255,71.7825
DHARAN-001,2026-01-06 02:00:00+05:45,6.1128,6.0962,1.4633,70.3193
DHARAN-001,2026-01-06 03:00:00+05:45,6.9465,6.9209,1.6538,68.6654
DHARAN-001,2026-01-06 04:00:00+05:45,6.986,6.9666,1.6553,67.0101
DHARAN-001,2026-01-06 05:00:00+05:45,7.6854,7.6844,1.8318,65.1783
DHARAN-001,2026-01-06 06:00:00+05:45,11.8751,11.8592,2.8318,62.3465
DHARAN-001,2026-01-06 07:00:00+05:45,11.6808,11.6758,2.7964,59.5501
DHARAN-001,2026-01-06 08:00:00+05:45,10.246,10.2275,2.4471,57.1031
DHARAN-001,2026-01-06 09:00:00+05:45,11.3601,11.3564,2.7022,54.4009
DHARAN-001,2026-01-06 10:00:00+05:45,5.3584,5.3472,1.2753,53.1256
DHARAN-001,2026-01-06 11:00:00+05:45,6.7801,6.764,1.6076,51.518
DHARAN-001,2026-01-06 12:00:00+05:45,6.9128,6.8935,1.6437,49.8743
DHARAN-001,2026-01-06 13:00:00+05:45,6.1582,6.1416,1.4679,48.4063
DHARAN-001,2026-01-06 14:00:00+05:45,6.9183,6.8991,1.651,46.7554
DHARAN-001,2026-01-06 15:00:00+05:45,6.3818,6.3602,1.5206,45.2348
DHARAN-001,2026-01-06 16:00:00+05:45,5.4641,5.461,1.3133,43.9214
DHARAN-001,2026-01-06 17:00:00+05:45,5.3172,5.2962,1.2725,42.649
DHARAN-001,2026-01-06 18:00:00+05:45,12.5793,12.5556,2.9932,39.6558
DHARAN-001,2026-01-06 19:00:00+05:45,13.3814,13.3555,3.1867,36.4691
DHARAN-001,2026-01-06 20:00:00+05:45,12.7279,12.7177,3.0384,33.4307
DHARAN-001,2026-01-06 21:00:00+05:45,11.9333,11.9211,2.8497,30.5809
DHARAN-001,2026-01-06 22:00:00+05:45,13.1888,13.1849,3.1238,27.4571
DHARAN-001,2026-01-06 23:00:00+05:45,6.6769,6.6581,1.5996,25.8575
DHARAN-001,2026-01-07 00:00:00+05:45,6.3812,6.3588,1.5368,24.3207
DHARAN-001,2026-01-07 01:00:00+05:45,6.1942,6.1878,1.4799,22.8408
DHARAN-001,2026-01-07 02:00:00+05:45,6.2079,6.1944,1.474,21.3668
DHARAN-001,2026-01-07 03:00:00+05:45,6.7006,6.6751,1.5919,19.7749
DHARAN-001,2026-01-07 04:00:00+05:45,6.2887,6.2651,1.5114,18.2635
DHARAN-001,2026-01-07 05:00:00+05:45,6.398,6.3799,1.5127,16.7508
DHARAN-001,2026-01-07 06:00:00+05:45,11.0327,11.0021,2.6235,14.1273
DHARAN-001,2026-01-07 07:00:00+05:45,12.1344,12.1181,2.8885,11.2388
DHARAN-001,2026-01-07 08:00:00+05:45,11.5934,11.5758,2.7684,8.4704
DHARAN-001,2026-01-07 09:00:00+05:45,11.0844,11.076,2.6361,5.8343
DHARAN-001,2026-01-07 10:00:00+05:45,5.6364,5.6304,1.3618,4.4725
DHARAN-001,2026-01-07 11:00:00+05:45,6.2776,6.2471,1.4975,2.9751
DHARAN-001,2026-01-07 12:00:00+05:45,7.0394,7.0217,1.6852,1.2898
DHARAN-001,2026-01-07 13:00:00+05:45,6.304,6.2875,1.5037,0.0
DHARAN-001,2026-01-07 14:00:00+05:45,6.819,6.7955,1.6268,0.0
DHARAN-001,2026-01-07 15:00:00+05:45,5.9452,5.9094,1.4155,0.0
DHARAN-001,2026-01-07 16:00:00+05:45,6.6903,6.6745,1.5793,0.0
DHARAN-001,2026-01-07 17:00:00+05:45,6.8109,6.7973,1.6222,0.0
DHARAN-001,2026-01-07 18:00:00+05:45,12.3393,12.3311,2.9338,0.0
DHARAN-001,2026-01-07 19:00:00+05:45,13.0938,13.0759,3.1072,0.0
DHARAN-001,2026-01-07 20:00:00+05:45,12.5889,12.5763,2.993,0.0
DHARAN-001,2026-01-07 21:00:00+05:45,13.1132,13.1009,3.1396,0.0
DHARAN-001,2026-01-07 22:00:00+05:45,11.6518,11.6259,2.7885,0.0
DHARAN-001,2026-01-07 23:00:00+05:45,6.9429,6.9399,1.6599,0.0
DHARAN-001,2026-01-08 00:00:00+05:45,5.0046,4.9703,1.1968,0.0
DHARAN-001,2026-01-08 01:00:00+05:45,6.7173,6.6986,1.6047,0.0
DHARAN-001,2026-01-08 02:00:00+05:45,5.7219,5.7061,1.3652,0.0
DHARAN-001,2026-01-08 03:00:00+05:45,6.5087,6.491,1.5422,0.0
DHARAN-001,2026-01-08 04:00:00+05:45,6.8298,6.8076,1.6327,0.0
DHARAN-001,2026-01-08 05:00:00+05:45,7.3027,7.2948,1.748,0.0
DHARAN-001,2026-01-08 06:00:00+05:45,11.7504,11.7242,2.7995,0.0
DHARAN-001,2026-01-08 07:00:00+05:45,10.92,10.904,2.5861,0.0
DHARAN-001,2026-01-08 08:00:00+05:45,11.2776,11.2655,2.6702,0.0
DHARAN-001,2026-01-08 09:00:00+05:45,10.5926,10.574,2.5263,0.0
DHARAN-001,2026-01-08 10:00:00+05:45,5.7569,5.7462,1.3646,0.0
DHARAN-001,2026-01-08 11:00:00+05:45,7.0032,6.9945,1.6902,0.0
DHARAN-001,2026-01-08 12:00:00+05:45,5.6375,5.6205,1.3501,0.0
DHARAN-001,2026-01-08 13:00:00+05:45,6.42,6.4063,1.531,0.0
DHARAN-001,2026-01-08 14:00:00+05:45,6.5827,6.562,1.5769,0.0
DHARAN-001,2026-01-08 15:00:00+05:45,6.8699,6.8504,1.632,0.0
DHARAN-001,2026-01-08 16:00:00+05:45,6.7513,6.737,1.5881,0.0
DHARAN-001,2026-01-08 17:00:00+05:45,6.3356,6.3288,1.5157,0.0
DHARAN-001,2026-01-08 18:00:00+05:45,12.0522,12.0378,2.878,0.0
DHARAN-001,2026-01-08 19:00:00+05:45,12.8855,12.8766,3.0675,0.0
DHARAN-001,2026-01-08 20:00:00+05:45,13.1982,13.1845,3.1354,0.0
DHARAN-001,2026-01-08 21:00:00+05:45,12.4078,12.3913,2.949,0.0
DHARAN-001,2026-01-08 22:00:00+05:45,11.9824,11.9653,2.8536,0.0
DHARAN-001,2026-01-08 23:00:00+05:45,6.0746,6.0713,1.4445,0.0
DHARAN-001,2026-01-09 00:00:00+05:45,7.2439,7.2309,1.7128,0.0
DHARAN-001,2026-01-09 01:00:00+05:45,6.6073,6.6015,1.5961,0.0
DHARAN-001,2026-01-09 02:00:00+05:45,6.3296,6.3088,1.5172,0.0
DHARAN-001,2026-01-09 03:00:00+05:45,7.4801,7.4718,1.7922,0.0
DHARAN-001,2026-01-09 04:00:00+05:45,6.7036,6.6984,1.5808,0.0
DHARAN-001,2026-01-09 05:00:00+05:45,6.7189,6.7171,1.5824,0.0
DHARAN-001,2026-01-09 06:00:00+05:45,10.4222,10.4114,2.4855,0.0
DHARAN-001,2026-01-09 07:00:00+05:45,11.5041,11.5033,2.7368,0.0
DHARAN-001,2026-01-09 08:00:00+05:45,11.3215,11.2963,2.7011,0.0
DHARAN-001,2026-01-09 09:00:00+05:45,10.7431,10.7238,2.5639,0.0
DHARAN-001,2026-01-09 10:00:00+05:45,6.9229,6.9214,1.6441,0.0
DHARAN-001,2026-01-09 11:00:00+05:45,6.7503,6.7334,1.6171,0.0
DHARAN-001,2026-01-09 12:00:00+05:45,5.8208,5.8122,1.3817,0.0
DHARAN-001,2026-01-09 13:00:00+05:45,5.9026,5.8857,1.3986,0.0
DHARAN-001,2026-01-09 14:00:00+05:45,6.2691,6.2576,1.4788,0.0
DHARAN-001,2026-01-09 15:00:00+05:45,6.5474,6.5374,1.5564,0.0
DHARAN-001,2026-01-09 16:00:00+05:45,6.7366,6.7249,1.609,0.0
DHARAN-001,2026-01-09 17:00:00+05:45,7.1656,7.1613,1.716,0.0
DHARAN-001,2026-01-09 18:00:00+05:45,13.6289,13.6171,3.2207,0.0
DHARAN-001,2026-01-09 19:00:00+05:45,11.7264,11.7137,2.795,0.0
DHARAN-001,2026-01-09 20:00:00+05:45,12.5747,12.5551,3.0046,0.0
DHARAN-001,2026-01-09 21:00:00+05:45,12.9196,12.899,3.0903,0.0
DHARAN-001,2026-01-09 22:00:00+05:45,13.7564,13.7441,3.2737,0.0
DHARAN-001,2026-01-09 23:00:00+05:45,6.4735,6.4724,1.5355,0.0
DHARAN-001,2026-01-10 00:00:00+05:45,6.5877,6.558,1.5722,0.0
DHARAN-001,2026-01-10 01:00:00+05:45,6.4994,6.4933,1.5316,0.0
DHARAN-001,2026-01-10 02:00:00+05:45,6.8293,6.8212,1.623,0.0
DHARAN-001,2026-01-10 03:00:00+05:45,6.6584,6.646,1.5738,0.0
DHARAN-001,2026-01-10 04:00:00+05:45,5.667,5.6593,1.3495,0.0
DHARAN-001,2026-01-10 05:00:00+05:45,6.3447,6.3433,1.5114,0.0
DHARAN-001,2026-01-10 06:00:00+05:45,10.2898,10.279,2.4454,0.0
DHARAN-001,2026-01-10 07:00:00+05:45,9.8236,9.8064,2.3315,0.0
DHARAN-001,2026-01-10 08:00:00+05:45,10.6724,10.6507,2.5536,0.0
DHARAN-001,2026-01-10 09:00:00+05:45,11.3562,11.3379,2.6812,0.0
DHARAN-001,2026-01-10 10:00:00+05:45,6.7092,6.6877,1.599,0.0
DHARAN-001,2026-01-10 11:00:00+05:45,6.8856,6.8748,1.6275,0.0
DHARAN-001,2026-01-10 12:00:00+05:45,6.2819,6.2606,1.5003,0.0
DHARAN-001,2026-01-10 13:00:00+05:45,7.2573,7.2457,1.7323,0.0
DHARAN-001,2026-01-10 14:00:00+05:45,6.669,6.6463,1.5902,0.0
DHARAN-001,2026-01-10 15:00:00+05:45,5.3525,5.3438,1.2823,0.0
DHARAN-001,2026-01-10 16:00:00+05:45,5.3125,5.3048,1.2741,0.0
DHARAN-001,2026-01-10 17:00:00+05:45,6.4637,6.4506,1.5284,0.0
DHARAN-001,2026-01-10 18:00:00+05:45,12.1932,12.1698,2.9037,0.0
DHARAN-001,2026-01-10 19:00:00+05:45,12.1867,12.1672,2.9103,0.0
DHARAN-001,2026-01-10 20:00:00+05:45,12.6292,12.6143,3.0008,0.0
DHARAN-001,2026-01-10 21:00:00+05:45,13.0272,13.0123,3.1116,0.0
DHARAN-001,2026-01-10 22:00:00+05:45,12.5602,12.5577,3.0021,0.0
DHARAN-001,2026-01-10 23:00:00+05:45,6.8521,6.8453,1.6348,0.0
DHARAN-001,2026-01-11 00:00:00+05:45,6.5171,6.5139,1.541,0.0
DHARAN-001,2026-01-11 01:00:00+05:45,5.7293,5.7026,1.3729,0.0
DHARAN-001,2026-01-11 02:00:00+05:45,6.6936,6.6877,1.5864,0.0
DHARAN-001,2026-01-11 03:00:00+05:45,5.9742,5.9587,1.4182,0.0
DHARAN-001,2026-01-11 04:00:00+05:45,6.7896,6.7723,1.6183,0.0
DHARAN-001,2026-01-11 05:00:00+05:45,6.6313,6.6098,1.5715,0.0
DHARAN-001,2026-01-11 06:00:00+05:45,10.1785,10.1555,2.4449,0.0
DHARAN-001,2026-01-11 07:00:00+05:45,11.6426,11.6425,2.7818,0.0
DHARAN-001,2026-01-11 08:00:00+05:45,11.172,11.1426,2.6511,0.0
DHARAN-001,2026-01-11 09:00:00+05:45,11.3302,11.3223,2.7012,0.0
DHARAN-001,2026-01-11 10:00:00+05:45,6.5143,6.5074,1.5539,0.0
DHARAN-001,2026-01-11 11:00:00+05:45,7.6245,7.6004,1.7984,0.0
DHARAN-001,2026-01-11 12:00:00+05:45,6.0906,6.0705,1.442,0.0
DHARAN-001,2026-01-11 13:00:00+05:45,6.7935,6.7734,1.6056,0.0
DHARAN-001,2026-01-11 14:00:00+05:45,6.9189,6.9012,1.6413,0.0
DHARAN-001,2026-01-11 15:00:00+05:45,5.6249,5.6144,1.3385,0.0
DHARAN-001,2026-01-11 16:00:00+05:45,5.9427,5.9139,1.3989,0.0
DHARAN-001,2026-01-11 17:00:00+05:45,7.2158,7.19,1.7156,0.0
DHARAN-001,2026-01-11 18:00:00+05:45,12.7292,12.7229,3.0288,0.0
DHARAN-001,2026-01-11 19:00:00+05:45,12.9175,12.9129,3.075,0.0
DHARAN-001,2026-01-11 20:00:00+05:45,12.686,12.6566,3.0212,0.0
DHARAN-001,2026-01-11 21:00:00+05:45,13.1661,13.1491,3.1347,0.0
DHARAN-001,2026-01-11 22:00:00+05:45,12.7291,12.7228,3.0327,0.0
DHARAN-001,2026-01-11 23:00:00+05:45,6.4145,6.4095,1.5344,0.0
DHARAN-001,2026-01-12 00:00:00+05:45,6.7938,6.7931,1.6138,0.0
DHARAN-001,2026-01-12 01:00:00+05:45,6.4985,6.475,1.5378,0.0
DHARAN-001,2026-01-12 02:00:00+05:45,7.0391,7.0308,1.6756,0.0
DHARAN-001,2026-01-12 03:00:00+05:45,5.9881,5.9701,1.4225,0.0
DHARAN-001,2026-01-12 04:00:00+05:45,7.2133,7.1994,1.707,0.0
DHARAN-001,2026-01-12 05:00:00+05:45,5.8807,5.8639,1.4032,0.0
DHARAN-001,2026-01-12 06:00:00+05:45,10.9599,10.9429,2.615,0.0
DHARAN-001,2026-01-12 07:00:00+05:45,10.8057,10.7882,2.5788,0.0
DHARAN-001,2026-01-12 08:00:00+05:45,10.892,10.8748,2.591,0.0
DHARAN-001,2026-01-12 09:00:00+05:45,10.4913,10.4648,2.5025,0.0
DHARAN-001,2026-01-12 10:00:00+05:45,5.8501,5.85,1.4131,0.0
DHARAN-001,2026-01-12 11:00:00+05:45,6.5364,6.5223,1.556,0.0
DHARAN-001,2026-01-12 12:00:00+05:45,7.0255,7.0074,1.6982,0.0
DHARAN-001,2026-01-12 13:00:00+05:45,7.2624,7.2504,1.7399,0.0
DHARAN-001,2026-01-12 14:00:00+05:45,6.1053,6.0929,1.4622,0.0
DHARAN-001,2026-01-12 15:00:00+05:45,7.3134,7.3011,1.7238,0.0
DHARAN-001,2026-01-12 16:00:00+05:45,7.4821,7.453,1.7811,0.0
DHARAN-001,2026-01-12 17:00:00+05:45,6.4787,6.4608,1.5413,0.0
DHARAN-001,2026-01-12 18:00:00+05:45,14.3512,14.3418,3.4088,0.0
DHARAN-001,2026-01-12 19:00:00+05:45,13.1889,13.1778,3.1437,0.0
DHARAN-001,2026-01-12 20:00:00+05:45,13.1742,13.1569,3.1364,0.0
DHARAN-001,2026-01-12 21:00:00+05:45,12.7355,12.7171,3.0291,0.0
DHARAN-001,2026-01-12 22:00:00+05:45,11.7654,11.7583,2.7949,0.0
DHARAN-001,2026-01-12 23:00:00+05:45,5.7912,5.7756,1.3794,0.0
DHARAN-001,2026-01-13 00:00:00+05:45,6.2042,6.2,1.4693,0.0
DHARAN-001,2026-01-13 01:00:00+05:45,6.292,6.2774,1.5037,0.0
DHARAN-001,2026-01-13 02:00:00+05:45,6.6207,6.5999,1.586,0.0
DHARAN-001,2026-01-13 03:00:00+05:45,6.4766,6.4759,1.5601,0.0
DHARAN-001,2026-01-13 04:00:00+05:45,6.5055,6.4913,1.551,0.0
DHARAN-001,2026-01-13 05:00:00+05:45,6.5154,6.4928,1.5491,0.0
DHARAN-001,2026-01-13 06:00:00+05:45,10.478,10.4717,2.5059,0.0
DHARAN-001,2026-01-13 07:00:00+05:45,11.2803,11.2687,2.6739,0.0
DHARAN-001,2026-01-13 08:00:00+05:45,9.7558,9.7475,2.339,0.0
DHARAN-001,2026-01-13 09:00:00+05:45,10.7874,10.7721,2.5723,0.0
DHARAN-001,2026-01-13 10:00:00+05:45,6.4054,6.3958,1.5151,0.0
DHARAN-001,2026-01-13 11:00:00+05:45,6.105,6.1023,1.449,0.0
DHARAN-001,2026-01-13 12:00:00+05:45,6.721,6.7072,1.5993,0.0
DHARAN-001,2026-01-13 13:00:00+05:45,7.2961,7.2646,1.7431,0.0
DHARAN-001,2026-01-13 14:00:00+05:45,6.3558,6.3402,1.5254,0.0
DHARAN-001,2026-01-13 15:00:00+05:45,5.948,5.9298,1.4234,0.0
DHARAN-001,2026-01-13 16:00:00+05:45,6.7756,6.7527,1.6192,0.0
DHARAN-001,2026-01-13 17:00:00+05:45,7.1613,7.1421,1.6914,0.0
DHARAN-001,2026-01-13 18:00:00+05:45,13.3269,13.3145,3.191,0.0
DHARAN-001,2026-01-13 19:00:00+05:45,12.2828,12.2723,2.9233,0.0
DHARAN-001,2026-01-13 20:00:00+05:45,12.7065,12.6929,3.0074,0.0
DHARAN-001,2026-01-13 21:00:00+05:45,12.9142,12.8986,3.077,0.0
DHARAN-001,2026-01-13 22:00:00+05:45,12.7359,12.7116,3.0281,0.0
DHARAN-001,2026-01-13 23:00:00+05:45,7.3632,7.3435,1.7502,0.0
DHARAN-001,2026-01-14 00:00:00+05:45,5.9369,5.9144,1.4144,0.0
DHARAN-001,2026-01-14 01:00:00+05:45,6.9654,6.9433,1.6564,0.0
DHARAN-001,2026-01-14 02:00:00+05:45,6.8159,6.7985,1.6114,0.0
DHARAN-001,2026-01-14 03:00:00+05:45,6.3547,6.3462,1.5098,0.0
DHARAN-001,2026-01-14 04:00:00+05:45,6.5675,6.5663,1.5984,0.0
DHARAN-001,2026-01-14 05:00:00+05:45,6.7673,6.7616,1.6067,0.0
DHARAN-001,2026-01-14 06:00:00+05:45,10.7808,10.7696,2.5538,0.0
DHARAN-001,2026-01-14 07:00:00+05:45,12.2152,12.1969,2.9084,0.0
DHARAN-001,2026-01-14 08:00:00+05:45,11.905,11.898,2.8333,0.0
DHARAN-001,2026-01-14 09:00:00+05:45,11.0281,11.024,2.6261,0.0
DHARAN-001,2026-01-14 10:00:00+05:45,6.3619,6.3395,1.5218,0.0
DHARAN-001,2026-01-14 11:00:00+05:45,6.5266,6.5125,1.5567,0.0
DHARAN-001,2026-01-14 12:00:00+05:45,6.6576,6.6506,1.5793,0.0
DHARAN-001,2026-01-14 13:00:00+05:45,6.0397,6.028,1.4275,0.0
DHARAN-001,2026-01-14 14:00:00+05:45,5.8242,5.8055,1.3825,0.0
DHARAN-001,2026-01-14 15:00:00+05:45,5.7582,5.7373,1.3688,0.0
DHARAN-001,2026-01-14 16:00:00+05:45,6.7345,6.7307,1.5974,0.0
DHARAN-001,2026-01-14 17:00:00+05:45,6.6752,6.6641,1.5922,0.0
DHARAN-001,2026-01-14 18:00:00+05:45,13.2129,13.1836,3.1318,0.0
DHARAN-001,2026-01-14 19:00:00+05:45,13.3732,13.3554,3.1852,0.0
DHARAN-001,2026-01-14 20:00:00+05:45,13.1063,13.0903,3.1194,0.0
DHARAN-001,2026-01-14 21:00:00+05:45,13.1278,13.1186,3.1262,0.0
DHARAN-001,2026-01-14 22:00:00+05:45,12.5314,12.5164,2.9776,0.0
DHARAN-001,2026-01-14 23:00:00+05:45,6.7188,6.7068,1.5933,0.0
DHARAN-001,2026-01-15 00:00:00+05:45,6.9168,6.9117,1.6432,0.0
DHARAN-001,2026-01-15 01:00:00+05:45,7.2274,7.2256,1.7256,0.0
DHARAN-001,2026-01-15 02:00:00+05:45,5.953,5.9375,1.4271,0.0
DHARAN-001,2026-01-15 03:00:00+05:45,6.369,6.349,1.5196,0.0
DHARAN-001,2026-01-15 04:00:00+05:45,6.7044,6.6862,1.5933,0.0
DHARAN-001,2026-01-15 05:00:00+05:45,6.7467,6.7346,1.6264,0.0
DHARAN-001,2026-01-15 06:00:00+05:45,9.9875,9.9725,2.3776,0.0
DHARAN-001,2026-01-15 07:00:00+05:45,11.6593,11.6427,2.7647,0.0
DHARAN-001,2026-01-15 08:00:00+05:45,10.8521,10.8413,2.5792,0.0
DHARAN-001,2026-01-15 09:00:00+05:45,11.1236,11.1131,2.6391,0.0
DHARAN-001,2026-01-15 10:00:00+05:45,6.9537,6.9463,1.6492,0.0
DHARAN-001,2026-01-15 11:00:00+05:45,7.0393,7.0235,1.6694,0.0
DHARAN-001,2026-01-15 12:00:00+05:45,6.1019,6.0912,1.461,0.0
DHARAN-001,2026-01-15 13:00:00+05:45,6.7557,6.7372,1.6176,0.0
DHARAN-001,2026-01-15 14:00:00+05:45,5.8865,5.8706,1.4035,0.0
DHARAN-001,2026-01-15 15:00:00+05:45,7.6978,7.671,1.8459,0.0
DHARAN-001,2026-01-15 16:00:00+05:45,6.6125,6.5965,1.5705,0.0
DHARAN-001,2026-01-15 17:00:00+05:45,6.7385,6.7119,1.6059,0.0
DHARAN-001,2026-01-15 18:00:00+05:45,12.5302,12.5204,2.9726,0.0
DHARAN-001,2026-01-15 19:00:00+05:45,12.6417,12.6231,3.0201,0.0
DHARAN-001,2026-01-15 20:00:00+05:45,13.4402,13.4268,3.2008,0.0
DHARAN-001,2026-01-15 21:00:00+05:45,12.144,12.1418,2.8936,0.0
DHARAN-001,2026-01-15 22:00:00+05:45,12.264,12.2384,2.9178,0.0
DHARAN-001,2026-01-15 23:00:00+05:45,7.9129,7.8864,1.8896,0.0
DHARAN-001,2026-01-16 00:00:00+05:45,6.6373,6.6188,1.5818,0.0
DHARAN-001,2026-01-16 01:00:00+05:45,6.5561,6.5444,1.5599,0.0
DHARAN-001,2026-01-16 02:00:00+05:45,5.7541,5.7339,1.3847,0.0
DHARAN-001,2026-01-16 03:00:00+05:45,6.3572,6.3421,1.5193,0.0
DHARAN-001,2026-01-16 04:00:00+05:45,6.9284,6.9186,1.6479,0.0
DHARAN-001,2026-01-16 05:00:00+05:45,7.2017,7.1828,1.6997,0.0
DHARAN-001,2026-01-16 06:00:00+05:45,11.6253,11.6012,2.7561,0.0
DHARAN-001,2026-01-16 07:00:00+05:45,11.4183,11.3991,2.7129,0.0
DHARAN-001,2026-01-16 08:00:00+05:45,10.5598,10.5557,2.5076,0.0
DHARAN-001,2026-01-16 09:00:00+05:45,10.7365,10.7148,2.5439,0.0
DHARAN-001,2026-01-16 10:00:00+05:45,7.2593,7.2535,1.731,0.0
DHARAN-001,2026-01-16 11:00:00+05:45,6.4034,6.3878,1.5236,0.0
DHARAN-001,2026-01-16 12:00:00+05:45,7.0774,7.0596,1.6885,0.0
DHARAN-001,2026-01-16 13:00:00+05:45,6.0402,6.0252,1.4339,0.0
DHARAN-001,2026-01-16 14:00:00+05:45,6.1332,6.1196,1.4625,0.0
DHARAN-001,2026-01-16 15:00:00+05:45,6.4552,6.441,1.5201,0.0
DHARAN-001,2026-01-16 16:00:00+05:45,6.3137,6.3058,1.5232,0.0
DHARAN-001,2026-01-16 17:00:00+05:45,6.3605,6.3344,1.5209,0.0
DHARAN-001,2026-01-16 18:00:00+05:45,12.6834,12.6679,3.0076,0.0
DHARAN-001,2026-01-16 19:00:00+05:45,12.7302,12.7152,3.0318,0.0
DHARAN-001,2026-01-16 20:00:00+05:45,13.4885,13.4875,3.2336,0.0
DHARAN-001,2026-01-16 21:00:00+05:45,12.4418,12.4213,2.9622,0.0
DHARAN-001,2026-01-16 22:00:00+05:45,12.938,12.9149,3.0841,0.0
DHARAN-001,2026-01-16 23:00:00+05:45,7.0471,7.0244,1.6761,0.0
DHARAN-001,2026-01-17 00:00:00+05:45,6.6355,6.6149,1.5852,0.0
DHARAN-001,2026-01-17 01:00:00+05:45,6.5763,6.5495,1.5658,0.0
DHARAN-001,2026-01-17 02:00:00+05:45,5.2286,5.223,1.2584,0.0
DHARAN-001,2026-01-17 03:00:00+05:45,6.3272,6.3243,1.5089,0.0
DHARAN-001,2026-01-17 04:00:00+05:45,5.9895,5.9549,1.4343,0.0
DHARAN-001,2026-01-17 05:00:00+05:45,7.4121,7.4,1.7687,0.0
DHARAN-001,2026-01-17 06:00:00+05:45,10.4293,10.4153,2.5013,0.0
DHARAN-001,2026-01-17 07:00:00+05:45,10.5785,10.5763,2.5195,0.0
DHARAN-001,2026-01-17 08:00:00+05:45,10.7068,10.6888,2.5478,0.0
DHARAN-001,2026-01-17 09:00:00+05:45,11.2424,11.2206,2.6893,0.0
DHARAN-001,2026-01-17 10:00:00+05:45,6.1425,6.1276,1.4565,0.0
DHARAN-001,2026-01-17 11:00:00+05:45,5.8142,5.7962,1.3873,0.0
DHARAN-001,2026-01-17 12:00:00+05:45,6.8238,6.7965,1.6261,0.0
DHARAN-001,2026-01-17 13:00:00+05:45,7.018,6.997,1.6734,0.0
DHARAN-001,2026-01-17 14:00:00+05:45,7.5736,7.5684,1.7846,0.0
DHARAN-001,2026-01-17 15:00:00+05:45,6.1129,6.1064,1.4413,0.0
DHARAN-001,2026-01-17 16:00:00+05:45,5.8345,5.8161,1.3938,0.0
DHARAN-001,2026-01-17 17:00:00+05:45,6.4429,6.4333,1.5402,0.0
DHARAN-001,2026-01-17 18:00:00+05:45,12.3208,12.2875,2.9419,0.0
DHARAN-001,2026-01-17 19:00:00+05:45,12.9004,12.8893,3.0631,0.0
DHARAN-001,2026-01-17 20:00:00+05:45,12.5927,12.5865,3.0051,0.0
DHARAN-001,2026-01-17 21:00:00+05:45,11.948,11.945,2.862,0.0
DHARAN-001,2026-01-17 22:00:00+05:45,12.1655,12.1509,2.8839,0.0
DHARAN-001,2026-01-17 23:00:00+05:45,7.1874,7.1661,1.7074,0.0
DHARAN-001,2026-01-18 00:00:00+05:45,6.0874,6.0666,1.4444,0.0
DHARAN-001,2026-01-18 01:00:00+05:45,6.2523,6.2327,1.4833,0.0
DHARAN-001,2026-01-18 02:00:00+05:45,6.1986,6.1931,1.4866,0.0
DHARAN-001,2026-01-18 03:00:00+05:45,6.5772,6.5685,1.5629,0.0
DHARAN-001,2026-01-18 04:00:00+05:45,6.5567,6.5368,1.5557,0.0
DHARAN-001,2026-01-18 05:00:00+05:45,7.3537,7.3467,1.7387,0.0
DHARAN-001,2026-01-18 06:00:00+05:45,11.9121,11.8888,2.8413,0.0
DHARAN-001,2026-01-18 07:00:00+05:45,11.1026,11.1021,2.6474,0.0
DHARAN-001,2026-01-18 08:00:00+05:45,10.936,10.9133,2.6187,0.0
DHARAN-001,2026-01-18 09:00:00+05:45,11.8174,11.8,2.8213,0.0
DHARAN-001,2026-01-18 10:00:00+05:45,6.1298,6.1086,1.4655,0.0
DHARAN-001,2026-01-18 11:00:00+05:45,6.5707,6.5595,1.5479,0.0
DHARAN-001,2026-01-18 12:00:00+05:45,7.0281,7.0067,1.6724,0.0
DHARAN-001,2026-01-18 13:00:00+05:45,6.2932,6.2791,1.4988,0.0
DHARAN-001,2026-01-18 14:00:00+05:45,6.1256,6.1054,1.4522,0.0
DHARAN-001,2026-01-18 15:00:00+05:45,6.8811,6.8545,1.6237,0.0
DHARAN-001,2026-01-18 16:00:00+05:45,6.3464,6.3364,1.5075,0.0
DHARAN-001,2026-01-18 17:00:00+05:45,6.5083,6.4803,1.5553,0.0
DHARAN-001,2026-01-18 18:00:00+05:45,12.8896,12.865,3.071,0.0
DHARAN-001,2026-01-18 19:00:00+05:45,11.5404,11.5191,2.7669,0.0
DHARAN-001,2026-01-18 20:00:00+05:45,12.7555,12.7511,3.0346,0.0
DHARAN-001,2026-01-18 21:00:00+05:45,12.7834,12.7618,3.0246,0.0
DHARAN-001,2026-01-18 22:00:00+05:45,12.7829,12.7711,3.0477,0.0
DHARAN-001,2026-01-18 23:00:00+05:45,5.4577,5.4359,1.297,0.0
DHARAN-001,2026-01-19 00:00:00+05:45,5.6999,5.6942,1.3634,0.0
DHARAN-001,2026-01-19 01:00:00+05:45,6.0361,6.0344,1.4367,0.0
DHARAN-001,2026-01-19 02:00:00+05:45,6.8602,6.8473,1.6262,0.0
DHARAN-001,2026-01-19 03:00:00+05:45,5.2304,5.2055,1.2548,0.0
DHARAN-001,2026-01-19 04:00:00+05:45,5.1065,5.1009,1.2191,0.0
DHARAN-001,2026-01-19 05:00:00+05:45,6.899,6.8808,1.649,0.0
DHARAN-001,2026-01-19 06:00:00+05:45,11.4433,11.4299,2.7071,0.0
DHARAN-001,2026-01-19 07:00:00+05:45,11.215,11.1905,2.6844,0.0
DHARAN-001,2026-01-19 08:00:00+05:45,10.6791,10.6643,2.548,0.0
DHARAN-001,2026-01-19 09:00:00+05:45,10.3063,10.2836,2.4517,0.0
DHARAN-001,2026-01-19 10:00:00+05:45,6.6046,6.5906,1.5877,0.0
DHARAN-001,2026-01-19 11:00:00+05:45,6.8194,6.813,1.6415,0.0
DHARAN-001,2026-01-19 12:00:00+05:45,6.9731,6.9548,1.6577,0.0
DHARAN-001,2026-01-19 13:00:00+05:45,7.4764,7.4562,1.7756,0.0
DHARAN-001,2026-01-19 14:00:00+05:45,7.8782,7.8695,1.8778,0.0
DHARAN-001,2026-01-19 15:00:00+05:45,6.7537,6.7429,1.6038,0.0
DHARAN-001,2026-01-19 16:00:00+05:45,6.0926,6.075,1.4286,0.0
DHARAN-001,2026-01-19 17:00:00+05:45,6.1881,6.1739,1.4646,0.0
DHARAN-001,2026-01-19 18:00:00+05:45,12.61,12.6053,2.997,0.0
DHARAN-001,2026-01-19 19:00:00+05:45,12.9692,12.9505,3.0697,0.0
DHARAN-001,2026-01-19 20:00:00+05:45,12.5051,12.4934,2.9822,0.0
DHARAN-001,2026-01-19 21:00:00+05:45,12.5719,12.5495,2.9969,0.0
DHARAN-001,2026-01-19 22:00:00+05:45,11.8759,11.864,2.8194,0.0
DHARAN-001,2026-01-19 23:00:00+05:45,6.6654,6.6398,1.5977,0.0
DHARAN-001,2026-01-20 00:00:00+05:45,7.1867,7.1838,1.702,0.0
DHARAN-001,2026-01-20 01:00:00+05:45,6.9546,6.9524,1.652,0.0
DHARAN-001,2026-01-20 02:00:00+05:45,6.5228,6.5034,1.5496,0.0
DHARAN-001,2026-01-20 03:00:00+05:45,6.6215,6.5947,1.5738,0.0
DHARAN-001,2026-01-20 04:00:00+05:45,7.0237,7.0113,1.6996,0.0
DHARAN-001,2026-01-20 05:00:00+05:45,6.3674,6.3517,1.5327,0.0
DHARAN-001,2026-01-20 06:00:00+05:45,11.6708,11.6531,2.7891,0.0
DHARAN-001,2026-01-20 07:00:00+05:45,10.5964,10.5696,2.5294,0.0
DHARAN-001,2026-01-20 08:00:00+05:45,10.8299,10.8299,2.5741,0.0
DHARAN-001,2026-01-20 09:00:00+05:45,12.0476,12.034,2.8627,0.0
DHARAN-001,2026-01-20 10:00:00+05:45,6.7542,6.7297,1.6216,0.0
DHARAN-001,2026-01-20 11:00:00+05:45,6.349,6.338,1.5136,0.0
DHARAN-001,2026-01-20 12:00:00+05:45,6.2556,6.2386,1.4828,0.0
DHARAN-001,2026-01-20 13:00:00+05:45,6.8486,6.8295,1.6307,0.0
DHARAN-001,2026-01-20 14:00:00+05:45,6.3986,6.3961,1.5022,0.0
DHARAN-001,2026-01-20 15:00:00+05:45,7.2107,7.2025,1.7038,0.0
DHARAN-001,2026-01-20 16:00:00+05:45,7.6839,7.6611,1.82,0.0
DHARAN-001,2026-01-20 17:00:00+05:45,6.5259,6.5126,1.5559,0.0
DHARAN-001,2026-01-20 18:00:00+05:45,12.9678,12.9514,3.0742,0.0
DHARAN-001,2026-01-20 19:00:00+05:45,12.2886,12.2662,2.918,0.0
DHARAN-001,2026-01-20 20:00:00+05:45,13.0747,13.0619,3.1059,0.0
DHARAN-001,2026-01-20 21:00:00+05:45,12.212,12.2101,2.9159,0.0
DHARAN-001,2026-01-20 22:00:00+05:45,12.8311,12.8196,3.0558,0.0
DHARAN-001,2026-01-20 23:00:00+05:45,4.981,4.957,1.1978,0.0
DHARAN-001,2026-01-21 00:00:00+05:45,6.2,6.1961,1.4727,0.0
DHARAN-001,2026-01-21 01:00:00+05:45,7.2398,7.2225,1.7251,0.0
DHARAN-001,2026-01-21 02:00:00+05:45,7.7534,7.7408,1.8316,0.0
DHARAN-001,2026-01-21 03:00:00+05:45,6.2085,6.1894,1.4813,0.0
DHARAN-001,2026-01-21 04:00:00+05:45,6.4517,6.4249,1.5399,0.0
DHARAN-001,2026-01-21 05:00:00+05:45,6.5549,6.5392,1.5388,0.0
DHARAN-001,2026-01-21 06:00:00+05:45,11.9989,11.9762,2.8535,0.0
DHARAN-001,2026-01-21 07:00:00+05:45,10.6855,10.6668,2.5523,0.0
DHARAN-001,2026-01-21 08:00:00+05:45,11.5847,11.58,2.7579,0.0
DHARAN-001,2026-01-21 09:00:00+05:45,10.3422,10.3413,2.476,0.0
DHARAN-001,2026-01-21 10:00:00+05:45,6.6207,6.6058,1.5656,0.0
DHARAN-001,2026-01-21 11:00:00+05:45,5.3736,5.3599,1.2813,0.0
DHARAN-001,2026-01-21 12:00:00+05:45,7.5186,7.5067,1.804,0.0
DHARAN-001,2026-01-21 13:00:00+05:45,7.3982,7.3787,1.7572,0.0
DHARAN-001,2026-01-21 14:00:00+05:45,6.5914,6.5702,1.5663,0.0
DHARAN-001,2026-01-21 15:00:00+05:45,6.1476,6.1436,1.4554,0.0
DHARAN-001,2026-01-21 16:00:00+05:45,6.6931,6.6831,1.5919,0.0
DHARAN-001,2026-01-21 17:00:00+05:45,6.4842,6.4777,1.5498,0.0
DHARAN-001,2026-01-21 18:00:00+05:45,12.4926,12.475,2.9849,0.0
DHARAN-001,2026-01-21 19:00:00+05:45,12.1638,12.1583,2.8894,0.0
DHARAN-001,2026-01-21 20:00:00+05:45,12.4046,12.379,2.9594,0.0
DHARAN-001,2026-01-21 21:00:00+05:45,12.873,12.854,3.067,0.0
DHARAN-001,2026-01-21 22:00:00+05:45,11.6512,11.6202,2.7745,0.0
DHARAN-001,2026-01-21 23:00:00+05:45,6.5899,6.5705,1.5684,0.0
DHARAN-001,2026-01-22 00:00:00+05:45,6.892,6.8904,1.66,0.0
DHARAN-001,2026-01-22 01:00:00+05:45,6.5979,6.5724,1.5777,0.0
DHARAN-001,2026-01-22 02:00:00+05:45,6.2843,6.2794,1.5147,0.0
DHARAN-001,2026-01-22 03:00:00+05:45,5.1253,5.1118,1.2225,0.0
DHARAN-001,2026-01-22 04:00:00+05:45,6.3497,6.3251,1.5016,0.0
DHARAN-001,2026-01-22 05:00:00+05:45,6.3492,6.3293,1.5321,0.0
DHARAN-001,2026-01-22 06:00:00+05:45,11.3771,11.3543,2.7059,0.0
DHARAN-001,2026-01-22 07:00:00+05:45,10.5781,10.5708,2.4995,0.0
DHARAN-001,2026-01-22 08:00:00+05:45,11.395,11.3874,2.7292,0.0
DHARAN-001,2026-01-22 09:00:00+05:45,11.8387,11.8169,2.8212,0.0
DHARAN-001,2026-01-22 10:00:00+05:45,6.6357,6.6098,1.5809,0.0
DHARAN-001,2026-01-22 11:00:00+05:45,6.33,6.3214,1.5241,0.0
DHARAN-001,2026-01-22 12:00:00+05:45,6.8141,6.8117,1.6186,0.0
DHARAN-001,2026-01-22 13:00:00+05:45,6.1322,6.1201,1.4656,0.0
DHARAN-001,2026-01-22 14:00:00+05:45,5.8019,5.7927,1.3874,0.0
DHARAN-001,2026-01-22 15:00:00+05:45,6.9417,6.9279,1.6451,0.0
DHARAN-001,2026-01-22 16:00:00+05:45,6.3285,6.32,1.5055,0.0
DHARAN-001,2026-01-22 17:00:00+05:45,5.9049,5.895,1.4149,0.0
DHARAN-001,2026-01-22 18:00:00+05:45,12.1351,12.1142,2.8878,0.0
DHARAN-001,2026-01-22 19:00:00+05:45,11.9161,11.9028,2.8369,0.0
DHARAN-001,2026-01-22 20:00:00+05:45,12.8866,12.8832,3.0684,0.0
DHARAN-001,2026-01-22 21:00:00+05:45,12.0799,12.0567,2.8759,0.0
DHARAN-001,2026-01-22 22:00:00+05:45,11.6129,11.5883,2.7617,0.0
DHARAN-001,2026-01-22 23:00:00+05:45,6.4654,6.456,1.5341,0.0
DHARAN-001,2026-01-23 00:00:00+05:45,6.3955,6.3917,1.5382,0.0
DHARAN-001,2026-01-23 01:00:00+05:45,6.9563,6.9449,1.6656,0.0
DHARAN-001,2026-01-23 02:00:00+05:45,5.7653,5.7517,1.3861,0.0
DHARAN-001,2026-01-23 03:00:00+05:45,6.1679,6.1493,1.465,0.0
DHARAN-001,2026-01-23 04:00:00+05:45,6.6918,6.6641,1.591,0.0
DHARAN-001,2026-01-23 05:00:00+05:45,5.9802,5.9562,1.4244,0.0
DHARAN-001,2026-01-23 06:00:00+05:45,11.6653,11.6528,2.791,0.0
DHARAN-001,2026-01-23 07:00:00+05:45,11.7897,11.7731,2.8022,0.0
DHARAN-001,2026-01-23 08:00:00+05:45,10.9598,10.9425,2.6131,0.0
DHARAN-001,2026-01-23 09:00:00+05:45,10.956,10.9403,2.609,0.0
DHARAN-001,2026-01-23 10:00:00+05:45,6.2,6.1617,1.4711,0.0
DHARAN-001,2026-01-23 11:00:00+05:45,5.6379,5.6289,1.3393,0.0
DHARAN-001,2026-01-23 12:00:00+05:45,6.8134,6.7923,1.6218,0.0
DHARAN-001,2026-01-23 13:00:00+05:45,7.1207,7.0966,1.6936,0.0
DHARAN-001,2026-01-23 14:00:00+05:45,5.4026,5.3846,1.2712,0.0
DHARAN-001,2026-01-23 15:00:00+05:45,7.0149,7.0066,1.6818,0.0
DHARAN-001,2026-01-23 16:00:00+05:45,6.5934,6.5761,1.57,0.0
DHARAN-001,2026-01-23 17:00:00+05:45,6.9965,6.9737,1.6826,0.0
DHARAN-001,2026-01-23 18:00:00+05:45,12.711,12.7078,3.0284,0.0
DHARAN-001,2026-01-23 19:00:00+05:45,12.8719,12.8518,3.0877,0.0
DHARAN-001,2026-01-23 20:00:00+05:45,11.9651,11.951,2.8483,0.0
DHARAN-001,2026-01-23 21:00:00+05:45,13.2973,13.2878,3.1677,0.0
DHARAN-001,2026-01-23 22:00:00+05:45,12.5106,12.4913,2.9666,0.0
DHARAN-001,2026-01-23 23:00:00+05:45,6.3167,6.3142,1.5062,0.0
DHARAN-001,2026-01-24 00:00:00+05:45,6.6459,6.6249,1.5991,0.0
DHARAN-001,2026-01-24 01:00:00+05:45,6.6808,6.6746,1.5679,0.0
DHARAN-001,2026-01-24 02:00:00+05:45,6.5407,6.5162,1.5402,0.0
DHARAN-001,2026-01-24 03:00:00+05:45,6.1786,6.1636,1.469,0.0
DHARAN-001,2026-01-24 04:00:00+05:45,6.6347,6.6204,1.5863,0.0
DHARAN-001,2026-01-24 05:00:00+05:45,5.7205,5.7019,1.3607,0.0
DHARAN-001,2026-01-24 06:00:00+05:45,10.9056,10.8827,2.612,0.0
DHARAN-001,2026-01-24 07:00:00+05:45,11.2395,11.2268,2.683,0.0
DHARAN-001,2026-01-24 08:00:00+05:45,10.2875,10.2768,2.4592,0.0
DHARAN-001,2026-01-24 09:00:00+05:45,11.6784,11.6583,2.7867,0.0
DHARAN-001,2026-01-24 10:00:00+05:45,6.2591,6.2452,1.4879,0.0
DHARAN-001,2026-01-24 11:00:00+05:45,6.9391,6.9367,1.6573,0.0
DHARAN-001,2026-01-24 12:00:00+05:45,5.8027,5.7977,1.3867,0.0
DHARAN-001,2026-01-24 13:00:00+05:45,6.7086,6.6746,1.6017,0.0
DHARAN-001,2026-01-24 14:00:00+05:45,5.6528,5.6469,1.344,0.0
DHARAN-001,2026-01-24 15:00:00+05:45,6.2775,6.2739,1.4933,0.0
DHARAN-001,2026-01-24 16:00:00+05:45,6.716,6.7046,1.5809,0.0
DHARAN-001,2026-01-24 17:00:00+05:45,6.6924,6.6788,1.5837,0.0
DHARAN-001,2026-01-24 18:00:00+05:45,12.3311,12.311,2.9577,0.0
DHARAN-001,2026-01-24 19:00:00+05:45,12.6174,12.6014,3.0138,0.0
DHARAN-001,2026-01-24 20:00:00+05:45,12.3997,12.3798,2.9573,0.0
DHARAN-001,2026-01-24 21:00:00+05:45,12.0823,12.0785,2.8668,0.0
DHARAN-001,2026-01-24 22:00:00+05:45,12.4579,12.4339,2.9479,0.0
DHARAN-001,2026-01-24 23:00:00+05:45,6.5321,6.5213,1.5642,0.0
DHARAN-001,2026-01-25 00:00:00+05:45,6.5589,6.5447,1.5613,0.0
DHARAN-001,2026-01-25 01:00:00+05:45,6.4964,6.4929,1.5488,0.0
DHARAN-001,2026-01-25 02:00:00+05:45,6.2968,6.2927,1.4905,0.0
DHARAN-001,2026-01-25 03:00:00+05:45,6.3922,6.3763,1.5298,0.0
DHARAN-001,2026-01-25 04:00:00+05:45,6.3837,6.3647,1.5059,0.0
DHARAN-001,2026-01-25 05:00:00+05:45,5.8862,5.8774,1.3951,0.0
DHARAN-001,2026-01-25 06:00:00+05:45,10.8066,10.7955,2.57,0.0
DHARAN-001,2026-01-25 07:00:00+05:45,11.5039,11.4938,2.7464,0.0
DHARAN-001,2026-01-25 08:00:00+05:45,10.7314,10.7076,2.5605,0.0
DHARAN-001,2026-01-25 09:00:00+05:45,11.4702,11.437,2.7147,0.0
DHARAN-001,2026-01-25 10:00:00+05:45,6.0038,5.9982,1.4288,0.0
DHARAN-001,2026-01-25 11:00:00+05:45,6.1034,6.0968,1.4592,0.0
DHARAN-001,2026-01-25 12:00:00+05:45,5.9846,5.9793,1.4263,0.0
DHARAN-001,2026-01-25 13:00:00+05:45,6.9082,6.8707,1.6536,0.0
DHARAN-001,2026-01-25 14:00:00+05:45,6.2959,6.2912,1.4983,0.0
DHARAN-001,2026-01-25 15:00:00+05:45,7.4252,7.4078,1.7572,0.0
DHARAN-001,2026-01-25 16:00:00+05:45,5.8501,5.8441,1.3909,0.0
DHARAN-001,2026-01-25 17:00:00+05:45,7.2899,7.2741,1.728,0.0
DHARAN-001,2026-01-25 18:00:00+05:45,11.4477,11.4272,2.735,0.0
DHARAN-001,2026-01-25 19:00:00+05:45,13.3706,13.3684,3.1729,0.0
DHARAN-001,2026-01-25 20:00:00+05:45,12.9076,12.9058,3.0636,0.0
DHARAN-001,2026-01-25 21:00:00+05:45,12.7219,12.7094,3.0264,0.0
DHARAN-001,2026-01-25 22:00:00+05:45,11.7685,11.7561,2.8051,0.0
DHARAN-001,2026-01-25 23:00:00+05:45,6.4233,6.4119,1.5347,0.0
DHARAN-001,2026-01-26 00:00:00+05:45,6.5182,6.5056,1.5477,0.0
DHARAN-001,2026-01-26 01:00:00+05:45,6.3177,6.3174,1.5033,0.0
DHARAN-001,2026-01-26 02:00:00+05:45,6.7609,6.7456,1.6097,0.0
DHARAN-001,2026-01-26 03:00:00+05:45,6.9266,6.9258,1.6678,0.0
DHARAN-001,2026-01-26 04:00:00+05:45,6.6582,6.6419,1.5854,0.0
DHARAN-001,2026-01-26 05:00:00+05:45,6.3142,6.2917,1.497,0.0
DHARAN-001,2026-01-26 06:00:00+05:45,11.3183,11.3165,2.6973,0.0
DHARAN-001,2026-01-26 07:00:00+05:45,11.5214,11.5013,2.7316,0.0
DHARAN-001,2026-01-26 08:00:00+05:45,10.6685,10.6466,2.5337,0.0
DHARAN-001,2026-01-26 09:00:00+05:45,11.8354,11.8223,2.8263,0.0
DHARAN-001,2026-01-26 10:00:00+05:45,6.8994,6.8934,1.6422,0.0
DHARAN-001,2026-01-26 11:00:00+05:45,6.7526,6.7369,1.6023,0.0
DHARAN-001,2026-01-26 12:00:00+05:45,6.6208,6.594,1.5789,0.0
DHARAN-001,2026-01-26 13:00:00+05:45,6.0431,6.028,1.4444,0.0
DHARAN-001,2026-01-26 14:00:00+05:45,6.9036,6.8991,1.658,0.0
DHARAN-001,2026-01-26 15:00:00+05:45,5.4948,5.4887,1.308,0.0
DHARAN-001,2026-01-26 16:00:00+05:45,6.3531,6.3433,1.5064,0.0
DHARAN-001,2026-01-26 17:00:00+05:45,6.6251,6.6047,1.5803,0.0
DHARAN-001,2026-01-26 18:00:00+05:45,12.9268,12.9131,3.0844,0.0
DHARAN-001,2026-01-26 19:00:00+05:45,13.2568,13.2529,3.1526,0.0
DHARAN-001,2026-01-26 20:00:00+05:45,13.002,12.9757,3.106,0.0
DHARAN-001,2026-01-26 21:00:00+05:45,13.2427,13.2265,3.1503,0.0
DHARAN-001,2026-01-26 22:00:00+05:45,12.6368,12.6247,3.0023,0.0
DHARAN-001,2026-01-26 23:00:00+05:45,6.6741,6.6636,1.5808,0.0
DHARAN-001,2026-01-27 00:00:00+05:45,6.1622,6.1557,1.4786,0.0
DHARAN-001,2026-01-27 01:00:00+05:45,5.6282,5.5987,1.3331,0.0
DHARAN-001,2026-01-27 02:00:00+05:45,7.1738,7.153,1.7235,0.0
DHARAN-001,2026-01-27 03:00:00+05:45,7.219,7.2032,1.7232,0.0
DHARAN-001,2026-01-27 04:00:00+05:45,5.5192,5.5127,1.3116,0.0
DHARAN-001,2026-01-27 05:00:00+05:45,6.5587,6.5393,1.5765,0.0
DHARAN-001,2026-01-27 06:00:00+05:45,11.5699,11.564,2.7622,0.0
DHARAN-001,2026-01-27 07:00:00+05:45,9.9876,9.9772,2.3805,0.0
DHARAN-001,2026-01-27 08:00:00+05:45,10.3213,10.3099,2.4531,0.0
DHARAN-001,2026-01-27 09:00:00+05:45,10.5205,10.4969,2.5102,0.0
DHARAN-001,2026-01-27 10:00:00+05:45,6.8192,6.7992,1.6249,0.0
DHARAN-001,2026-01-27 11:00:00+05:45,5.9367,5.9205,1.4132,0.0
DHARAN-001,2026-01-27 12:00:00+05:45,6.3011,6.2924,1.4961,0.0
DHARAN-001,2026-01-27 13:00:00+05:45,6.7995,6.7912,1.6137,0.0
DHARAN-001,2026-01-27 14:00:00+05:45,6.9985,6.9884,1.6953,0.0
DHARAN-001,2026-01-27 15:00:00+05:45,7.0246,7.0213,1.6755,0.0
DHARAN-001,2026-01-27 16:00:00+05:45,6.0103,6.01,1.4213,0.0
DHARAN-001,2026-01-27 17:00:00+05:45,7.0873,7.0818,1.688,0.0
DHARAN-001,2026-01-27 18:00:00+05:45,12.3804,12.3585,2.9574,0.0
DHARAN-001,2026-01-27 19:00:00+05:45,13.0154,13.0036,3.1153,0.0
DHARAN-001,2026-01-27 20:00:00+05:45,12.3317,12.3275,2.9238,0.0
DHARAN-001,2026-01-27 21:00:00+05:45,13.5222,13.5165,3.2199,0.0
DHARAN-001,2026-01-27 22:00:00+05:45,12.3416,12.3368,2.9461,0.0
DHARAN-001,2026-01-27 23:00:00+05:45,6.5192,6.5167,1.5639,0.0
DHARAN-001,2026-01-28 00:00:00+05:45,6.257,6.248,1.5069,0.0
DHARAN-001,2026-01-28 01:00:00+05:45,6.0275,5.9965,1.4434,0.0
DHARAN-001,2026-01-28 02:00:00+05:45,6.5587,6.558,1.5593,0.0
DHARAN-001,2026-01-28 03:00:00+05:45,6.1995,6.1927,1.474,0.0
DHARAN-001,2026-01-28 04:00:00+05:45,6.9301,6.9173,1.6615,0.0
DHARAN-001,2026-01-28 05:00:00+05:45,6.2317,6.2218,1.4822,0.0
DHARAN-001,2026-01-28 06:00:00+05:45,10.9389,10.9297,2.6067,0.0
DHARAN-001,2026-01-28 07:00:00+05:45,11.3389,11.3246,2.6975,0.0
DHARAN-001,2026-01-28 08:00:00+05:45,10.8998,10.8866,2.5876,0.0
DHARAN-001,2026-01-28 09:00:00+05:45,10.9345,10.9059,2.6024,0.0
DHARAN-001,2026-01-28 10:00:00+05:45,5.8758,5.8756,1.3917,0.0
DHARAN-001,2026-01-28 11:00:00+05:45,6.693,6.6741,1.5786,0.0
DHARAN-001,2026-01-28 12:00:00+05:45,6.5841,6.5688,1.573,0.0
DHARAN-001,2026-01-28 13:00:00+05:45,6.362,6.3493,1.5223,0.0
DHARAN-001,2026-01-28 14:00:00+05:45,6.5898,6.5812,1.5763,0.0
DHARAN-001,2026-01-28 15:00:00+05:45,5.8506,5.8312,1.3893,0.0
DHARAN-001,2026-01-28 16:00:00+05:45,6.6759,6.6602,1.5803,0.0
DHARAN-001,2026-01-28 17:00:00+05:45,6.7302,6.716,1.5995,0.0
DHARAN-001,2026-01-28 18:00:00+05:45,12.536,12.5246,2.9637,0.0
DHARAN-001,2026-01-28 19:00:00+05:45,12.3967,12.3797,2.9475,0.0
DHARAN-001,2026-01-28 20:00:00+05:45,12.0519,12.0376,2.8588,0.0
DHARAN-001,2026-01-28 21:00:00+05:45,12.2026,12.1826,2.8941,0.0
DHARAN-001,2026-01-28 22:00:00+05:45,12.1487,12.1285,2.8756,0.0
DHARAN-001,2026-01-28 23:00:00+05:45,6.579,6.5627,1.5513,0.0
DHARAN-001,2026-01-29 00:00:00+05:45,6.4799,6.4603,1.5491,0.0
DHARAN-001,2026-01-29 01:00:00+05:45,6.7613,6.7526,1.6097,0.0
DHARAN-001,2026-01-29 02:00:00+05:45,6.5832,6.5789,1.5681,0.0
DHARAN-001,2026-01-29 03:00:00+05:45,5.8013,5.7955,1.3759,0.0
DHARAN-001,2026-01-29 04:00:00+05:45,6.6049,6.5794,1.5771,0.0
DHARAN-001,2026-01-29 05:00:00+05:45,6.2982,6.2863,1.4933,0.0
DHARAN-001,2026-01-29 06:00:00+05:45,11.1717,11.1604,2.6529,0.0
DHARAN-001,2026-01-29 07:00:00+05:45,11.5474,11.53,2.7588,0.0
DHARAN-001,2026-01-29 08:00:00+05:45,11.5763,11.5459,2.75,0.0
DHARAN-001,2026-01-29 09:00:00+05:45,10.6449,10.6379,2.5476,0.0
DHARAN-001,2026-01-29 10:00:00+05:45,6.8733,6.8575,1.6318,0.0
DHARAN-001,2026-01-29 11:00:00+05:45,5.9852,5.98,1.4177,0.0
DHARAN-001,2026-01-29 12:00:00+05:45,7.2189,7.201,1.6916,0.0
DHARAN-001,2026-01-29 13:00:00+05:45,6.7947,6.7942,1.6225,0.0
DHARAN-001,2026-01-29 14:00:00+05:45,6.173,6.1696,1.4802,0.0
DHARAN-001,2026-01-29 15:00:00+05:45,7.3995,7.3814,1.7592,0.0
DHARAN-001,2026-01-29 16:00:00+05:45,6.3578,6.3351,1.5154,0.0
DHARAN-001,2026-01-29 17:00:00+05:45,6.5254,6.512,1.5486,0.0
DHARAN-001,2026-01-29 18:00:00+05:45,12.4863,12.4854,2.9863,0.0
DHARAN-001,2026-01-29 19:00:00+05:45,12.5854,12.5807,2.996,0.0
DHARAN-001,2026-01-29 20:00:00+05:45,12.6997,12.6975,3.0232,0.0
DHARAN-001,2026-01-29 21:00:00+05:45,12.27,12.2519,2.9176,0.0
DHARAN-001,2026-01-29 22:00:00+05:45,12.1399,12.1167,2.8889,0.0
DHARAN-001,2026-01-29 23:00:00+05:45,6.9083,6.8971,1.6457,0.0
DHARAN-001,2026-01-30 00:00:00+05:45,6.222,6.2055,1.477,0.0
DHARAN-001,2026-01-30 01:00:00+05:45,6.843,6.8214,1.628,0.0
DHARAN-001,2026-01-30 02:00:00+05:45,6.5996,6.5776,1.5639,0.0
DHARAN-001,2026-01-30 03:00:00+05:45,6.0427,6.0153,1.456,0.0
DHARAN-001,2026-01-30 04:00:00+05:45,6.5813,6.572,1.5833,0.0
DHARAN-001,2026-01-30 05:00:00+05:45,6.8983,6.8874,1.6451,0.0
DHARAN-001,2026-01-30 06:00:00+05:45,11.749,11.7404,2.8074,0.0
DHARAN-001,2026-01-30 07:00:00+05:45,11.207,11.188,2.6646,0.0
DHARAN-001,2026-01-30 08:00:00+05:45,11.5521,11.5331,2.7486,0.0
DHARAN-001,2026-01-30 09:00:00+05:45,10.9567,10.9409,2.6081,0.0
DHARAN-001,2026-01-30 10:00:00+05:45,6.6598,6.6404,1.5783,0.0
DHARAN-001,2026-01-30 11:00:00+05:45,6.5104,6.4949,1.5578,0.0
DHARAN-001,2026-01-30 12:00:00+05:45,6.5141,6.4815,1.5491,0.0
DHARAN-001,2026-01-30 13:00:00+05:45,6.2734,6.2499,1.4896,0.0
DHARAN-001,2026-01-30 14:00:00+05:45,6.6634,6.6514,1.5643,0.0
DHARAN-001,2026-01-30 15:00:00+05:45,6.6519,6.6397,1.5914,0.0
DHARAN-001,2026-01-30 16:00:00+05:45,6.6798,6.6623,1.5824,0.0
DHARAN-001,2026-01-30 17:00:00+05:45,7.1513,7.139,1.7036,0.0
DHARAN-001,2026-01-30 18:00:00+05:45,14.0936,14.0843,3.3519,0.0
DHARAN-001,2026-01-30 19:00:00+05:45,12.3274,12.3049,2.9441,0.0
DHARAN-001,2026-01-30 20:00:00+05:45,12.5364,12.5219,2.9836,0.0
DHARAN-001,2026-01-30 21:00:00+05:45,13.0498,13.0434,3.1152,0.0
DHARAN-001,2026-01-30 22:00:00+05:45,12.8521,12.8344,3.0543,0.0
DHARAN-001,2026-01-30 23:00:00+05:45,6.1396,6.1306,1.4554,0.0
DHARAN-001,2026-01-31 00:00:00+05:45,6.2199,6.1945,1.4899,0.0
DHARAN-001,2026-01-31 01:00:00+05:45,6.8639,6.839,1.6285,0.0
DHARAN-001,2026-01-31 02:00:00+05:45,7.8697,7.8606,1.89,0.0
DHARAN-001,2026-01-31 03:00:00+05:45,6.1759,6.1695,1.4786,0.0
DHARAN-001,2026-01-31 04:00:00+05:45,6.3208,6.3031,1.5165,0.0
DHARAN-001,2026-01-31 05:00:00+05:45,6.5658,6.5467,1.5587,0.0
DHARAN-001,2026-01-31 06:00:00+05:45,11.3738,11.3419,2.7116,0.0
DHARAN-001,2026-01-31 07:00:00+05:45,11.1285,11.1215,2.6674,0.0
DHARAN-001,2026-01-31 08:00:00+05:45,10.2083,10.1943,2.4304,0.0
DHARAN-001,2026-01-31 09:00:00+05:45,10.9292,10.9098,2.583,0.0
DHARAN-001,2026-01-31 10:00:00+05:45,6.8492,6.8422,1.6396,0.0
DHARAN-001,2026-01-31 11:00:00+05:45,6.546,6.5458,1.5569,0.0
DHARAN-001,2026-01-31 12:00:00+05:45,6.4302,6.4169,1.5309,0.0
DHARAN-001,2026-01-31 13:00:00+05:45,6.089,6.0754,1.4549,0.0
DHARAN-001,2026-01-31 14:00:00+05:45,6.5905,6.5668,1.5634,0.0
DHARAN-001,2026-01-31 15:00:00+05:45,6.3539,6.3354,1.5172,0.0
DHARAN-001,2026-01-31 16:00:00+05:45,6.811,6.7897,1.6258,0.0
DHARAN-001,2026-01-31 17:00:00+05:45,7.0659,7.0367,1.6701,0.0
DHARAN-001,2026-01-31 18:00:00+05:45,12.2789,12.2638,2.9234,0.0
DHARAN-001,2026-01-31 19:00:00+05:45,12.6396,12.6365,3.0156,0.0
DHARAN-001,2026-01-31 20:00:00+05:45,12.731,12.7153,3.0385,0.0
DHARAN-001,2026-01-31 21:00:00+05:45,12.2708,12.2539,2.9321,0.0
DHARAN-001,2026-01-31 22:00:00+05:45,12.8142,12.7817,3.0455,0.0
DHARAN-001,2026-01-31 23:00:00+05:45,6.6797,6.6733,1.5858,0.0
DHARAN-001,2026-02-01 00:00:00+05:45,5.9352,5.9276,1.3981,0.0
DHARAN-001,2026-02-01 01:00:00+05:45,5.9928,5.9785,1.4272,0.0
DHARAN-001,2026-02-01 02:00:00+05:45,6.0534,6.0286,1.4442,0.0
DHARAN-001,2026-02-01 03:00:00+05:45,6.0585,6.036,1.4558,0.0
DHARAN-001,2026-02-01 04:00:00+05:45,6.7438,6.7415,1.6116,0.0
DHARAN-001,2026-02-01 05:00:00+05:45,6.143,6.1187,1.4631,0.0
DHARAN-001,2026-02-01 06:00:00+05:45,10.559,10.5386,2.5149,0.0
DHARAN-001,2026-02-01 07:00:00+05:45,9.926,9.9205,2.3535,0.0
DHARAN-001,2026-02-01 08:00:00+05:45,11.262,11.2384,2.6791,0.0
DHARAN-001,2026-02-01 09:00:00+05:45,11.2674,11.2587,2.7054,0.0
DHARAN-001,2026-02-01 10:00:00+05:45,6.5824,6.5635,1.5691,0.0
DHARAN-001,2026-02-01 11:00:00+05:45,6.9427,6.9294,1.6472,0.0
DHARAN-001,2026-02-01 12:00:00+05:45,5.5717,5.5534,1.3309,0.0
DHARAN-001,2026-02-01 13:00:00+05:45,5.9962,5.9739,1.4216,0.0
DHARAN-001,2026-02-01 14:00:00+05:45,6.4619,6.4571,1.5677,0.0
DHARAN-001,2026-02-01 15:00:00+05:45,7.4493,7.4484,1.7788,0.0
DHARAN-001,2026-02-01 16:00:00+05:45,7.1436,7.1198,1.7007,0.0
DHARAN-001,2026-02-01 17:00:00+05:45,6.6784,6.6605,1.5857,0.0
DHARAN-001,2026-02-01 18:00:00+05:45,13.1576,13.1348,3.1111,0.0
DHARAN-001,2026-02-01 19:00:00+05:45,11.9364,11.9122,2.8377,0.0
DHARAN-001,2026-02-01 20:00:00+05:45,13.3041,13.2798,3.1717,0.0
DHARAN-001,2026-02-01 21:00:00+05:45,13.2855,13.2765,3.1387,0.0
DHARAN-001,2026-02-01 22:00:00+05:45,12.447,12.4359,2.9665,0.0
DHARAN-001,2026-02-01 23:00:00+05:45,5.9614,5.9499,1.4457,0.0
DHARAN-001,2026-02-02 00:00:00+05:45,6.6869,6.6564,1.5968,0.0
DHARAN-001,2026-02-02 01:00:00+05:45,6.5789,6.5618,1.5541,0.0
DHARAN-001,2026-02-02 02:00:00+05:45,6.9482,6.9222,1.6517,0.0
DHARAN-001,2026-02-02 03:00:00+05:45,6.5685,6.5506,1.5592,0.0
DHARAN-001,2026-02-02 04:00:00+05:45,6.3914,6.3585,1.5179,0.0
DHARAN-001,2026-02-02 05:00:00+05:45,6.401,6.3759,1.5201,0.0
DHARAN-001,2026-02-02 06:00:00+05:45,11.66,11.6559,2.7761,0.0
DHARAN-001,2026-02-02 07:00:00+05:45,11.2565,11.2297,2.7013,0.0
DHARAN-001,2026-02-02 08:00:00+05:45,11.2103,11.2025,2.6596,0.0
DHARAN-001,2026-02-02 09:00:00+05:45,10.3128,10.2981,2.4529,0.0
DHARAN-001,2026-02-02 10:00:00+05:45,6.2761,6.239,1.4935,0.0
DHARAN-001,2026-02-02 11:00:00+05:45,6.9831,6.9613,1.6526,0.0
DHARAN-001,2026-02-02 12:00:00+05:45,7.2585,7.2571,1.73,0.0
DHARAN-001,2026-02-02 13:00:00+05:45,6.4579,6.4507,1.5299,0.0
DHARAN-001,2026-02-02 14:00:00+05:45,6.4039,6.3769,1.5313,0.0
DHARAN-001,2026-02-02 15:00:00+05:45,6.9243,6.9043,1.6424,0.0
DHARAN-001,2026-02-02 16:00:00+05:45,6.5096,6.5041,1.548,0.0
DHARAN-001,2026-02-02 17:00:00+05:45,5.4245,5.4069,1.2901,0.0
DHARAN-001,2026-02-02 18:00:00+05:45,13.3873,13.3597,3.1725,0.0
DHARAN-001,2026-02-02 19:00:00+05:45,12.1979,12.179,2.9076,0.0
DHARAN-001,2026-02-02 20:00:00+05:45,14.0503,14.0263,3.3312,0.0
DHARAN-001,2026-02-02 21:00:00+05:45,12.4842,12.4629,2.9808,0.0
DHARAN-001,2026-02-02 22:00:00+05:45,12.1507,12.1366,2.8953,0.0
DHARAN-001,2026-02-02 23:00:00+05:45,7.3091,7.3046,1.7436,0.0
DHARAN-001,2026-02-03 00:00:00+05:45,6.7468,6.7314,1.613,0.0
DHARAN-001,2026-02-03 01:00:00+05:45,6.4659,6.4445,1.5421,0.0
DHARAN-001,2026-02-03 02:00:00+05:45,5.7273,5.7068,1.3686,0.0
DHARAN-001,2026-02-03 03:00:00+05:45,6.1466,6.1263,1.4788,0.0
DHARAN-001,2026-02-03 04:00:00+05:45,7.0847,7.0841,1.6873,0.0
DHARAN-001,2026-02-03 05:00:00+05:45,6.8099,6.7924,1.6372,0.0
DHARAN-001,2026-02-03 06:00:00+05:45,10.5912,10.5797,2.5328,0.0
DHARAN-001,2026-02-03 07:00:00+05:45,10.9667,10.947,2.6173,0.0
DHARAN-001,2026-02-03 08:00:00+05:45,10.8992,10.882,2.5857,0.0
DHARAN-001,2026-02-03 09:00:00+05:45,10.6986,10.6968,2.5555,0.0
DHARAN-001,2026-02-03 10:00:00+05:45,6.6528,6.6489,1.5874,0.0
DHARAN-001,2026-02-03 11:00:00+05:45,6.2145,6.1869,1.4882,0.0
DHARAN-001,2026-02-03 12:00:00+05:45,5.6046,5.5808,1.3482,0.0
DHARAN-001,2026-02-03 13:00:00+05:45,7.1745,7.1646,1.7153,0.0
DHARAN-001,2026-02-03 14:00:00+05:45,6.738,6.7379,1.6264,0.0
DHARAN-001,2026-02-03 15:00:00+05:45,6.441,6.4295,1.5188,0.0
DHARAN-001,2026-02-03 16:00:00+05:45,6.6167,6.5849,1.5646,0.0
DHARAN-001,2026-02-03 17:00:00+05:45,6.2291,6.1995,1.4833,0.0
DHARAN-001,2026-02-03 18:00:00+05:45,11.9889,11.982,2.8447,0.0
DHARAN-001,2026-02-03 19:00:00+05:45,12.7569,12.7496,3.0397,0.0
DHARAN-001,2026-02-03 20:00:00+05:45,12.2305,12.2076,2.9094,0.0
DHARAN-001,2026-02-03 21:00:00+05:45,12.6524,12.6328,3.0118,0.0
DHARAN-001,2026-02-03 22:00:00+05:45,12.2549,12.2333,2.9108,0.0
DHARAN-001,2026-02-03 23:00:00+05:45,7.8177,7.8063,1.8649,0.0
DHARAN-001,2026-02-04 00:00:00+05:45,6.9408,6.9301,1.6448,0.0
DHARAN-001,2026-02-04 01:00:00+05:45,6.339,6.3306,1.5041,0.0
DHARAN-001,2026-02-04 02:00:00+05:45,6.3172,6.2942,1.5032,0.0
DHARAN-001,2026-02-04 03:00:00+05:45,6.1421,6.1418,1.4799,0.0
DHARAN-001,2026-02-04 04:00:00+05:45,5.8332,5.8195,1.4014,0.0
DHARAN-001,2026-02-04 05:00:00+05:45,5.8932,5.8844,1.4098,0.0
DHARAN-001,2026-02-04 06:00:00+05:45,10.9157,10.8954,2.5864,0.0
DHARAN-001,2026-02-04 07:00:00+05:45,11.0745,11.063,2.6412,0.0
DHARAN-001,2026-02-04 08:00:00+05:45,11.2734,11.2657,2.6786,0.0
DHARAN-001,2026-02-04 09:00:00+05:45,11.022,11.0053,2.6436,0.0
DHARAN-001,2026-02-04 10:00:00+05:45,6.8934,6.8639,1.644,0.0
DHARAN-001,2026-02-04 11:00:00+05:45,6.0851,6.0703,1.4468,0.0
DHARAN-001,2026-02-04 12:00:00+05:45,6.4654,6.4495,1.5405,0.0
DHARAN-001,2026-02-04 13:00:00+05:45,7.003,6.988,1.6543,0.0
DHARAN-001,2026-02-04 14:00:00+05:45,6.9033,6.8822,1.6503,0.0
DHARAN-001,2026-02-04 15:00:00+05:45,6.1801,6.1474,1.4611,0.0
DHARAN-001,2026-02-04 16:00:00+05:45,6.3713,6.3607,1.5378,0.0
DHARAN-001,2026-02-04 17:00:00+05:45,7.1635,7.1465,1.7003,0.0
DHARAN-001,2026-02-04 18:00:00+05:45,13.2427,13.218,3.1484,0.0
DHARAN-001,2026-02-04 19:00:00+05:45,13.2392,13.2214,3.1377,0.0
DHARAN-001,2026-02-04 20:00:00+05:45,13.1589,13.1488,3.136,0.0
DHARAN-001,2026-02-04 21:00:00+05:45,13.5838,13.5624,3.2322,0.0
DHARAN-001,2026-02-04 22:00:00+05:45,12.7539,12.7388,3.0422,0.0
DHARAN-001,2026-02-04 23:00:00+05:45,7.2665,7.2651,1.7248,0.0
DHARAN-001,2026-02-05 00:00:00+05:45,6.4833,6.47,1.5267,0.0
DHARAN-001,2026-02-05 01:00:00+05:45,5.6888,5.6683,1.3364,0.0
DHARAN-001,2026-02-05 02:00:00+05:45,6.4704,6.4467,1.5441,0.0
DHARAN-001,2026-02-05 03:00:00+05:45,6.2933,6.2739,1.4875,0.0
DHARAN-001,2026-02-05 04:00:00+05:45,6.6496,6.636,1.5819,0.0
DHARAN-001,2026-02-05 05:00:00+05:45,7.0129,7.0109,1.678,0.0
DHARAN-001,2026-02-05 06:00:00+05:45,11.4198,11.4009,2.713,0.0
DHARAN-001,2026-02-05 07:00:00+05:45,11.2775,11.2562,2.6882,0.0
DHARAN-001,2026-02-05 08:00:00+05:45,11.0424,11.0299,2.6338,0.0
DHARAN-001,2026-02-05 09:00:00+05:45,12.0339,12.0149,2.8817,0.0
DHARAN-001,2026-02-05 10:00:00+05:45,5.6699,5.6584,1.351,0.0
DHARAN-001,2026-02-05 11:00:00+05:45,5.4852,5.4732,1.3023,0.0
DHARAN-001,2026-02-05 12:00:00+05:45,5.4961,5.4696,1.3006,0.0
DHARAN-001,2026-02-05 13:00:00+05:45,7.2859,7.2705,1.7313,0.0
DHARAN-001,2026-02-05 14:00:00+05:45,7.2572,7.2331,1.7119,0.0
DHARAN-001,2026-02-05 15:00:00+05:45,6.054,6.0355,1.4395,0.0
DHARAN-001,2026-02-05 16:00:00+05:45,5.6272,5.594,1.3353,0.0
DHARAN-001,2026-02-05 17:00:00+05:45,6.902,6.8855,1.6293,0.0
DHARAN-001,2026-02-05 18:00:00+05:45,12.6933,12.6849,3.0186,0.0
DHARAN-001,2026-02-05 19:00:00+05:45,12.2799,12.2539,2.9117,0.0
DHARAN-001,2026-02-05 20:00:00+05:45,12.2542,12.2399,2.9084,0.0
DHARAN-001,2026-02-05 21:00:00+05:45,12.9046,12.8817,3.0682,0.0
DHARAN-001,2026-02-05 22:00:00+05:45,12.8131,12.7956,3.0373,0.0
DHARAN-001,2026-02-05 23:00:00+05:45,6.8018,6.7695,1.6274,0.0
DHARAN-001,2026-02-06 00:00:00+05:45,6.7858,6.7837,1.6089,0.0
DHARAN-001,2026-02-06 01:00:00+05:45,6.1554,6.1381,1.4538,0.0
DHARAN-001,2026-02-06 02:00:00+05:45,5.5975,5.5868,1.3228,0.0
DHARAN-001,2026-02-06 03:00:00+05:45,7.2283,7.2117,1.7219,0.0
DHARAN-001,2026-02-06 04:00:00+05:45,7.0788,7.0717,1.694,0.0
DHARAN-001,2026-02-06 05:00:00+05:45,6.4546,6.4502,1.5289,0.0
DHARAN-001,2026-02-06 06:00:00+05:45,10.2771,10.2669,2.4391,0.0
DHARAN-001,2026-02-06 07:00:00+05:45,10.8129,10.8033,2.5922,0.0
DHARAN-001,2026-02-06 08:00:00+05:45,11.1183,11.1094,2.6383,0.0
DHARAN-001,2026-02-06 09:00:00+05:45,11.8928,11.8833,2.8381,0.0
DHARAN-001,2026-02-06 10:00:00+05:45,7.3038,7.2932,1.737,0.0
DHARAN-001,2026-02-06 11:00:00+05:45,6.4964,6.4697,1.5339,0.0
DHARAN-001,2026-02-06 12:00:00+05:45,6.1071,6.0914,1.4545,0.0
DHARAN-001,2026-02-06 13:00:00+05:45,6.0212,6.0062,1.4342,0.0
DHARAN-001,2026-02-06 14:00:00+05:45,7.1435,7.1311,1.6893,0.0
DHARAN-001,2026-02-06 15:00:00+05:45,6.4392,6.4289,1.5268,0.0
DHARAN-001,2026-02-06 16:00:00+05:45,6.8137,6.8064,1.6231,0.0
DHARAN-001,2026-02-06 17:00:00+05:45,6.0961,6.0824,1.4377,0.0
DHARAN-001,2026-02-06 18:00:00+05:45,13.5212,13.5038,3.2242,0.0
DHARAN-001,2026-02-06 19:00:00+05:45,13.8786,13.8784,3.3145,0.0
DHARAN-001,2026-02-06 20:00:00+05:45,13.3303,13.3155,3.1818,0.0
DHARAN-001,2026-02-06 21:00:00+05:45,12.4304,12.423,2.9571,0.0
DHARAN-001,2026-02-06 22:00:00+05:45,12.6423,12.6353,3.0058,0.0
DHARAN-001,2026-02-06 23:00:00+05:45,6.1538,6.1502,1.4685,0.0
DHARAN-001,2026-02-07 00:00:00+05:45,6.3123,6.3005,1.5018,0.0
DHARAN-001,2026-02-07 01:00:00+05:45,6.3829,6.3732,1.5199,0.0
DHARAN-001,2026-02-07 02:00:00+05:45,6.9262,6.9149,1.6354,0.0
DHARAN-001,2026-02-07 03:00:00+05:45,6.7555,6.7375,1.6107,0.0
DHARAN-001,2026-02-07 04:00:00+05:45,7.33,7.3292,1.7404,0.0
DHARAN-001,2026-02-07 05:00:00+05:45,6.7986,6.7854,1.607,0.0
DHARAN-001,2026-02-07 06:00:00+05:45,11.559,11.5559,2.7587,0.0
DHARAN-001,2026-02-07 07:00:00+05:45,11.0857,11.0727,2.6562,0.0
DHARAN-001,2026-02-07 08:00:00+05:45,11.657,11.6523,2.7937,0.0
DHARAN-001,2026-02-07 09:00:00+05:45,10.5622,10.5501,2.5154,0.0
DHARAN-001,2026-02-07 10:00:00+05:45,7.2638,7.2449,1.7204,0.0
DHARAN-001,2026-02-07 11:00:00+05:45,6.6096,6.6015,1.57,0.0
DHARAN-001,2026-02-07 12:00:00+05:45,6.9081,6.8864,1.6554,0.0
DHARAN-001,2026-02-07 13:00:00+05:45,7.1268,7.1132,1.6948,0.0
DHARAN-001,2026-02-07 14:00:00+05:45,6.6078,6.5904,1.6005,0.0
DHARAN-001,2026-02-07 15:00:00+05:45,6.4613,6.4407,1.5389,0.0
DHARAN-001,2026-02-07 16:00:00+05:45,6.4372,6.4233,1.5435,0.0
DHARAN-001,2026-02-07 17:00:00+05:45,6.5591,6.5428,1.5606,0.0
DHARAN-001,2026-02-07 18:00:00+05:45,13.1954,13.179,3.1521,0.0
DHARAN-001,2026-02-07 19:00:00+05:45,13.2957,13.2793,3.1822,0.0
DHARAN-001,2026-02-07 20:00:00+05:45,12.4051,12.3974,2.9571,0.0
DHARAN-001,2026-02-07 21:00:00+05:45,12.7032,12.6983,3.007,0.0
DHARAN-001,2026-02-07 22:00:00+05:45,12.0734,12.0446,2.887,0.0
DHARAN-001,2026-02-07 23:00:00+05:45,6.2865,6.2747,1.497,0.0
DHARAN-001,2026-02-08 00:00:00+05:45,6.0351,6.0004,1.4392,0.0
DHARAN-001,2026-02-08 01:00:00+05:45,7.188,7.1678,1.7195,0.0
DHARAN-001,2026-02-08 02:00:00+05:45,6.0304,6.0072,1.4527,0.0
DHARAN-001,2026-02-08 03:00:00+05:45,7.147,7.1358,1.6917,0.0
DHARAN-001,2026-02-08 04:00:00+05:45,6.4664,6.4483,1.5325,0.0
DHARAN-001,2026-02-08 05:00:00+05:45,6.2573,6.2414,1.5053,0.0
DHARAN-001,2026-02-08 06:00:00+05:45,11.5808,11.5607,2.7687,0.0
DHARAN-001,2026-02-08 07:00:00+05:45,11.282,11.26,2.679,0.0
DHARAN-001,2026-02-08 08:00:00+05:45,10.6702,10.6594,2.5559,0.0
DHARAN-001,2026-02-08 09:00:00+05:45,11.5113,11.5018,2.7459,0.0
DHARAN-001,2026-02-08 10:00:00+05:45,5.6726,5.651,1.3339,0.0
DHARAN-001,2026-02-08 11:00:00+05:45,6.9472,6.9276,1.6449,0.0
DHARAN-001,2026-02-08 12:00:00+05:45,6.3908,6.3792,1.5232,0.0
DHARAN-001,2026-02-08 13:00:00+05:45,7.8706,7.8594,1.8687,0.0
DHARAN-001,2026-02-08 14:00:00+05:45,6.7147,6.6876,1.6084,0.0
DHARAN-001,2026-02-08 15:00:00+05:45,6.2074,6.1838,1.4732,0.0
DHARAN-001,2026-02-08 16:00:00+05:45,6.7182,6.7031,1.5987,0.0
DHARAN-001,2026-02-08 17:00:00+05:45,6.469,6.4576,1.5457,0.0
DHARAN-001,2026-02-08 18:00:00+05:45,13.4563,13.4476,3.2049,0.0
DHARAN-001,2026-02-08 19:00:00+05:45,12.4988,12.4784,2.9654,0.0
DHARAN-001,2026-02-08 20:00:00+05:45,12.9871,12.9675,3.0946,0.0
DHARAN-001,2026-02-08 21:00:00+05:45,12.3802,12.3575,2.9501,0.0
DHARAN-001,2026-02-08 22:00:00+05:45,13.1163,13.1082,3.1323,0.0
DHARAN-001,2026-02-08 23:00:00+05:45,6.6443,6.644,1.5655,0.0
DHARAN-001,2026-02-09 00:00:00+05:45,6.6057,6.5958,1.5859,0.0
DHARAN-001,2026-02-09 01:00:00+05:45,6.32,6.3093,1.5088,0.0
DHARAN-001,2026-02-09 02:00:00+05:45,6.5027,6.4994,1.5534,0.0
DHARAN-001,2026-02-09 03:00:00+05:45,6.9437,6.9219,1.6461,0.0
DHARAN-001,2026-02-09 04:00:00+05:45,5.7559,5.7355,1.3676,0.0
DHARAN-001,2026-02-09 05:00:00+05:45,6.0011,5.9871,1.4288,0.0
DHARAN-001,2026-02-09 06:00:00+05:45,12.0903,12.0886,2.8603,0.0
DHARAN-001,2026-02-09 07:00:00+05:45,12.3052,12.2823,2.9385,0.0
DHARAN-001,2026-02-09 08:00:00+05:45,11.5342,11.5152,2.7557,0.0
DHARAN-001,2026-02-09 09:00:00+05:45,11.0528,11.036,2.6263,0.0
DHARAN-001,2026-02-09 10:00:00+05:45,7.1265,7.1128,1.6961,0.0
DHARAN-001,2026-02-09 11:00:00+05:45,7.0961,7.0753,1.684,0.0
DHARAN-001,2026-02-09 12:00:00+05:45,6.1437,6.1333,1.4727,0.0
DHARAN-001,2026-02-09 13:00:00+05:45,6.2391,6.2162,1.478,0.0
DHARAN-001,2026-02-09 14:00:00+05:45,6.4996,6.4736,1.5339,0.0
DHARAN-001,2026-02-09 15:00:00+05:45,6.6103,6.5827,1.5817,0.0
DHARAN-001,2026-02-09 16:00:00+05:45,6.4948,6.4825,1.5452,0.0
DHARAN-001,2026-02-09 17:00:00+05:45,6.0133,5.9932,1.4457,0.0
DHARAN-001,2026-02-09 18:00:00+05:45,12.4425,12.4362,2.9334,0.0
DHARAN-001,2026-02-09 19:00:00+05:45,12.1017,12.0744,2.8765,0.0
DHARAN-001,2026-02-09 20:00:00+05:45,12.7704,12.7702,3.0351,0.0
DHARAN-001,2026-02-09 21:00:00+05:45,12.3306,12.3304,2.9461,0.0
DHARAN-001,2026-02-09 22:00:00+05:45,12.6842,12.6798,3.0414,0.0
DHARAN-001,2026-02-09 23:00:00+05:45,6.2165,6.1983,1.488,0.0
DHARAN-001,2026-02-10 00:00:00+05:45,6.7103,6.6892,1.5892,0.0
DHARAN-001,2026-02-10 01:00:00+05:45,7.0954,7.078,1.6894,0.0
DHARAN-001,2026-02-10 02:00:00+05:45,6.784,6.7721,1.6139,0.0
DHARAN-001,2026-02-10 03:00:00+05:45,6.3202,6.3019,1.5126,0.0
DHARAN-001,2026-02-10 04:00:00+05:45,6.4466,6.4369,1.5412,0.0
DHARAN-001,2026-02-10 05:00:00+05:45,5.9496,5.934,1.4073,0.0
DHARAN-001,2026-02-10 06:00:00+05:45,10.6823,10.6718,2.5357,0.0
DHARAN-001,2026-02-10 07:00:00+05:45,10.4168,10.4061,2.4705,0.0
DHARAN-001,2026-02-10 08:00:00+05:45,10.8804,10.8563,2.5902,0.0
DHARAN-001,2026-02-10 09:00:00+05:45,11.047,11.0276,2.6417,0.0
DHARAN-001,2026-02-10 10:00:00+05:45,6.3516,6.3366,1.4943,0.0
DHARAN-001,2026-02-10 11:00:00+05:45,5.4083,5.3778,1.2843,0.0
DHARAN-001,2026-02-10 12:00:00+05:45,7.388,7.3812,1.7416,0.0
DHARAN-001,2026-02-10 13:00:00+05:45,6.9513,6.9346,1.662,0.0
DHARAN-001,2026-02-10 14:00:00+05:45,5.8532,5.8436,1.3997,0.0
DHARAN-001,2026-02-10 15:00:00+05:45,7.0054,6.9882,1.6603,0.0
DHARAN-001,2026-02-10 16:00:00+05:45,5.8274,5.8184,1.3904,0.0
DHARAN-001,2026-02-10 17:00:00+05:45,7.0059,6.9825,1.6569,0.0
DHARAN-001,2026-02-10 18:00:00+05:45,12.2248,12.2239,2.9367,0.0
DHARAN-001,2026-02-10 19:00:00+05:45,13.4154,13.4064,3.198,0.0
DHARAN-001,2026-02-10 20:00:00+05:45,13.5935,13.5783,3.2245,0.0
DHARAN-001,2026-02-10 21:00:00+05:45,12.5618,12.545,2.9922,0.0
DHARAN-001,2026-02-10 22:00:00+05:45,13.5383,13.5175,3.2194,0.0
DHARAN-001,2026-02-10 23:00:00+05:45,7.063,7.042,1.6928,0.0
DHARAN-001,2026-02-11 00:00:00+05:45,6.2714,6.2694,1.5172,0.0
DHARAN-001,2026-02-11 01:00:00+05:45,6.0286,6.0127,1.4303,0.0
DHARAN-001,2026-02-11 02:00:00+05:45,6.6915,6.6866,1.5746,0.0
DHARAN-001,2026-02-11 03:00:00+05:45,6.5189,6.5097,1.5492,0.0
DHARAN-001,2026-02-11 04:00:00+05:45,6.4708,6.4445,1.5559,0.0
DHARAN-001,2026-02-11 05:00:00+05:45,6.2582,6.2435,1.4707,0.0
DHARAN-001,2026-02-11 06:00:00+05:45,11.6009,11.5861,2.7626,0.0
DHARAN-001,2026-02-11 07:00:00+05:45,10.7953,10.7777,2.5692,0.0
DHARAN-001,2026-02-11 08:00:00+05:45,10.6846,10.6745,2.5451,0.0
DHARAN-001,2026-02-11 09:00:00+05:45,12.2403,12.2129,2.9152,0.0
DHARAN-001,2026-02-11 10:00:00+05:45,6.4323,6.4278,1.529,0.0
DHARAN-001,2026-02-11 11:00:00+05:45,6.3036,6.2759,1.4989,0.0
DHARAN-001,2026-02-11 12:00:00+05:45,6.6877,6.6676,1.5791,0.0
DHARAN-001,2026-02-11 13:00:00+05:45,7.3383,7.3042,1.7478,0.0
DHARAN-001,2026-02-11 14:00:00+05:45,6.2452,6.2399,1.4943,0.0
DHARAN-001,2026-02-11 15:00:00+05:45,7.7281,7.7158,1.8322,0.0
DHARAN-001,2026-02-11 16:00:00+05:45,7.1775,7.1468,1.7024,0.0
DHARAN-001,2026-02-11 17:00:00+05:45,5.7298,5.7185,1.3668,0.0
DHARAN-001,2026-02-11 18:00:00+05:45,11.7627,11.7498,2.7905,0.0
DHARAN-001,2026-02-11 19:00:00+05:45,13.1821,13.17,3.1161,0.0
DHARAN-001,2026-02-11 20:00:00+05:45,12.5075,12.4846,2.9768,0.0
DHARAN-001,2026-02-11 21:00:00+05:45,12.4041,12.3807,2.9594,0.0
DHARAN-001,2026-02-11 22:00:00+05:45,12.824,12.8188,3.0728,0.0
DHARAN-001,2026-02-11 23:00:00+05:45,7.2932,7.2843,1.7326,0.0
DHARAN-001,2026-02-12 00:00:00+05:45,6.4351,6.4143,1.5321,0.0
DHARAN-001,2026-02-12 01:00:00+05:45,5.8023,5.7851,1.3895,0.0
DHARAN-001,2026-02-12 02:00:00+05:45,6.4931,6.4879,1.5405,0.0
DHARAN-001,2026-02-12 03:00:00+05:45,6.7442,6.7253,1.5954,0.0
DHARAN-001,2026-02-12 04:00:00+05:45,6.5868,6.5785,1.5692,0.0
DHARAN-001,2026-02-12 05:00:00+05:45,6.5346,6.5206,1.5439,0.0
DHARAN-001,2026-02-12 06:00:00+05:45,10.6167,10.6001,2.5325,0.0
DHARAN-001,2026-02-12 07:00:00+05:45,10.916,10.8968,2.5944,0.0
DHARAN-001,2026-02-12 08:00:00+05:45,11.5898,11.5669,2.7459,0.0
DHARAN-001,2026-02-12 09:00:00+05:45,10.5779,10.5635,2.5271,0.0
DHARAN-001,2026-02-12 10:00:00+05:45,6.2476,6.2361,1.4984,0.0
DHARAN-001,2026-02-12 11:00:00+05:45,6.2545,6.242,1.4956,0.0
DHARAN-001,2026-02-12 12:00:00+05:45,7.1224,7.0876,1.6939,0.0
DHARAN-001,2026-02-12 13:00:00+05:45,6.5948,6.5798,1.573,0.0
DHARAN-001,2026-02-12 14:00:00+05:45,6.6672,6.6356,1.5833,0.0
DHARAN-001,2026-02-12 15:00:00+05:45,6.1288,6.1122,1.4511,0.0
DHARAN-001,2026-02-12 16:00:00+05:45,5.7595,5.7344,1.364,0.0
DHARAN-001,2026-02-12 17:00:00+05:45,6.0881,6.0869,1.4496,0.0
DHARAN-001,2026-02-12 18:00:00+05:45,12.1225,12.1112,2.8763,0.0
DHARAN-001,2026-02-12 19:00:00+05:45,12.1653,12.1545,2.8943,0.0
DHARAN-001,2026-02-12 20:00:00+05:45,12.5073,12.5015,2.9709,0.0
DHARAN-001,2026-02-12 21:00:00+05:45,12.2648,12.2421,2.9187,0.0
DHARAN-001,2026-02-12 22:00:00+05:45,13.3124,13.2899,3.176,0.0
DHARAN-001,2026-02-12 23:00:00+05:45,6.1983,6.1924,1.4584,0.0
DHARAN-001,2026-02-13 00:00:00+05:45,7.1638,7.1327,1.7119,0.0
DHARAN-001,2026-02-13 01:00:00+05:45,6.7779,6.7671,1.6235,0.0
DHARAN-001,2026-02-13 02:00:00+05:45,6.9563,6.9419,1.6462,0.0
DHARAN-001,2026-02-13 03:00:00+05:45,6.5733,6.5573,1.5579,0.0
DHARAN-001,2026-02-13 04:00:00+05:45,5.8361,5.8192,1.3973,0.0
DHARAN-001,2026-02-13 05:00:00+05:45,7.1977,7.1765,1.6984,0.0
DHARAN-001,2026-02-13 06:00:00+05:45,11.2596,11.2499,2.6737,0.0
DHARAN-001,2026-02-13 07:00:00+05:45,10.9747,10.9696,2.6209,0.0
DHARAN-001,2026-02-13 08:00:00+05:45,11.2604,11.2399,2.6793,0.0
DHARAN-001,2026-02-13 09:00:00+05:45,11.3698,11.3503,2.7048,0.0
DHARAN-001,2026-02-13 10:00:00+05:45,6.5155,6.5063,1.5474,0.0
DHARAN-001,2026-02-13 11:00:00+05:45,6.7336,6.7239,1.5969,0.0
DHARAN-001,2026-02-13 12:00:00+05:45,6.5217,6.5109,1.5587,0.0
DHARAN-001,2026-02-13 13:00:00+05:45,6.0042,5.9806,1.4175,0.0
DHARAN-001,2026-02-13 14:00:00+05:45,6.8703,6.8568,1.617,0.0
DHARAN-001,2026-02-13 15:00:00+05:45,8.0394,8.0224,1.9163,0.0
DHARAN-001,2026-02-13 16:00:00+05:45,6.3349,6.3132,1.5048,0.0
DHARAN-001,2026-02-13 17:00:00+05:45,6.5342,6.5172,1.5388,0.0
DHARAN-001,2026-02-13 18:00:00+05:45,12.8149,12.7966,3.0598,0.0
DHARAN-001,2026-02-13 19:00:00+05:45,12.6231,12.6143,3.0113,0.0
DHARAN-001,2026-02-13 20:00:00+05:45,14.051,14.0477,3.348,0.0
DHARAN-001,2026-02-13 21:00:00+05:45,12.361,12.3416,2.9436,0.0
DHARAN-001,2026-02-13 22:00:00+05:45,13.0217,13.0118,3.094,0.0
DHARAN-001,2026-02-13 23:00:00+05:45,6.657,6.647,1.5934,0.0
DHARAN-001,2026-02-14 00:00:00+05:45,6.0104,5.9869,1.4424,0.0
DHARAN-001,2026-02-14 01:00:00+05:45,6.9066,6.8913,1.6351,0.0
DHARAN-001,2026-02-14 02:00:00+05:45,6.8416,6.8197,1.6457,0.0
DHARAN-001,2026-02-14 03:00:00+05:45,6.6349,6.6168,1.5738,0.0
DHARAN-001,2026-02-14 04:00:00+05:45,5.9631,5.9538,1.4341,0.0
DHARAN-001,2026-02-14 05:00:00+05:45,6.8328,6.8288,1.6203,0.0
DHARAN-001,2026-02-14 06:00:00+05:45,10.5614,10.5493,2.5215,0.0
DHARAN-001,2026-02-14 07:00:00+05:45,10.3415,10.3331,2.4758,0.0
DHARAN-001,2026-02-14 08:00:00+05:45,11.0811,11.067,2.6496,0.0
DHARAN-001,2026-02-14 09:00:00+05:45,11.5663,11.5529,2.7663,0.0
DHARAN-001,2026-02-14 10:00:00+05:45,7.0202,7.0098,1.6755,0.0
DHARAN-001,2026-02-14 11:00:00+05:45,7.0947,7.0708,1.6921,0.0
DHARAN-001,2026-02-14 12:00:00+05:45,6.723,6.7041,1.604,0.0
DHARAN-001,2026-02-14 13:00:00+05:45,6.7228,6.7122,1.591,0.0
DHARAN-001,2026-02-14 14:00:00+05:45,6.5388,6.5182,1.5574,0.0
DHARAN-001,2026-02-14 15:00:00+05:45,6.0445,6.0258,1.4295,0.0
DHARAN-001,2026-02-14 16:00:00+05:45,5.9051,5.8722,1.3945,0.0
DHARAN-001,2026-02-14 17:00:00+05:45,7.0825,7.0668,1.6727,0.0
DHARAN-001,2026-02-14 18:00:00+05:45,11.8038,11.7868,2.828,0.0
DHARAN-001,2026-02-14 19:00:00+05:45,12.38,12.3655,2.9563,0.0
DHARAN-001,2026-02-14 20:00:00+05:45,12.9671,12.9557,3.1012,0.0
DHARAN-001,2026-02-14 21:00:00+05:45,13.4329,13.411,3.2086,0.0
DHARAN-001,2026-02-14 22:00:00+05:45,12.4925,12.4687,2.9692,0.0
DHARAN-001,2026-02-14 23:00:00+05:45,6.9305,6.9247,1.6415,0.0
DHARAN-001,2026-02-15 00:00:00+05:45,7.0477,7.0306,1.6861,0.0
DHARAN-001,2026-02-15 01:00:00+05:45,6.6701,6.6524,1.5835,0.0
DHARAN-001,2026-02-15 02:00:00+05:45,6.0412,6.0192,1.4512,0.0
DHARAN-001,2026-02-15 03:00:00+05:45,6.6601,6.6455,1.5748,0.0
DHARAN-001,2026-02-15 04:00:00+05:45,5.8509,5.8389,1.3839,0.0
DHARAN-001,2026-02-15 05:00:00+05:45,6.667,6.6388,1.5935,0.0
DHARAN-001,2026-02-15 06:00:00+05:45,10.6296,10.6137,2.5341,0.0
DHARAN-001,2026-02-15 07:00:00+05:45,10.5476,10.5197,2.5082,0.0
DHARAN-001,2026-02-15 08:00:00+05:45,10.8535,10.8465,2.5804,0.0
DHARAN-001,2026-02-15 09:00:00+05:45,11.0527,11.0443,2.6346,0.0
DHARAN-001,2026-02-15 10:00:00+05:45,7.0525,7.0389,1.6823,0.0
DHARAN-001,2026-02-15 11:00:00+05:45,6.2537,6.2478,1.5072,0.0
DHARAN-001,2026-02-15 12:00:00+05:45,6.9205,6.9116,1.6678,0.0
DHARAN-001,2026-02-15 13:00:00+05:45,6.3888,6.3676,1.5045,0.0
DHARAN-001,2026-02-15 14:00:00+05:45,6.2919,6.2828,1.4856,0.0
DHARAN-001,2026-02-15 15:00:00+05:45,6.9747,6.9511,1.6736,0.0
DHARAN-001,2026-02-15 16:00:00+05:45,6.2747,6.2614,1.5038,0.0
DHARAN-001,2026-02-15 17:00:00+05:45,6.6405,6.6211,1.5858,0.0
DHARAN-001,2026-02-15 18:00:00+05:45,12.446,12.4274,2.9574,0.0
DHARAN-001,2026-02-15 19:00:00+05:45,12.6666,12.6504,3.0201,0.0
DHARAN-001,2026-02-15 20:00:00+05:45,13.0748,13.0523,3.0934,0.0
DHARAN-001,2026-02-15 21:00:00+05:45,13.3304,13.3113,3.1445,0.0
DHARAN-001,2026-02-15 22:00:00+05:45,12.9874,12.9805,3.0855,0.0
DHARAN-001,2026-02-15 23:00:00+05:45,6.2765,6.2563,1.4992,0.0
DHARAN-001,2026-02-16 00:00:00+05:45,6.4382,6.4145,1.5316,0.0
DHARAN-001,2026-02-16 01:00:00+05:45,6.9491,6.9394,1.6561,0.0
DHARAN-001,2026-02-16 02:00:00+05:45,7.1236,7.1215,1.6887,0.0
DHARAN-001,2026-02-16 03:00:00+05:45,6.3693,6.3481,1.5149,0.0
DHARAN-001,2026-02-16 04:00:00+05:45,6.9905,6.9709,1.6617,0.0
DHARAN-001,2026-02-16 05:00:00+05:45,6.5259,6.513,1.5602,0.0
DHARAN-001,2026-02-16 06:00:00+05:45,11.093,11.0929,2.6415,0.0
DHARAN-001,2026-02-16 07:00:00+05:45,10.8868,10.874,2.5916,0.0
DHARAN-001,2026-02-16 08:00:00+05:45,10.98,10.9736,2.6096,0.0
DHARAN-001,2026-02-16 09:00:00+05:45,10.2504,10.2293,2.4439,0.0
DHARAN-001,2026-02-16 10:00:00+05:45,7.4023,7.3991,1.755,0.0
DHARAN-001,2026-02-16 11:00:00+05:45,6.4137,6.3972,1.5246,0.0
DHARAN-001,2026-02-16 12:00:00+05:45,6.7556,6.7401,1.6172,0.0
DHARAN-001,2026-02-16 13:00:00+05:45,6.7654,6.7568,1.6029,0.0
DHARAN-001,2026-02-16 14:00:00+05:45,6.2384,6.2284,1.5111,0.0
DHARAN-001,2026-02-16 15:00:00+05:45,6.2154,6.1991,1.4896,0.0
DHARAN-001,2026-02-16 16:00:00+05:45,6.4019,6.3852,1.5458,0.0
DHARAN-001,2026-02-16 17:00:00+05:45,6.0721,6.0673,1.4411,0.0
DHARAN-001,2026-02-16 18:00:00+05:45,12.7188,12.7013,3.031,0.0
DHARAN-001,2026-02-16 19:00:00+05:45,12.7676,12.7649,3.0423,0.0
DHARAN-001,2026-02-16 20:00:00+05:45,11.9471,11.9322,2.8501,0.0
DHARAN-001,2026-02-16 21:00:00+05:45,12.4334,12.4207,2.9544,0.0
DHARAN-001,2026-02-16 22:00:00+05:45,12.2175,12.2007,2.9116,0.0
DHARAN-001,2026-02-16 23:00:00+05:45,6.7594,6.7497,1.5915,0.0
DHARAN-001,2026-02-17 00:00:00+05:45,6.5005,6.4857,1.5437,0.0
DHARAN-001,2026-02-17 01:00:00+05:45,6.2062,6.1953,1.4924,0.0
DHARAN-001,2026-02-17 02:00:00+05:45,5.9103,5.9017,1.4237,0.0
DHARAN-001,2026-02-17 03:00:00+05:45,6.0161,5.9963,1.4268,0.0
DHARAN-001,2026-02-17 04:00:00+05:45,6.0545,6.0544,1.444,0.0
DHARAN-001,2026-02-17 05:00:00+05:45,6.2873,6.2657,1.4932,0.0
DHARAN-001,2026-02-17 06:00:00+05:45,10.7675,10.7647,2.5537,0.0
DHARAN-001,2026-02-17 07:00:00+05:45,10.4844,10.4561,2.4895,0.0
DHARAN-001,2026-02-17 08:00:00+05:45,11.3319,11.3294,2.6985,0.0
DHARAN-001,2026-02-17 09:00:00+05:45,10.0707,10.0586,2.3966,0.0
DHARAN-001,2026-02-17 10:00:00+05:45,5.9658,5.9499,1.4198,0.0
DHARAN-001,2026-02-17 11:00:00+05:45,7.0019,6.9771,1.6658,0.0
DHARAN-001,2026-02-17 12:00:00+05:45,6.5199,6.4964,1.5535,0.0
DHARAN-001,2026-02-17 13:00:00+05:45,6.1399,6.1219,1.4351,0.0
DHARAN-001,2026-02-17 14:00:00+05:45,6.7334,6.7034,1.5982,0.0
DHARAN-001,2026-02-17 15:00:00+05:45,6.8557,6.8295,1.6476,0.0
DHARAN-001,2026-02-17 16:00:00+05:45,6.353,6.3482,1.5116,0.0
DHARAN-001,2026-02-17 17:00:00+05:45,6.7597,6.7438,1.6156,0.0
DHARAN-001,2026-02-17 18:00:00+05:45,12.6488,12.6179,2.9933,0.0
DHARAN-001,2026-02-17 19:00:00+05:45,12.741,12.729,3.033,0.0
DHARAN-001,2026-02-17 20:00:00+05:45,13.2592,13.2476,3.1601,0.0
DHARAN-001,2026-02-17 21:00:00+05:45,13.1867,13.172,3.1448,0.0
DHARAN-001,2026-02-17 22:00:00+05:45,11.9462,11.9156,2.8376,0.0
DHARAN-001,2026-02-17 23:00:00+05:45,6.9425,6.9342,1.639,0.0
DHARAN-001,2026-02-18 00:00:00+05:45,6.6019,6.5887,1.5809,0.0
DHARAN-001,2026-02-18 01:00:00+05:45,6.9138,6.9101,1.6452,0.0
DHARAN-001,2026-02-18 02:00:00+05:45,5.8025,5.7835,1.3947,0.0
DHARAN-001,2026-02-18 03:00:00+05:45,7.6152,7.615,1.8002,0.0
DHARAN-001,2026-02-18 04:00:00+05:45,7.2742,7.2715,1.723,0.0
DHARAN-001,2026-02-18 05:00:00+05:45,6.4115,6.3921,1.5161,0.0
DHARAN-001,2026-02-18 06:00:00+05:45,10.4495,10.4474,2.4822,0.0
DHARAN-001,2026-02-18 07:00:00+05:45,11.0181,11.0029,2.6125,0.0
DHARAN-001,2026-02-18 08:00:00+05:45,10.869,10.8462,2.5794,0.0
DHARAN-001,2026-02-18 09:00:00+05:45,11.7801,11.7564,2.7965,0.0
DHARAN-001,2026-02-18 10:00:00+05:45,6.9005,6.8848,1.6404,0.0
DHARAN-001,2026-02-18 11:00:00+05:45,6.3524,6.3451,1.524,0.0
DHARAN-001,2026-02-18 12:00:00+05:45,6.388,6.3615,1.5187,0.0
DHARAN-001,2026-02-18 13:00:00+05:45,6.5396,6.5159,1.5475,0.0
DHARAN-001,2026-02-18 14:00:00+05:45,6.4276,6.4146,1.5247,0.0
DHARAN-001,2026-02-18 15:00:00+05:45,7.2123,7.2068,1.7112,0.0
DHARAN-001,2026-02-18 16:00:00+05:45,6.6678,6.6543,1.5719,0.0
DHARAN-001,2026-02-18 17:00:00+05:45,6.768,6.7613,1.6062,0.0
DHARAN-001,2026-02-18 18:00:00+05:45,12.9166,12.9066,3.0887,0.0
DHARAN-001,2026-02-18 19:00:00+05:45,13.2714,13.2588,3.1565,0.0
DHARAN-001,2026-02-18 20:00:00+05:45,12.9376,12.9225,3.081,0.0
DHARAN-001,2026-02-18 21:00:00+05:45,13.0169,13.0016,3.1062,0.0
DHARAN-001,2026-02-18 22:00:00+05:45,12.4942,12.4865,2.9899,0.0
DHARAN-001,2026-02-18 23:00:00+05:45,7.3263,7.3219,1.7407,0.0
DHARAN-001,2026-02-19 00:00:00+05:45,5.7397,5.7122,1.3677,0.0
DHARAN-001,2026-02-19 01:00:00+05:45,6.4787,6.4608,1.5301,0.0
DHARAN-001,2026-02-19 02:00:00+05:45,6.7046,6.6821,1.6091,0.0
DHARAN-001,2026-02-19 03:00:00+05:45,6.3862,6.3777,1.5123,0.0
DHARAN-001,2026-02-19 04:00:00+05:45,6.6238,6.61,1.5737,0.0
DHARAN-001,2026-02-19 05:00:00+05:45,6.7137,6.7039,1.601,0.0
DHARAN-001,2026-02-19 06:00:00+05:45,11.936,11.9271,2.8319,0.0
DHARAN-001,2026-02-19 07:00:00+05:45,11.3416,11.3361,2.7075,0.0
DHARAN-001,2026-02-19 08:00:00+05:45,11.5377,11.5153,2.7633,0.0
DHARAN-001,2026-02-19 09:00:00+05:45,10.949,10.9307,2.6089,0.0
DHARAN-001,2026-02-19 10:00:00+05:45,6.7804,6.7596,1.6222,0.0
DHARAN-001,2026-02-19 11:00:00+05:45,6.5274,6.5138,1.5661,0.0
DHARAN-001,2026-02-19 12:00:00+05:45,7.2837,7.263,1.7183,0.0
DHARAN-001,2026-02-19 13:00:00+05:45,5.9402,5.9184,1.4097,0.0
DHARAN-001,2026-02-19 14:00:00+05:45,6.9177,6.8997,1.6396,0.0
DHARAN-001,2026-02-19 15:00:00+05:45,6.4597,6.4595,1.5438,0.0
DHARAN-001,2026-02-19 16:00:00+05:45,6.6991,6.6797,1.5933,0.0
DHARAN-001,2026-02-19 17:00:00+05:45,5.8722,5.8407,1.392,0.0
DHARAN-001,2026-02-19 18:00:00+05:45,12.752,12.7346,3.0368,0.0
DHARAN-001,2026-02-19 19:00:00+05:45,13.6983,13.6817,3.2713,0.0
DHARAN-001,2026-02-19 20:00:00+05:45,12.2901,12.2755,2.9314,0.0
DHARAN-001,2026-02-19 21:00:00+05:45,13.4661,13.4475,3.1891,0.0
DHARAN-001,2026-02-19 22:00:00+05:45,12.6249,12.6133,2.9822,0.0
DHARAN-001,2026-02-19 23:00:00+05:45,6.1616,6.1355,1.484,0.0
DHARAN-001,2026-02-20 00:00:00+05:45,7.1052,7.1013,1.6687,0.0
DHARAN-001,2026-02-20 01:00:00+05:45,7.2582,7.2368,1.7275,0.0
DHARAN-001,2026-02-20 02:00:00+05:45,5.7487,5.7275,1.3548,0.0
DHARAN-001,2026-02-20 03:00:00+05:45,6.5267,6.5178,1.5478,0.0
DHARAN-001,2026-02-20 04:00:00+05:45,6.2099,6.2097,1.483,0.0
DHARAN-001,2026-02-20 05:00:00+05:45,7.0025,6.9931,1.6559,0.0
DHARAN-001,2026-02-20 06:00:00+05:45,11.2497,11.2321,2.681,0.0
DHARAN-001,2026-02-20 07:00:00+05:45,10.7332,10.7098,2.5639,0.0
DHARAN-001,2026-02-20 08:00:00+05:45,11.1335,11.1182,2.6316,0.0
DHARAN-001,2026-02-20 09:00:00+05:45,10.6672,10.6471,2.5281,0.0
DHARAN-001,2026-02-20 10:00:00+05:45,6.9345,6.9247,1.6397,0.0
DHARAN-001,2026-02-20 11:00:00+05:45,6.4495,6.4448,1.5372,0.0
DHARAN-001,2026-02-20 12:00:00+05:45,6.4411,6.4242,1.5209,0.0
DHARAN-001,2026-02-20 13:00:00+05:45,5.7799,5.7515,1.391,0.0
DHARAN-001,2026-02-20 14:00:00+05:45,6.4491,6.4363,1.5417,0.0
DHARAN-001,2026-02-20 15:00:00+05:45,5.8329,5.821,1.3752,0.0
DHARAN-001,2026-02-20 16:00:00+05:45,7.2117,7.1853,1.7166,0.0
DHARAN-001,2026-02-20 17:00:00+05:45,6.684,6.6633,1.5833,0.0
DHARAN-001,2026-02-20 18:00:00+05:45,13.043,13.0299,3.1022,0.0
DHARAN-001,2026-02-20 19:00:00+05:45,13.6441,13.629,3.2572,0.0
DHARAN-001,2026-02-20 20:00:00+05:45,12.7386,12.727,3.0292,0.0
DHARAN-001,2026-02-20 21:00:00+05:45,12.8669,12.8645,3.0651,0.0
DHARAN-001,2026-02-20 22:00:00+05:45,12.6758,12.6746,3.0285,0.0
DHARAN-001,2026-02-20 23:00:00+05:45,6.609,6.5898,1.5689,0.0
DHARAN-001,2026-02-21 00:00:00+05:45,6.7291,6.7249,1.6206,0.0
DHARAN-001,2026-02-21 01:00:00+05:45,7.4733,7.4534,1.7893,0.0
DHARAN-001,2026-02-21 02:00:00+05:45,6.1775,6.1675,1.4701,0.0
DHARAN-001,2026-02-21 03:00:00+05:45,6.809,6.7976,1.6199,0.0
DHARAN-001,2026-02-21 04:00:00+05:45,6.0019,5.9966,1.4265,0.0
DHARAN-001,2026-02-21 05:00:00+05:45,6.841,6.8152,1.6038,0.0
DHARAN-001,2026-02-21 06:00:00+05:45,11.4435,11.443,2.7255,0.0
DHARAN-001,2026-02-21 07:00:00+05:45,10.4697,10.461,2.4806,0.0
DHARAN-001,2026-02-21 08:00:00+05:45,10.7258,10.7193,2.5553,0.0
DHARAN-001,2026-02-21 09:00:00+05:45,10.4645,10.4567,2.492,0.0
DHARAN-001,2026-02-21 10:00:00+05:45,6.1158,6.0966,1.4636,0.0
DHARAN-001,2026-02-21 11:00:00+05:45,6.3964,6.3766,1.5246,0.0
DHARAN-001,2026-02-21 12:00:00+05:45,6.4378,6.419,1.5355,0.0
DHARAN-001,2026-02-21 13:00:00+05:45,6.8514,6.8357,1.6327,0.0
DHARAN-001,2026-02-21 14:00:00+05:45,6.0921,6.0709,1.4587,0.0
DHARAN-001,2026-02-21 15:00:00+05:45,6.763,6.7457,1.6059,0.0
DHARAN-001,2026-02-21 16:00:00+05:45,6.5716,6.5492,1.558,0.0
DHARAN-001,2026-02-21 17:00:00+05:45,6.9757,6.9496,1.6618,0.0
DHARAN-001,2026-02-21 18:00:00+05:45,12.8554,12.8382,3.0548,0.0
DHARAN-001,2026-02-21 19:00:00+05:45,12.81,12.7894,3.057,0.0
DHARAN-001,2026-02-21 20:00:00+05:45,14.134,14.1184,3.3688,0.0
DHARAN-001,2026-02-21 21:00:00+05:45,12.4706,12.4432,2.9738,0.0
DHARAN-001,2026-02-21 22:00:00+05:45,12.3568,12.3545,2.9466,0.0
DHARAN-001,2026-02-21 23:00:00+05:45,6.0703,6.0503,1.4616,0.0
DHARAN-001,2026-02-22 00:00:00+05:45,7.9169,7.9152,1.8885,0.0
DHARAN-001,2026-02-22 01:00:00+05:45,6.945,6.9196,1.6605,0.0
DHARAN-001,2026-02-22 02:00:00+05:45,6.3531,6.3395,1.5187,0.0
DHARAN-001,2026-02-22 03:00:00+05:45,6.8933,6.8823,1.6434,0.0
DHARAN-001,2026-02-22 04:00:00+05:45,6.3694,6.3512,1.5286,0.0
DHARAN-001,2026-02-22 05:00:00+05:45,5.6022,5.5811,1.3381,0.0
DHARAN-001,2026-02-22 06:00:00+05:45,11.2612,11.2467,2.6756,0.0
DHARAN-001,2026-02-22 07:00:00+05:45,11.7114,11.6928,2.7796,0.0
DHARAN-001,2026-02-22 08:00:00+05:45,11.5824,11.5709,2.7506,0.0
DHARAN-001,2026-02-22 09:00:00+05:45,10.4243,10.405,2.478,0.0
DHARAN-001,2026-02-22 10:00:00+05:45,7.0326,7.0249,1.6834,0.0
DHARAN-001,2026-02-22 11:00:00+05:45,6.7494,6.7494,1.6077,0.0
DHARAN-001,2026-02-22 12:00:00+05:45,6.6355,6.628,1.5975,0.0
DHARAN-001,2026-02-22 13:00:00+05:45,7.2747,7.2695,1.7147,0.0
DHARAN-001,2026-02-22 14:00:00+05:45,6.3562,6.3269,1.513,0.0
DHARAN-001,2026-02-22 15:00:00+05:45,6.253,6.2256,1.4934,0.0
DHARAN-001,2026-02-22 16:00:00+05:45,6.3605,6.3573,1.5075,0.0
DHARAN-001,2026-02-22 17:00:00+05:45,6.3678,6.3613,1.532,0.0
DHARAN-001,2026-02-22 18:00:00+05:45,13.1359,13.1235,3.1281,0.0
DHARAN-001,2026-02-22 19:00:00+05:45,12.3288,12.3114,2.9375,0.0
DHARAN-001,2026-02-22 20:00:00+05:45,13.1054,13.097,3.1453,0.0
DHARAN-001,2026-02-22 21:00:00+05:45,12.7912,12.773,3.0465,0.0
DHARAN-001,2026-02-22 22:00:00+05:45,12.8376,12.8268,3.0595,0.0
DHARAN-001,2026-02-22 23:00:00+05:45,6.4427,6.4336,1.523,0.0
DHARAN-001,2026-02-23 00:00:00+05:45,6.4962,6.4687,1.545,0.0
DHARAN-001,2026-02-23 01:00:00+05:45,6.4075,6.3826,1.5165,0.0
DHARAN-001,2026-02-23 02:00:00+05:45,6.4799,6.4676,1.5448,0.0
DHARAN-001,2026-02-23 03:00:00+05:45,6.4257,6.4089,1.5218,0.0
DHARAN-001,2026-02-23 04:00:00+05:45,6.5941,6.5868,1.5807,0.0
DHARAN-001,2026-02-23 05:00:00+05:45,7.5937,7.5849,1.8097,0.0
DHARAN-001,2026-02-23 06:00:00+05:45,11.8174,11.7978,2.811,0.0
DHARAN-001,2026-02-23 07:00:00+05:45,11.0025,10.9889,2.6227,0.0
DHARAN-001,2026-02-23 08:00:00+05:45,10.3844,10.3671,2.4733,0.0
DHARAN-001,2026-02-23 09:00:00+05:45,12.0209,12.0173,2.8613,0.0
DHARAN-001,2026-02-23 10:00:00+05:45,6.5827,6.5608,1.5412,0.0
DHARAN-001,2026-02-23 11:00:00+05:45,6.1355,6.1264,1.4552,0.0
DHARAN-001,2026-02-23 12:00:00+05:45,5.8242,5.8085,1.39,0.0
DHARAN-001,2026-02-23 13:00:00+05:45,5.531,5.5159,1.3278,0.0
DHARAN-001,2026-02-23 14:00:00+05:45,6.3306,6.3253,1.5035,0.0
DHARAN-001,2026-02-23 15:00:00+05:45,6.8331,6.8049,1.6382,0.0
DHARAN-001,2026-02-23 16:00:00+05:45,5.6121,5.5937,1.3466,0.0
DHARAN-001,2026-02-23 17:00:00+05:45,7.3719,7.3524,1.7522,0.0
DHARAN-001,2026-02-23 18:00:00+05:45,12.6828,12.6717,3.0295,0.0
DHARAN-001,2026-02-23 19:00:00+05:45,12.053,12.0348,2.8819,0.0
DHARAN-001,2026-02-23 20:00:00+05:45,12.1617,12.1571,2.8926,0.0
DHARAN-001,2026-02-23 21:00:00+05:45,12.8448,12.8186,3.0629,0.0
DHARAN-001,2026-02-23 22:00:00+05:45,12.9276,12.9186,3.0662,0.0
DHARAN-001,2026-02-23 23:00:00+05:45,6.5096,6.4979,1.5592,0.0
DHARAN-001,2026-02-24 00:00:00+05:45,6.3594,6.3541,1.521,0.0
DHARAN-001,2026-02-24 01:00:00+05:45,5.7145,5.7079,1.3829,0.0
DHARAN-001,2026-02-24 02:00:00+05:45,6.7728,6.7688,1.6278,0.0
DHARAN-001,2026-02-24 03:00:00+05:45,7.3977,7.3801,1.7674,0.0
DHARAN-001,2026-02-24 04:00:00+05:45,6.8707,6.8679,1.6296,0.0
DHARAN-001,2026-02-24 05:00:00+05:45,6.3393,6.3047,1.5248,0.0
DHARAN-001,2026-02-24 06:00:00+05:45,10.2391,10.2324,2.4479,0.0
DHARAN-001,2026-02-24 07:00:00+05:45,10.3846,10.3503,2.4597,0.0
DHARAN-001,2026-02-24 08:00:00+05:45,10.7923,10.7894,2.5822,0.0
DHARAN-001,2026-02-24 09:00:00+05:45,10.9492,10.9394,2.61,0.0
DHARAN-001,2026-02-24 10:00:00+05:45,6.6479,6.6303,1.5791,0.0
DHARAN-001,2026-02-24 11:00:00+05:45,6.3171,6.2968,1.5146,0.0
DHARAN-001,2026-02-24 12:00:00+05:45,6.5623,6.541,1.554,0.0
DHARAN-001,2026-02-24 13:00:00+05:45,5.7466,5.7376,1.3819,0.0
DHARAN-001,2026-02-24 14:00:00+05:45,6.0184,6.0005,1.4257,0.0
DHARAN-001,2026-02-24 15:00:00+05:45,7.0903,7.0737,1.6844,0.0
DHARAN-001,2026-02-24 16:00:00+05:45,7.144,7.1284,1.6965,0.0
DHARAN-001,2026-02-24 17:00:00+05:45,7.2713,7.2587,1.7302,0.0
DHARAN-001,2026-02-24 18:00:00+05:45,12.3208,12.2959,2.9268,0.0
DHARAN-001,2026-02-24 19:00:00+05:45,12.7418,12.741,3.0213,0.0
DHARAN-001,2026-02-24 20:00:00+05:45,12.6854,12.6762,3.0207,0.0
DHARAN-001,2026-02-24 21:00:00+05:45,13.9138,13.9021,3.3134,0.0
DHARAN-001,2026-02-24 22:00:00+05:45,12.6479,12.639,3.0305,0.0
DHARAN-001,2026-02-24 23:00:00+05:45,6.9909,6.9825,1.6705,0.0
DHARAN-001,2026-02-25 00:00:00+05:45,7.2341,7.215,1.7096,0.0
DHARAN-001,2026-02-25 01:00:00+05:45,6.2815,6.273,1.4979,0.0
DHARAN-001,2026-02-25 02:00:00+05:45,5.9774,5.9673,1.4331,0.0
DHARAN-001,2026-02-25 03:00:00+05:45,5.9365,5.9197,1.4283,0.0
DHARAN-001,2026-02-25 04:00:00+05:45,6.7068,6.6971,1.5807,0.0
DHARAN-001,2026-02-25 05:00:00+05:45,6.6822,6.6693,1.588,0.0
DHARAN-001,2026-02-25 06:00:00+05:45,11.491,11.4734,2.7286,0.0
DHARAN-001,2026-02-25 07:00:00+05:45,10.9417,10.9376,2.6086,0.0
DHARAN-001,2026-02-25 08:00:00+05:45,10.6538,10.6478,2.5425,0.0
DHARAN-001,2026-02-25 09:00:00+05:45,11.3544,11.3467,2.692,0.0
DHARAN-001,2026-02-25 10:00:00+05:45,6.622,6.6094,1.5865,0.0
DHARAN-001,2026-02-25 11:00:00+05:45,6.1966,6.1871,1.4697,0.0
DHARAN-001,2026-02-25 12:00:00+05:45,7.0205,7.0107,1.6739,0.0
DHARAN-001,2026-02-25 13:00:00+05:45,5.899,5.8768,1.4021,0.0
DHARAN-001,2026-02-25 14:00:00+05:45,6.7478,6.7214,1.5853,0.0
DHARAN-001,2026-02-25 15:00:00+05:45,6.3528,6.334,1.5156,0.0
DHARAN-001,2026-02-25 16:00:00+05:45,6.1448,6.1269,1.4519,0.0
DHARAN-001,2026-02-25 17:00:00+05:45,6.6772,6.6485,1.5833,0.0
DHARAN-001,2026-02-25 18:00:00+05:45,12.7966,12.7695,3.0479,0.0
DHARAN-001,2026-02-25 19:00:00+05:45,13.1898,13.1747,3.1435,0.0
DHARAN-001,2026-02-25 20:00:00+05:45,12.8279,12.8238,3.0508,0.0
DHARAN-001,2026-02-25 21:00:00+05:45,11.9021,11.8948,2.8423,0.0
DHARAN-001,2026-02-25 22:00:00+05:45,12.4159,12.4022,2.9501,0.0
DHARAN-001,2026-02-25 23:00:00+05:45,6.5705,6.5592,1.5761,0.0
DHARAN-001,2026-02-26 00:00:00+05:45,6.8403,6.8311,1.623,0.0
DHARAN-001,2026-02-26 01:00:00+05:45,6.6899,6.6751,1.5719,0.0
DHARAN-001,2026-02-26 02:00:00+05:45,6.1642,6.1484,1.4693,0.0
DHARAN-001,2026-02-26 03:00:00+05:45,6.4431,6.4396,1.5344,0.0
DHARAN-001,2026-02-26 04:00:00+05:45,6.0294,6.0157,1.437,0.0
DHARAN-001,2026-02-26 05:00:00+05:45,6.2281,6.2126,1.4846,0.0
DHARAN-001,2026-02-26 06:00:00+05:45,11.5291,11.511,2.746,0.0
DHARAN-001,2026-02-26 07:00:00+05:45,10.8348,10.8168,2.5743,0.0
DHARAN-001,2026-02-26 08:00:00+05:45,11.5498,11.5301,2.7431,0.0
DHARAN-001,2026-02-26 09:00:00+05:45,11.045,11.0215,2.6274,0.0
DHARAN-001,2026-02-26 10:00:00+05:45,6.1667,6.1503,1.4743,0.0
DHARAN-001,2026-02-26 11:00:00+05:45,6.6968,6.6824,1.6023,0.0
DHARAN-001,2026-02-26 12:00:00+05:45,6.3845,6.3713,1.5412,0.0
DHARAN-001,2026-02-26 13:00:00+05:45,6.4348,6.4085,1.5336,0.0
DHARAN-001,2026-02-26 14:00:00+05:45,5.8748,5.8689,1.4066,0.0
DHARAN-001,2026-02-26 15:00:00+05:45,6.2623,6.2514,1.4948,0.0
DHARAN-001,2026-02-26 16:00:00+05:45,7.1132,7.0976,1.6854,0.0
DHARAN-001,2026-02-26 17:00:00+05:45,6.3748,6.3599,1.508,0.0
DHARAN-001,2026-02-26 18:00:00+05:45,12.2339,12.2224,2.9292,0.0
DHARAN-001,2026-02-26 19:00:00+05:45,13.1864,13.1709,3.1179,0.0
DHARAN-001,2026-02-26 20:00:00+05:45,12.2818,12.2624,2.9355,0.0
DHARAN-001,2026-02-26 21:00:00+05:45,11.8476,11.8261,2.8156,0.0
DHARAN-001,2026-02-26 22:00:00+05:45,12.9261,12.9066,3.0797,0.0
DHARAN-001,2026-02-26 23:00:00+05:45,6.5755,6.5457,1.573,0.0
DHARAN-001,2026-02-27 00:00:00+05:45,6.3743,6.3699,1.5103,0.0
DHARAN-001,2026-02-27 01:00:00+05:45,7.2226,7.2074,1.7057,0.0
DHARAN-001,2026-02-27 02:00:00+05:45,6.8245,6.8146,1.6196,0.0
DHARAN-001,2026-02-27 03:00:00+05:45,6.7639,6.7538,1.6182,0.0
DHARAN-001,2026-02-27 04:00:00+05:45,7.1275,7.1181,1.6877,0.0
DHARAN-001,2026-02-27 05:00:00+05:45,6.125,6.1041,1.4645,0.0
DHARAN-001,2026-02-27 06:00:00+05:45,10.5951,10.5742,2.5193,0.0
DHARAN-001,2026-02-27 07:00:00+05:45,11.0808,11.0682,2.6287,0.0
DHARAN-001,2026-02-27 08:00:00+05:45,10.938,10.9148,2.6136,0.0
DHARAN-001,2026-02-27 09:00:00+05:45,10.7125,10.6981,2.5473,0.0
DHARAN-001,2026-02-27 10:00:00+05:45,5.9655,5.9395,1.4262,0.0
DHARAN-001,2026-02-27 11:00:00+05:45,6.5818,6.5643,1.5767,0.0
DHARAN-001,2026-02-27 12:00:00+05:45,6.585,6.5677,1.535,0.0
DHARAN-001,2026-02-27 13:00:00+05:45,6.3855,6.3852,1.5068,0.0
DHARAN-001,2026-02-27 14:00:00+05:45,6.6478,6.6337,1.5638,0.0
DHARAN-001,2026-02-27 15:00:00+05:45,5.6311,5.6044,1.3445,0.0
DHARAN-001,2026-02-27 16:00:00+05:45,6.6765,6.667,1.5976,0.0
DHARAN-001,2026-02-27 17:00:00+05:45,6.2529,6.2272,1.4853,0.0
DHARAN-001,2026-02-27 18:00:00+05:45,13.2636,13.2593,3.1537,0.0
DHARAN-001,2026-02-27 19:00:00+05:45,12.067,12.0628,2.868,0.0
DHARAN-001,2026-02-27 20:00:00+05:45,12.6135,12.6076,3.0003,0.0
DHARAN-001,2026-02-27 21:00:00+05:45,12.195,12.176,2.9045,0.0
DHARAN-001,2026-02-27 22:00:00+05:45,13.2743,13.2587,3.1548,0.0
DHARAN-001,2026-02-27 23:00:00+05:45,6.1016,6.0907,1.463,0.0
DHARAN-001,2026-02-28 00:00:00+05:45,6.7406,6.7388,1.6017,0.0
DHARAN-001,2026-02-28 01:00:00+05:45,6.1727,6.1571,1.4582,0.0
DHARAN-001,2026-02-28 02:00:00+05:45,5.9006,5.8858,1.3825,0.0
DHARAN-001,2026-02-28 03:00:00+05:45,6.7302,6.7181,1.5986,0.0
DHARAN-001,2026-02-28 04:00:00+05:45,6.2387,6.2156,1.4652,0.0
DHARAN-001,2026-02-28 05:00:00+05:45,6.9578,6.9508,1.6511,0.0
DHARAN-001,2026-02-28 06:00:00+05:45,11.695,11.6777,2.7926,0.0
DHARAN-001,2026-02-28 07:00:00+05:45,10.177,10.1594,2.4425,0.0
DHARAN-001,2026-02-28 08:00:00+05:45,10.5975,10.5782,2.5422,0.0
DHARAN-001,2026-02-28 09:00:00+05:45,12.209,12.196,2.8937,0.0
DHARAN-001,2026-02-28 10:00:00+05:45,6.5605,6.5365,1.5536,0.0
DHARAN-001,2026-02-28 11:00:00+05:45,6.3487,6.3313,1.5113,0.0
DHARAN-001,2026-02-28 12:00:00+05:45,6.7943,6.7803,1.619,0.0
DHARAN-001,2026-02-28 13:00:00+05:45,7.2643,7.2455,1.7181,0.0
DHARAN-001,2026-02-28 14:00:00+05:45,7.3715,7.3435,1.7588,0.0
DHARAN-001,2026-02-28 15:00:00+05:45,6.9248,6.9193,1.6176,0.0
DHARAN-001,2026-02-28 16:00:00+05:45,6.1898,6.1716,1.4698,0.0
DHARAN-001,2026-02-28 17:00:00+05:45,7.4766,7.4544,1.7865,0.0
DHARAN-001,2026-02-28 18:00:00+05:45,13.329,13.3217,3.1669,0.0
DHARAN-001,2026-02-28 19:00:00+05:45,13.4737,13.4539,3.1963,0.0
DHARAN-001,2026-02-28 20:00:00+05:45,12.827,12.8126,3.0519,0.0
DHARAN-001,2026-02-28 21:00:00+05:45,13.0392,13.031,3.1043,0.0
DHARAN-001,2026-02-28 22:00:00+05:45,12.1564,12.1396,2.9015,0.0
DHARAN-001,2026-02-28 23:00:00+05:45,6.5155,6.4965,1.5493,0.0
DHARAN-001,2026-03-01 00:00:00+05:45,6.263,6.2501,1.4772,0.0
DHARAN-001,2026-03-01 01:00:00+05:45,6.3213,6.321,1.5005,0.0
DHARAN-001,2026-03-01 02:00:00+05:45,6.1613,6.1602,1.4576,0.0
DHARAN-001,2026-03-01 03:00:00+05:45,7.1442,7.1322,1.6866,0.0
DHARAN-001,2026-03-01 04:00:00+05:45,6.7123,6.7011,1.5875,0.0
DHARAN-001,2026-03-01 05:00:00+05:45,6.931,6.9198,1.6566,0.0
DHARAN-001,2026-03-01 06:00:00+05:45,10.6957,10.6714,2.5433,0.0
DHARAN-001,2026-03-01 07:00:00+05:45,10.9412,10.9349,2.6172,0.0
DHARAN-001,2026-03-01 08:00:00+05:45,11.3575,11.3393,2.6866,0.0
DHARAN-001,2026-03-01 09:00:00+05:45,10.9205,10.9074,2.5928,0.0
DHARAN-001,2026-03-01 10:00:00+05:45,6.2915,6.2652,1.5071,0.0
DHARAN-001,2026-03-01 11:00:00+05:45,5.2727,5.2614,1.2478,0.0
DHARAN-001,2026-03-01 12:00:00+05:45,6.3814,6.3721,1.5033,0.0
DHARAN-001,2026-03-01 13:00:00+05:45,6.1725,6.1542,1.4709,0.0
DHARAN-001,2026-03-01 14:00:00+05:45,6.2349,6.2268,1.4995,0.0
DHARAN-001,2026-03-01 15:00:00+05:45,7.1693,7.1507,1.7063,0.0
DHARAN-001,2026-03-01 16:00:00+05:45,6.3624,6.3339,1.5211,0.0
DHARAN-001,2026-03-01 17:00:00+05:45,6.4079,6.3841,1.5299,0.0
DHARAN-001,2026-03-01 18:00:00+05:45,12.3271,12.312,2.9407,0.0
DHARAN-001,2026-03-01 19:00:00+05:45,12.7255,12.6938,3.0274,0.0
DHARAN-001,2026-03-01 20:00:00+05:45,12.7893,12.7717,3.0677,0.0
DHARAN-001,2026-03-01 21:00:00+05:45,12.7358,12.7188,3.0319,0.0
DHARAN-001,2026-03-01 22:00:00+05:45,12.6984,12.6785,3.0239,0.0
DHARAN-001,2026-03-01 23:00:00+05:45,6.2094,6.1702,1.4875,0.0
DHARAN-001,2026-03-02 00:00:00+05:45,6.1637,6.1607,1.4666,0.0
DHARAN-001,2026-03-02 01:00:00+05:45,6.5419,6.5304,1.5665,0.0
DHARAN-001,2026-03-02 02:00:00+05:45,7.0661,7.0465,1.6779,0.0
DHARAN-001,2026-03-02 03:00:00+05:45,5.7013,5.6958,1.34,0.0
DHARAN-001,2026-03-02 04:00:00+05:45,7.3318,7.3121,1.7359,0.0
DHARAN-001,2026-03-02 05:00:00+05:45,6.0957,6.0844,1.4499,0.0
DHARAN-001,2026-03-02 06:00:00+05:45,11.0895,11.0882,2.6427,0.0
DHARAN-001,2026-03-02 07:00:00+05:45,11.647,11.6359,2.7739,0.0
DHARAN-001,2026-03-02 08:00:00+05:45,10.8168,10.8089,2.572,0.0
DHARAN-001,2026-03-02 09:00:00+05:45,9.9645,9.9454,2.3686,0.0
DHARAN-001,2026-03-02 10:00:00+05:45,6.374,6.3583,1.5285,0.0
DHARAN-001,2026-03-02 11:00:00+05:45,5.7413,5.7323,1.3768,0.0
DHARAN-001,2026-03-02 12:00:00+05:45,6.9313,6.9199,1.6538,0.0
DHARAN-001,2026-03-02 13:00:00+05:45,7.5198,7.5021,1.7871,0.0
DHARAN-001,2026-03-02 14:00:00+05:45,6.3103,6.3078,1.5081,0.0
DHARAN-001,2026-03-02 15:00:00+05:45,7.0267,7.0131,1.6687,0.0
DHARAN-001,2026-03-02 16:00:00+05:45,6.4808,6.4782,1.536,0.0
DHARAN-001,2026-03-02 17:00:00+05:45,6.1777,6.1486,1.4817,0.0
DHARAN-001,2026-03-02 18:00:00+05:45,13.0682,13.0653,3.1325,0.0
DHARAN-001,2026-03-02 19:00:00+05:45,12.6294,12.625,3.0115,0.0
DHARAN-001,2026-03-02 20:00:00+05:45,13.7076,13.6888,3.2607,0.0
DHARAN-001,2026-03-02 21:00:00+05:45,12.3951,12.3831,2.9443,0.0
DHARAN-001,2026-03-02 22:00:00+05:45,12.5966,12.5946,2.9934,0.0
DHARAN-001,2026-03-02 23:00:00+05:45,7.3327,7.3075,1.7441,0.0
DHARAN-001,2026-03-03 00:00:00+05:45,5.9416,5.9359,1.4234,0.0
DHARAN-001,2026-03-03 01:00:00+05:45,6.6493,6.638,1.5825,0.0
DHARAN-001,2026-03-03 02:00:00+05:45,5.9587,5.9441,1.4308,0.0
DHARAN-001,2026-03-03 03:00:00+05:45,6.2584,6.231,1.4966,0.0
DHARAN-001,2026-03-03 04:00:00+05:45,6.5298,6.5191,1.5426,0.0
DHARAN-001,2026-03-03 05:00:00+05:45,6.6416,6.6402,1.5819,0.0
DHARAN-001,2026-03-03 06:00:00+05:45,11.7993,11.7784,2.8107,0.0
DHARAN-001,2026-03-03 07:00:00+05:45,10.6992,10.6912,2.549,0.0
DHARAN-001,2026-03-03 08:00:00+05:45,11.7202,11.7023,2.7876,0.0
DHARAN-001,2026-03-03 09:00:00+05:45,11.8156,11.7945,2.8022,0.0
DHARAN-001,2026-03-03 10:00:00+05:45,5.7761,5.7692,1.3819,0.0
DHARAN-001,2026-03-03 11:00:00+05:45,6.894,6.8901,1.6398,0.0
DHARAN-001,2026-03-03 12:00:00+05:45,6.3656,6.351,1.5299,0.0
DHARAN-001,2026-03-03 13:00:00+05:45,5.7073,5.6893,1.3539,0.0
DHARAN-001,2026-03-03 14:00:00+05:45,7.516,7.5044,1.7815,0.0
DHARAN-001,2026-03-03 15:00:00+05:45,6.8769,6.8696,1.6507,0.0
DHARAN-001,2026-03-03 16:00:00+05:45,6.6021,6.5874,1.5925,0.0
DHARAN-001,2026-03-03 17:00:00+05:45,6.0103,6.004,1.4301,0.0
DHARAN-001,2026-03-03 18:00:00+05:45,12.9296,12.9034,3.0783,0.0
DHARAN-001,2026-03-03 19:00:00+05:45,12.6876,12.6746,3.0282,0.0
DHARAN-001,2026-03-03 20:00:00+05:45,12.0537,12.034,2.8661,0.0
DHARAN-001,2026-03-03 21:00:00+05:45,13.9346,13.9217,3.3237,0.0
DHARAN-001,2026-03-03 22:00:00+05:45,12.4333,12.4152,2.9583,0.0
DHARAN-001,2026-03-03 23:00:00+05:45,6.5371,6.527,1.5461,0.0
DHARAN-001,2026-03-04 00:00:00+05:45,7.0391,7.0242,1.6708,0.0
DHARAN-001,2026-03-04 01:00:00+05:45,6.4588,6.4504,1.5147,0.0
DHARAN-001,2026-03-04 02:00:00+05:45,6.6406,6.6114,1.5883,0.0
DHARAN-001,2026-03-04 03:00:00+05:45,6.9403,6.9212,1.6589,0.0
DHARAN-001,2026-03-04 04:00:00+05:45,6.6297,6.6086,1.5834,0.0
DHARAN-001,2026-03-04 05:00:00+05:45,6.7253,6.7107,1.5992,0.0
DHARAN-001,2026-03-04 06:00:00+05:45,11.3113,11.2958,2.691,0.0
DHARAN-001,2026-03-04 07:00:00+05:45,10.8295,10.8229,2.5623,0.0
DHARAN-001,2026-03-04 08:00:00+05:45,11.2876,11.2585,2.6906,0.0
DHARAN-001,2026-03-04 09:00:00+05:45,10.6001,10.5928,2.5308,0.0
DHARAN-001,2026-03-04 10:00:00+05:45,6.6286,6.6174,1.5913,0.0
DHARAN-001,2026-03-04 11:00:00+05:45,5.4453,5.4343,1.2942,0.0
DHARAN-001,2026-03-04 12:00:00+05:45,5.8139,5.8094,1.3739,0.0
DHARAN-001,2026-03-04 13:00:00+05:45,6.8941,6.8663,1.6481,0.0
DHARAN-001,2026-03-04 14:00:00+05:45,6.858,6.8503,1.6424,0.0
DHARAN-001,2026-03-04 15:00:00+05:45,6.8152,6.8015,1.6252,0.0
DHARAN-001,2026-03-04 16:00:00+05:45,7.1318,7.116,1.7052,0.0
DHARAN-001,2026-03-04 17:00:00+05:45,7.034,7.0203,1.6671,0.0
DHARAN-001,2026-03-04 18:00:00+05:45,12.4998,12.4933,2.9927,0.0
DHARAN-001,2026-03-04 19:00:00+05:45,12.8699,12.8543,3.0656,0.0
DHARAN-001,2026-03-04 20:00:00+05:45,13.1913,13.1782,3.1521,0.0
DHARAN-001,2026-03-04 21:00:00+05:45,12.7819,12.7555,3.05,0.0
DHARAN-001,2026-03-04 22:00:00+05:45,13.1845,13.1552,3.1364,0.0
DHARAN-001,2026-03-04 23:00:00+05:45,5.7647,5.7468,1.3726,0.0
DHARAN-001,2026-03-05 00:00:00+05:45,6.0716,6.0654,1.4428,0.0
DHARAN-001,2026-03-05 01:00:00+05:45,6.9109,6.8937,1.6354,0.0
DHARAN-001,2026-03-05 02:00:00+05:45,5.548,5.5285,1.3302,0.0
DHARAN-001,2026-03-05 03:00:00+05:45,6.4234,6.3985,1.555,0.0
DHARAN-001,2026-03-05 04:00:00+05:45,6.5566,6.5337,1.5689,0.0
DHARAN-001,2026-03-05 05:00:00+05:45,6.1515,6.1336,1.4712,0.0
DHARAN-001,2026-03-05 06:00:00+05:45,12.0474,12.0296,2.853,0.0
DHARAN-001,2026-03-05 07:00:00+05:45,11.3496,11.3446,2.6947,0.0
DHARAN-001,2026-03-05 08:00:00+05:45,11.3801,11.3626,2.7165,0.0
DHARAN-001,2026-03-05 09:00:00+05:45,10.9903,10.9743,2.612,0.0
DHARAN-001,2026-03-05 10:00:00+05:45,4.9788,4.9587,1.1837,0.0
DHARAN-001,2026-03-05 11:00:00+05:45,6.7411,6.713,1.606,0.0
DHARAN-001,2026-03-05 12:00:00+05:45,6.6949,6.6716,1.5899,0.0
DHARAN-001,2026-03-05 13:00:00+05:45,6.6673,6.6628,1.596,0.0
DHARAN-001,2026-03-05 14:00:00+05:45,6.3105,6.2983,1.4952,0.0
DHARAN-001,2026-03-05 15:00:00+05:45,6.9302,6.9049,1.6486,0.0
DHARAN-001,2026-03-05 16:00:00+05:45,6.3904,6.3714,1.5171,0.0
DHARAN-001,2026-03-05 17:00:00+05:45,7.209,7.1977,1.7327,0.0
DHARAN-001,2026-03-05 18:00:00+05:45,13.2045,13.1875,3.1292,0.0
DHARAN-001,2026-03-05 19:00:00+05:45,12.5977,12.5758,2.9923,0.0
DHARAN-001,2026-03-05 20:00:00+05:45,12.5469,12.5225,2.9842,0.0
DHARAN-001,2026-03-05 21:00:00+05:45,13.6975,13.6821,3.2542,0.0
DHARAN-001,2026-03-05 22:00:00+05:45,12.71,12.6959,3.0209,0.0
DHARAN-001,2026-03-05 23:00:00+05:45,6.5738,6.5484,1.5753,0.0
DHARAN-001,2026-03-06 00:00:00+05:45,5.9286,5.9128,1.4157,0.0
DHARAN-001,2026-03-06 01:00:00+05:45,7.5071,7.4974,1.7914,0.0
DHARAN-001,2026-03-06 02:00:00+05:45,6.3092,6.3017,1.4864,0.0
DHARAN-001,2026-03-06 03:00:00+05:45,6.1244,6.1046,1.4322,0.0
DHARAN-001,2026-03-06 04:00:00+05:45,5.9614,5.9459,1.4198,0.0
DHARAN-001,2026-03-06 05:00:00+05:45,7.0205,7.0024,1.654,0.0
DHARAN-001,2026-03-06 06:00:00+05:45,10.8443,10.8349,2.5745,0.0
DHARAN-001,2026-03-06 07:00:00+05:45,10.4937,10.4912,2.5152,0.0
DHARAN-001,2026-03-06 08:00:00+05:45,10.5859,10.5684,2.5317,0.0
DHARAN-001,2026-03-06 09:00:00+05:45,10.3546,10.348,2.4953,0.0
DHARAN-001,2026-03-06 10:00:00+05:45,6.2585,6.2313,1.4959,0.0
DHARAN-001,2026-03-06 11:00:00+05:45,6.2465,6.2317,1.4789,0.0
DHARAN-001,2026-03-06 12:00:00+05:45,6.4658,6.4512,1.5474,0.0
DHARAN-001,2026-03-06 13:00:00+05:45,6.1417,6.1286,1.4607,0.0
DHARAN-001,2026-03-06 14:00:00+05:45,6.0841,6.0657,1.4391,0.0
DHARAN-001,2026-03-06 15:00:00+05:45,6.3005,6.2862,1.4987,0.0
DHARAN-001,2026-03-06 16:00:00+05:45,6.0861,6.076,1.4484,0.0
DHARAN-001,2026-03-06 17:00:00+05:45,5.9793,5.9672,1.4391,0.0
DHARAN-001,2026-03-06 18:00:00+05:45,12.9729,12.9378,3.0954,0.0
DHARAN-001,2026-03-06 19:00:00+05:45,13.2135,13.1922,3.1337,0.0
DHARAN-001,2026-03-06 20:00:00+05:45,13.6173,13.6119,3.2497,0.0
DHARAN-001,2026-03-06 21:00:00+05:45,12.5125,12.4962,2.9738,0.0
DHARAN-001,2026-03-06 22:00:00+05:45,12.9066,12.8886,3.0604,0.0
DHARAN-001,2026-03-06 23:00:00+05:45,6.8856,6.8793,1.6484,0.0
DHARAN-001,2026-03-07 00:00:00+05:45,7.338,7.328,1.7462,0.0
DHARAN-001,2026-03-07 01:00:00+05:45,6.1814,6.172,1.4779,0.0
DHARAN-001,2026-03-07 02:00:00+05:45,5.8138,5.8003,1.3985,0.0
DHARAN-001,2026-03-07 03:00:00+05:45,6.266,6.2486,1.4813,0.0
DHARAN-001,2026-03-07 04:00:00+05:45,6.6245,6.6105,1.5843,0.0
DHARAN-001,2026-03-07 05:00:00+05:45,6.7311,6.7168,1.5958,0.0
DHARAN-001,2026-03-07 06:00:00+05:45,11.629,11.6077,2.7687,0.0
DHARAN-001,2026-03-07 07:00:00+05:45,10.7655,10.7483,2.5805,0.0
DHARAN-001,2026-03-07 08:00:00+05:45,11.4734,11.455,2.7263,0.0
DHARAN-001,2026-03-07 09:00:00+05:45,10.8769,10.8575,2.5974,0.0
DHARAN-001,2026-03-07 10:00:00+05:45,6.713,6.6891,1.6037,0.0
DHARAN-001,2026-03-07 11:00:00+05:45,6.0522,6.0241,1.4466,0.0
DHARAN-001,2026-03-07 12:00:00+05:45,6.9439,6.9266,1.6567,0.0
DHARAN-001,2026-03-07 13:00:00+05:45,6.4887,6.4809,1.5711,0.0
DHARAN-001,2026-03-07 14:00:00+05:45,6.4806,6.4636,1.5464,0.0
DHARAN-001,2026-03-07 15:00:00+05:45,7.0769,7.0704,1.688,0.0
DHARAN-001,2026-03-07 16:00:00+05:45,6.6712,6.6574,1.5915,0.0
DHARAN-001,2026-03-07 17:00:00+05:45,6.4631,6.4602,1.5175,0.0
DHARAN-001,2026-03-07 18:00:00+05:45,12.5191,12.5104,2.9808,0.0
DHARAN-001,2026-03-07 19:00:00+05:45,13.201,13.1864,3.1354,0.0
DHARAN-001,2026-03-07 20:00:00+05:45,12.5741,12.5599,2.9949,0.0
DHARAN-001,2026-03-07 21:00:00+05:45,12.668,12.6509,3.018,0.0
DHARAN-001,2026-03-07 22:00:00+05:45,13.0454,13.0388,3.1178,0.0
DHARAN-001,2026-03-07 23:00:00+05:45,5.6739,5.6569,1.3427,0.0
DHARAN-001,2026-03-08 00:00:00+05:45,6.718,6.6887,1.6131,0.0
DHARAN-001,2026-03-08 01:00:00+05:45,6.2204,6.1985,1.4794,0.0
DHARAN-001,2026-03-08 02:00:00+05:45,6.0012,5.9848,1.4341,0.0
DHARAN-001,2026-03-08 03:00:00+05:45,7.9727,7.9449,1.8954,0.0
DHARAN-001,2026-03-08 04:00:00+05:45,7.1429,7.1358,1.6972,0.0
DHARAN-001,2026-03-08 05:00:00+05:45,6.9947,6.9669,1.6797,0.0
DHARAN-001,2026-03-08 06:00:00+05:45,11.0796,11.0674,2.6633,0.0
DHARAN-001,2026-03-08 07:00:00+05:45,11.405,11.3842,2.7177,0.0
DHARAN-001,2026-03-08 08:00:00+05:45,10.6042,10.5898,2.5372,0.0
DHARAN-001,2026-03-08 09:00:00+05:45,11.0868,11.062,2.643,0.0
DHARAN-001,2026-03-08 10:00:00+05:45,6.1045,6.089,1.4505,0.0
DHARAN-001,2026-03-08 11:00:00+05:45,5.6832,5.6681,1.3657,0.0
DHARAN-001,2026-03-08 12:00:00+05:45,7.5422,7.541,1.7902,0.0
DHARAN-001,2026-03-08 13:00:00+05:45,4.9821,4.9679,1.1792,0.0
DHARAN-001,2026-03-08 14:00:00+05:45,7.0605,7.0427,1.6895,0.0
DHARAN-001,2026-03-08 15:00:00+05:45,6.9291,6.9175,1.654,0.0
DHARAN-001,2026-03-08 16:00:00+05:45,6.5549,6.5401,1.5555,0.0
DHARAN-001,2026-03-08 17:00:00+05:45,6.9929,6.9885,1.6694,0.0
DHARAN-001,2026-03-08 18:00:00+05:45,13.6872,13.6767,3.2646,0.0
DHARAN-001,2026-03-08 19:00:00+05:45,12.6845,12.6726,3.0195,0.0
DHARAN-001,2026-03-08 20:00:00+05:45,12.7046,12.6882,3.0253,0.0
DHARAN-001,2026-03-08 21:00:00+05:45,11.602,11.5882,2.7445,0.0
DHARAN-001,2026-03-08 22:00:00+05:45,12.9525,12.9413,3.097,0.0
DHARAN-001,2026-03-08 23:00:00+05:45,6.2404,6.2301,1.4718,0.0
DHARAN-001,2026-03-09 00:00:00+05:45,6.8766,6.8652,1.6435,0.0
DHARAN-001,2026-03-09 01:00:00+05:45,6.4481,6.448,1.523,0.0
DHARAN-001,2026-03-09 02:00:00+05:45,5.7795,5.7732,1.3946,0.0
DHARAN-001,2026-03-09 03:00:00+05:45,6.0469,6.0377,1.4551,0.0
DHARAN-001,2026-03-09 04:00:00+05:45,5.4644,5.4398,1.3107,0.0
DHARAN-001,2026-03-09 05:00:00+05:45,6.7314,6.7244,1.6009,0.0
DHARAN-001,2026-03-09 06:00:00+05:45,10.2651,10.2504,2.4549,0.0
DHARAN-001,2026-03-09 07:00:00+05:45,11.5585,11.5385,2.7434,0.0
DHARAN-001,2026-03-09 08:00:00+05:45,10.7141,10.7017,2.5507,0.0
DHARAN-001,2026-03-09 09:00:00+05:45,11.0649,11.064,2.6151,0.0
DHARAN-001,2026-03-09 10:00:00+05:45,6.4507,6.4474,1.5243,0.0
DHARAN-001,2026-03-09 11:00:00+05:45,6.1749,6.1617,1.4753,0.0
DHARAN-001,2026-03-09 12:00:00+05:45,5.7399,5.7196,1.361,0.0
DHARAN-001,2026-03-09 13:00:00+05:45,6.7419,6.7262,1.6135,0.0
DHARAN-001,2026-03-09 14:00:00+05:45,6.0539,6.0217,1.4446,0.0
DHARAN-001,2026-03-09 15:00:00+05:45,6.5212,6.5048,1.564,0.0
DHARAN-001,2026-03-09 16:00:00+05:45,5.7912,5.7846,1.3903,0.0
DHARAN-001,2026-03-09 17:00:00+05:45,6.334,6.3144,1.4992,0.0
DHARAN-001,2026-03-09 18:00:00+05:45,12.9346,12.9239,3.0901,0.0
DHARAN-001,2026-03-09 19:00:00+05:45,12.8269,12.8142,3.06,0.0
DHARAN-001,2026-03-09 20:00:00+05:45,12.9235,12.9067,3.0803,0.0
DHARAN-001,2026-03-09 21:00:00+05:45,13.5108,13.4864,3.2185,0.0
DHARAN-001,2026-03-09 22:00:00+05:45,12.9382,12.932,3.0945,0.0
DHARAN-001,2026-03-09 23:00:00+05:45,6.0662,6.0519,1.4525,0.0
DHARAN-001,2026-03-10 00:00:00+05:45,6.8805,6.863,1.6263,0.0
DHARAN-001,2026-03-10 01:00:00+05:45,6.2126,6.197,1.499,0.0
DHARAN-001,2026-03-10 02:00:00+05:45,6.5408,6.509,1.5556,0.0
DHARAN-001,2026-03-10 03:00:00+05:45,7.1772,7.1699,1.7014,0.0
DHARAN-001,2026-03-10 04:00:00+05:45,6.2582,6.2494,1.4909,0.0
DHARAN-001,2026-03-10 05:00:00+05:45,6.787,6.7807,1.6126,0.0
DHARAN-001,2026-03-10 06:00:00+05:45,11.6921,11.691,2.7829,0.0
DHARAN-001,2026-03-10 07:00:00+05:45,11.0702,11.0474,2.6331,0.0
DHARAN-001,2026-03-10 08:00:00+05:45,10.9479,10.9314,2.5988,0.0
DHARAN-001,2026-03-10 09:00:00+05:45,10.3655,10.3415,2.4814,0.0
DHARAN-001,2026-03-10 10:00:00+05:45,7.1362,7.1092,1.696,0.0
DHARAN-001,2026-03-10 11:00:00+05:45,7.0804,7.0727,1.6793,0.0
DHARAN-001,2026-03-10 12:00:00+05:45,7.4146,7.4027,1.7603,0.0
DHARAN-001,2026-03-10 13:00:00+05:45,6.194,6.1923,1.4723,0.0
DHARAN-001,2026-03-10 14:00:00+05:45,6.835,6.817,1.6365,0.0
DHARAN-001,2026-03-10 15:00:00+05:45,6.247,6.2381,1.4899,0.0
DHARAN-001,2026-03-10 16:00:00+05:45,6.5148,6.4887,1.5332,0.0
DHARAN-001,2026-03-10 17:00:00+05:45,6.6981,6.6764,1.595,0.0
DHARAN-001,2026-03-10 18:00:00+05:45,13.2513,13.2369,3.163,0.0
DHARAN-001,2026-03-10 19:00:00+05:45,11.8416,11.8101,2.8087,0.0
DHARAN-001,2026-03-10 20:00:00+05:45,12.6703,12.6505,3.037,0.0
DHARAN-001,2026-03-10 21:00:00+05:45,12.2328,12.2128,2.9189,0.0
DHARAN-001,2026-03-10 22:00:00+05:45,12.8237,12.8139,3.0579,0.0
DHARAN-001,2026-03-10 23:00:00+05:45,6.5675,6.5614,1.5676,0.0
DHARAN-001,2026-03-11 00:00:00+05:45,6.3665,6.3529,1.5126,0.0
DHARAN-001,2026-03-11 01:00:00+05:45,5.8477,5.8407,1.3829,0.0
DHARAN-001,2026-03-11 02:00:00+05:45,6.2707,6.2545,1.4989,0.0
DHARAN-001,2026-03-11 03:00:00+05:45,6.8486,6.8393,1.6199,0.0
DHARAN-001,2026-03-11 04:00:00+05:45,6.824,6.8227,1.6229,0.0
DHARAN-001,2026-03-11 05:00:00+05:45,7.4208,7.4025,1.7806,0.0
DHARAN-001,2026-03-11 06:00:00+05:45,11.2924,11.2814,2.686,0.0
DHARAN-001,2026-03-11 07:00:00+05:45,11.4394,11.4249,2.7385,0.0
DHARAN-001,2026-03-11 08:00:00+05:45,10.7736,10.7551,2.5716,0.0
DHARAN-001,2026-03-11 09:00:00+05:45,11.6142,11.5929,2.7685,0.0
DHARAN-001,2026-03-11 10:00:00+05:45,6.5099,6.4969,1.5585,0.0
DHARAN-001,2026-03-11 11:00:00+05:45,6.3417,6.3233,1.5166,0.0
DHARAN-001,2026-03-11 12:00:00+05:45,6.5751,6.5733,1.5807,0.0
DHARAN-001,2026-03-11 13:00:00+05:45,6.7019,6.6845,1.6035,0.0
DHARAN-001,2026-03-11 14:00:00+05:45,6.8633,6.8595,1.6462,0.0
DHARAN-001,2026-03-11 15:00:00+05:45,7.3785,7.3668,1.7534,0.0
DHARAN-001,2026-03-11 16:00:00+05:45,6.0294,6.0239,1.4404,0.0
DHARAN-001,2026-03-11 17:00:00+05:45,6.9347,6.9109,1.6585,0.0
DHARAN-001,2026-03-11 18:00:00+05:45,12.4713,12.4597,2.9793,0.0
DHARAN-001,2026-03-11 19:00:00+05:45,11.3876,11.3739,2.7125,0.0
DHARAN-001,2026-03-11 20:00:00+05:45,13.0552,13.0309,3.1263,0.0
DHARAN-001,2026-03-11 21:00:00+05:45,13.1786,13.1641,3.1258,0.0
DHARAN-001,2026-03-11 22:00:00+05:45,13.1671,13.1464,3.149,0.0
DHARAN-001,2026-03-11 23:00:00+05:45,6.0658,6.0598,1.46,0.0
DHARAN-001,2026-03-12 00:00:00+05:45,6.4903,6.4723,1.5532,0.0
DHARAN-001,2026-03-12 01:00:00+05:45,5.5241,5.4981,1.3355,0.0
DHARAN-001,2026-03-12 02:00:00+05:45,6.934,6.9191,1.661,0.0
DHARAN-001,2026-03-12 03:00:00+05:45,7.0511,7.0349,1.6748,0.0
DHARAN-001,2026-03-12 04:00:00+05:45,7.0432,7.028,1.6839,0.0
DHARAN-001,2026-03-12 05:00:00+05:45,6.5006,6.4887,1.5504,0.0
DHARAN-001,2026-03-12 06:00:00+05:45,11.123,11.1163,2.648,0.0
DHARAN-001,2026-03-12 07:00:00+05:45,11.4499,11.4366,2.7355,0.0
DHARAN-001,2026-03-12 08:00:00+05:45,10.9504,10.9484,2.6038,0.0
DHARAN-001,2026-03-12 09:00:00+05:45,11.5068,11.482,2.7462,0.0
DHARAN-001,2026-03-12 10:00:00+05:45,6.2776,6.2472,1.4951,0.0
DHARAN-001,2026-03-12 11:00:00+05:45,6.4303,6.415,1.5192,0.0
DHARAN-001,2026-03-12 12:00:00+05:45,6.7327,6.7109,1.6024,0.0
DHARAN-001,2026-03-12 13:00:00+05:45,6.1356,6.1257,1.4702,0.0
DHARAN-001,2026-03-12 14:00:00+05:45,6.5619,6.5412,1.5645,0.0
DHARAN-001,2026-03-12 15:00:00+05:45,7.1391,7.1299,1.7091,0.0
DHARAN-001,2026-03-12 16:00:00+05:45,5.8779,5.8604,1.3802,0.0
DHARAN-001,2026-03-12 17:00:00+05:45,6.7087,6.6937,1.6101,0.0
DHARAN-001,2026-03-12 18:00:00+05:45,12.9615,12.9379,3.0885,0.0
DHARAN-001,2026-03-12 19:00:00+05:45,13.8423,13.8354,3.3048,0.0
DHARAN-001,2026-03-12 20:00:00+05:45,12.3368,12.3135,2.922,0.0
DHARAN-001,2026-03-12 21:00:00+05:45,12.6481,12.6397,3.0111,0.0
DHARAN-001,2026-03-12 22:00:00+05:45,13.1484,13.1354,3.1342,0.0
DHARAN-001,2026-03-12 23:00:00+05:45,6.8198,6.8067,1.6256,0.0
DHARAN-001,2026-03-13 00:00:00+05:45,6.5576,6.5295,1.5538,0.0
DHARAN-001,2026-03-13 01:00:00+05:45,6.8477,6.8343,1.6228,0.0
DHARAN-001,2026-03-13 02:00:00+05:45,6.1899,6.1736,1.4676,0.0
DHARAN-001,2026-03-13 03:00:00+05:45,5.7904,5.776,1.3818,0.0
DHARAN-001,2026-03-13 04:00:00+05:45,6.3225,6.3037,1.4912,0.0
DHARAN-001,2026-03-13 05:00:00+05:45,7.2231,7.2075,1.7173,0.0
DHARAN-001,2026-03-13 06:00:00+05:45,10.6133,10.5982,2.5269,0.0
DHARAN-001,2026-03-13 07:00:00+05:45,10.3742,10.3618,2.4752,0.0
DHARAN-001,2026-03-13 08:00:00+05:45,11.3117,11.3013,2.6889,0.0
DHARAN-001,2026-03-13 09:00:00+05:45,11.3139,11.3059,2.6955,0.0
DHARAN-001,2026-03-13 10:00:00+05:45,6.3194,6.3178,1.4943,0.0
DHARAN-001,2026-03-13 11:00:00+05:45,6.6407,6.6318,1.566,0.0
DHARAN-001,2026-03-13 12:00:00+05:45,6.4694,6.4414,1.5528,0.0
DHARAN-001,2026-03-13 13:00:00+05:45,6.4804,6.4545,1.5425,0.0
DHARAN-001,2026-03-13 14:00:00+05:45,6.8189,6.809,1.6319,0.0
DHARAN-001,2026-03-13 15:00:00+05:45,6.745,6.743,1.6119,0.0
DHARAN-001,2026-03-13 16:00:00+05:45,6.4345,6.4065,1.5461,0.0
DHARAN-001,2026-03-13 17:00:00+05:45,6.5734,6.564,1.5737,0.0
DHARAN-001,2026-03-13 18:00:00+05:45,11.7187,11.6956,2.8006,0.0
DHARAN-001,2026-03-13 19:00:00+05:45,13.8689,13.8546,3.2952,0.0
DHARAN-001,2026-03-13 20:00:00+05:45,12.459,12.4275,2.9755,0.0
DHARAN-001,2026-03-13 21:00:00+05:45,12.7045,12.6783,3.0047,0.0
DHARAN-001,2026-03-13 22:00:00+05:45,11.811,11.8013,2.8185,0.0
DHARAN-001,2026-03-13 23:00:00+05:45,6.4778,6.4389,1.5429,0.0
DHARAN-001,2026-03-14 00:00:00+05:45,5.9867,5.9668,1.4232,0.0
DHARAN-001,2026-03-14 01:00:00+05:45,6.5241,6.5175,1.5523,0.0
DHARAN-001,2026-03-14 02:00:00+05:45,6.5946,6.577,1.5653,0.0
DHARAN-001,2026-03-14 03:00:00+05:45,6.8644,6.8419,1.6209,0.0
DHARAN-001,2026-03-14 04:00:00+05:45,6.5096,6.4994,1.5611,0.0
DHARAN-001,2026-03-14 05:00:00+05:45,6.4199,6.4087,1.5261,0.0
DHARAN-001,2026-03-14 06:00:00+05:45,10.5657,10.5639,2.527,0.0
DHARAN-001,2026-03-14 07:00:00+05:45,10.9076,10.9007,2.6111,0.0
DHARAN-001,2026-03-14 08:00:00+05:45,10.8329,10.8148,2.592,0.0
DHARAN-001,2026-03-14 09:00:00+05:45,11.4359,11.4244,2.7281,0.0
DHARAN-001,2026-03-14 10:00:00+05:45,6.7628,6.7541,1.617,0.0
DHARAN-001,2026-03-14 11:00:00+05:45,7.1589,7.1391,1.6961,0.0
DHARAN-001,2026-03-14 12:00:00+05:45,6.9079,6.8821,1.6636,0.0
DHARAN-001,2026-03-14 13:00:00+05:45,6.7585,6.7404,1.5995,0.0
DHARAN-001,2026-03-14 14:00:00+05:45,6.5341,6.5162,1.5584,0.0
DHARAN-001,2026-03-14 15:00:00+05:45,6.3981,6.3958,1.5151,0.0
DHARAN-001,2026-03-14 16:00:00+05:45,6.3293,6.3193,1.4875,0.0
DHARAN-001,2026-03-14 17:00:00+05:45,6.3649,6.3472,1.5239,0.0
DHARAN-001,2026-03-14 18:00:00+05:45,12.3365,12.3147,2.939,0.0
DHARAN-001,2026-03-14 19:00:00+05:45,12.3943,12.3728,2.9435,0.0
DHARAN-001,2026-03-14 20:00:00+05:45,13.2523,13.2114,3.154,0.0
DHARAN-001,2026-03-14 21:00:00+05:45,13.2595,13.2515,3.1539,0.0
DHARAN-001,2026-03-14 22:00:00+05:45,12.7231,12.6944,3.0157,0.0
DHARAN-001,2026-03-14 23:00:00+05:45,7.297,7.292,1.7299,0.0
DHARAN-001,2026-03-15 00:00:00+05:45,6.7164,6.7133,1.611,0.0
DHARAN-001,2026-03-15 01:00:00+05:45,6.662,6.6397,1.5812,0.0
DHARAN-001,2026-03-15 02:00:00+05:45,6.7923,6.7852,1.6122,0.0
DHARAN-001,2026-03-15 03:00:00+05:45,6.4073,6.4063,1.5399,0.0
DHARAN-001,2026-03-15 04:00:00+05:45,6.8637,6.8417,1.6414,0.0
DHARAN-001,2026-03-15 05:00:00+05:45,7.0543,7.0346,1.6855,0.0
DHARAN-001,2026-03-15 06:00:00+05:45,10.6778,10.6618,2.5599,0.0
DHARAN-001,2026-03-15 07:00:00+05:45,10.8299,10.7991,2.5827,0.0
DHARAN-001,2026-03-15 08:00:00+05:45,10.3311,10.3241,2.4561,0.0
DHARAN-001,2026-03-15 09:00:00+05:45,11.5546,11.5365,2.7482,0.0
DHARAN-001,2026-03-15 10:00:00+05:45,6.0137,5.9912,1.4391,0.0
DHARAN-001,2026-03-15 11:00:00+05:45,7.4322,7.4244,1.765,0.0
DHARAN-001,2026-03-15 12:00:00+05:45,6.7884,6.7726,1.5932,0.0
DHARAN-001,2026-03-15 13:00:00+05:45,7.2277,7.213,1.7279,0.0
DHARAN-001,2026-03-15 14:00:00+05:45,6.8487,6.8398,1.6268,0.0
DHARAN-001,2026-03-15 15:00:00+05:45,6.152,6.1275,1.4554,0.0
DHARAN-001,2026-03-15 16:00:00+05:45,7.3548,7.3387,1.734,0.0
DHARAN-001,2026-03-15 17:00:00+05:45,6.4177,6.397,1.5152,0.0
DHARAN-001,2026-03-15 18:00:00+05:45,12.1785,12.1595,2.9095,0.0
DHARAN-001,2026-03-15 19:00:00+05:45,12.6246,12.601,3.0061,0.0
DHARAN-001,2026-03-15 20:00:00+05:45,13.1507,13.1503,3.1185,0.0
DHARAN-001,2026-03-15 21:00:00+05:45,12.8705,12.8677,3.0578,0.0
DHARAN-001,2026-03-15 22:00:00+05:45,12.3513,12.3361,2.9488,0.0
DHARAN-001,2026-03-15 23:00:00+05:45,7.4218,7.4134,1.7478,0.0
DHARAN-001,2026-03-16 00:00:00+05:45,6.8082,6.7901,1.6157,0.0
DHARAN-001,2026-03-16 01:00:00+05:45,6.7337,6.7052,1.6004,0.0
DHARAN-001,2026-03-16 02:00:00+05:45,7.0337,7.0124,1.6848,0.0
DHARAN-001,2026-03-16 03:00:00+05:45,6.9829,6.9588,1.6596,0.0
DHARAN-001,2026-03-16 04:00:00+05:45,6.6233,6.6073,1.5751,0.0
DHARAN-001,2026-03-16 05:00:00+05:45,5.5001,5.4904,1.3103,0.0
DHARAN-001,2026-03-16 06:00:00+05:45,10.5442,10.5252,2.4969,0.0
DHARAN-001,2026-03-16 07:00:00+05:45,11.0472,11.0299,2.6357,0.0
DHARAN-001,2026-03-16 08:00:00+05:45,11.5515,11.5365,2.7582,0.0
DHARAN-001,2026-03-16 09:00:00+05:45,11.4449,11.4304,2.7434,0.0
DHARAN-001,2026-03-16 10:00:00+05:45,6.2988,6.2878,1.501,0.0
DHARAN-001,2026-03-16 11:00:00+05:45,6.6668,6.6544,1.569,0.0
DHARAN-001,2026-03-16 12:00:00+05:45,6.7473,6.7367,1.5875,0.0
DHARAN-001,2026-03-16 13:00:00+05:45,7.4353,7.4061,1.7703,0.0
DHARAN-001,2026-03-16 14:00:00+05:45,6.9109,6.8964,1.6425,0.0
DHARAN-001,2026-03-16 15:00:00+05:45,6.209,6.1868,1.4776,0.0
DHARAN-001,2026-03-16 16:00:00+05:45,6.5012,6.4882,1.5509,0.0
DHARAN-001,2026-03-16 17:00:00+05:45,7.0697,7.0601,1.6716,0.0
DHARAN-001,2026-03-16 18:00:00+05:45,12.3932,12.366,2.9471,0.0
DHARAN-001,2026-03-16 19:00:00+05:45,13.2425,13.2296,3.1649,0.0
DHARAN-001,2026-03-16 20:00:00+05:45,12.2353,12.2074,2.9157,0.0
DHARAN-001,2026-03-16 21:00:00+05:45,11.9332,11.9249,2.8567,0.0
DHARAN-001,2026-03-16 22:00:00+05:45,12.8846,12.8661,3.0619,0.0
DHARAN-001,2026-03-16 23:00:00+05:45,7.0425,7.018,1.6936,0.0
DHARAN-001,2026-03-17 00:00:00+05:45,6.3925,6.3881,1.515,0.0
DHARAN-001,2026-03-17 01:00:00+05:45,6.5324,6.5082,1.5531,0.0
DHARAN-001,2026-03-17 02:00:00+05:45,5.7228,5.7164,1.3623,0.0
DHARAN-001,2026-03-17 03:00:00+05:45,6.8064,6.7811,1.6132,0.0
DHARAN-001,2026-03-17 04:00:00+05:45,6.2879,6.262,1.4883,0.0
DHARAN-001,2026-03-17 05:00:00+05:45,5.7168,5.6941,1.3553,0.0
DHARAN-001,2026-03-17 06:00:00+05:45,10.906,10.8835,2.6082,0.0
DHARAN-001,2026-03-17 07:00:00+05:45,10.4732,10.4585,2.4953,0.0
DHARAN-001,2026-03-17 08:00:00+05:45,11.4204,11.4109,2.7251,0.0
DHARAN-001,2026-03-17 09:00:00+05:45,11.175,11.1417,2.6511,0.0
DHARAN-001,2026-03-17 10:00:00+05:45,5.7733,5.767,1.3716,0.0
DHARAN-001,2026-03-17 11:00:00+05:45,6.9964,6.9868,1.6748,0.0
DHARAN-001,2026-03-17 12:00:00+05:45,6.2205,6.2029,1.4818,0.0
DHARAN-001,2026-03-17 13:00:00+05:45,6.7641,6.7597,1.6105,0.0
DHARAN-001,2026-03-17 14:00:00+05:45,6.8852,6.8609,1.6398,0.0
DHARAN-001,2026-03-17 15:00:00+05:45,6.0997,6.085,1.4676,0.0
DHARAN-001,2026-03-17 16:00:00+05:45,7.1801,7.1667,1.708,0.0
DHARAN-001,2026-03-17 17:00:00+05:45,6.1522,6.1454,1.4481,0.0
DHARAN-001,2026-03-17 18:00:00+05:45,12.3722,12.372,2.9403,0.0
DHARAN-001,2026-03-17 19:00:00+05:45,13.3823,13.3601,3.1803,0.0
DHARAN-001,2026-03-17 20:00:00+05:45,12.9898,12.9833,3.0943,0.0
DHARAN-001,2026-03-17 21:00:00+05:45,12.6054,12.5865,3.0106,0.0
DHARAN-001,2026-03-17 22:00:00+05:45,13.1807,13.1627,3.1242,0.0
DHARAN-001,2026-03-17 23:00:00+05:45,6.9746,6.9634,1.6634,0.0
DHARAN-001,2026-03-18 00:00:00+05:45,6.7438,6.7266,1.6093,0.0
DHARAN-001,2026-03-18 01:00:00+05:45,5.9504,5.9303,1.4252,0.0
DHARAN-001,2026-03-18 02:00:00+05:45,6.928,6.9076,1.6589,0.0
DHARAN-001,2026-03-18 03:00:00+05:45,6.2527,6.2263,1.4886,0.0
DHARAN-001,2026-03-18 04:00:00+05:45,6.9593,6.929,1.6494,0.0
DHARAN-001,2026-03-18 05:00:00+05:45,6.1263,6.1171,1.468,0.0
DHARAN-001,2026-03-18 06:00:00+05:45,10.8624,10.8491,2.6087,0.0
DHARAN-001,2026-03-18 07:00:00+05:45,10.8417,10.8239,2.5739,0.0
DHARAN-001,2026-03-18 08:00:00+05:45,10.8057,10.7849,2.5672,0.0
DHARAN-001,2026-03-18 09:00:00+05:45,10.6778,10.675,2.547,0.0
DHARAN-001,2026-03-18 10:00:00+05:45,5.9411,5.9255,1.4216,0.0
DHARAN-001,2026-03-18 11:00:00+05:45,6.0235,6.0183,1.4391,0.0
DHARAN-001,2026-03-18 12:00:00+05:45,6.6238,6.6056,1.573,0.0
DHARAN-001,2026-03-18 13:00:00+05:45,6.4651,6.455,1.554,0.0
DHARAN-001,2026-03-18 14:00:00+05:45,6.2991,6.2835,1.5036,0.0
DHARAN-001,2026-03-18 15:00:00+05:45,7.2715,7.2644,1.7236,0.0
DHARAN-001,2026-03-18 16:00:00+05:45,6.888,6.8795,1.6339,0.0
DHARAN-001,2026-03-18 17:00:00+05:45,6.9419,6.9382,1.6544,0.0
DHARAN-001,2026-03-18 18:00:00+05:45,12.9531,12.9399,3.082,0.0
DHARAN-001,2026-03-18 19:00:00+05:45,12.6673,12.6475,3.0229,0.0
DHARAN-001,2026-03-18 20:00:00+05:45,12.6997,12.6819,3.0222,0.0
DHARAN-001,2026-03-18 21:00:00+05:45,12.0973,12.0946,2.8888,0.0
DHARAN-001,2026-03-18 22:00:00+05:45,12.9511,12.9351,3.0951,0.0
DHARAN-001,2026-03-18 23:00:00+05:45,6.7316,6.7262,1.597,0.0
DHARAN-001,2026-03-19 00:00:00+05:45,6.5545,6.5258,1.5447,0.0
DHARAN-001,2026-03-19 01:00:00+05:45,7.0316,7.0247,1.671,0.0
DHARAN-001,2026-03-19 02:00:00+05:45,6.8764,6.8569,1.6387,0.0
DHARAN-001,2026-03-19 03:00:00+05:45,6.1946,6.1783,1.4766,0.0
DHARAN-001,2026-03-19 04:00:00+05:45,6.6644,6.654,1.5821,0.0
DHARAN-001,2026-03-19 05:00:00+05:45,5.9085,5.8736,1.3913,0.0
DHARAN-001,2026-03-19 06:00:00+05:45,11.2574,11.2486,2.6929,0.0
DHARAN-001,2026-03-19 07:00:00+05:45,11.3951,11.3898,2.7003,0.0
DHARAN-001,2026-03-19 08:00:00+05:45,11.03,11.0081,2.6243,0.0
DHARAN-001,2026-03-19 09:00:00+05:45,10.8491,10.8292,2.598,0.0
DHARAN-001,2026-03-19 10:00:00+05:45,7.0841,7.0659,1.6875,0.0
DHARAN-001,2026-03-19 11:00:00+05:45,6.2475,6.2243,1.4956,0.0
DHARAN-001,2026-03-19 12:00:00+05:45,6.7354,6.7084,1.599,0.0
DHARAN-001,2026-03-19 13:00:00+05:45,5.9668,5.9505,1.4259,0.0
DHARAN-001,2026-03-19 14:00:00+05:45,6.2674,6.2539,1.4848,0.0
DHARAN-001,2026-03-19 15:00:00+05:45,6.0229,6.0065,1.4334,0.0
DHARAN-001,2026-03-19 16:00:00+05:45,7.0073,6.9886,1.6647,0.0
DHARAN-001,2026-03-19 17:00:00+05:45,6.6744,6.6651,1.5909,0.0
DHARAN-001,2026-03-19 18:00:00+05:45,12.8472,12.8187,3.062,0.0
DHARAN-001,2026-03-19 19:00:00+05:45,13.4167,13.3987,3.1884,0.0
DHARAN-001,2026-03-19 20:00:00+05:45,12.6202,12.6069,3.0168,0.0
DHARAN-001,2026-03-19 21:00:00+05:45,12.7753,12.7565,3.0395,0.0
DHARAN-001,2026-03-19 22:00:00+05:45,13.1516,13.1421,3.1379,0.0
DHARAN-001,2026-03-19 23:00:00+05:45,7.2826,7.2707,1.7266,0.0
DHARAN-001,2026-03-20 00:00:00+05:45,6.4624,6.4471,1.5396,0.0
DHARAN-001,2026-03-20 01:00:00+05:45,6.8601,6.8436,1.6092,0.0
DHARAN-001,2026-03-20 02:00:00+05:45,6.787,6.7759,1.632,0.0
DHARAN-001,2026-03-20 03:00:00+05:45,7.1559,7.1358,1.7,0.0
DHARAN-001,2026-03-20 04:00:00+05:45,6.9369,6.936,1.6334,0.0
DHARAN-001,2026-03-20 05:00:00+05:45,7.1754,7.1529,1.7348,0.0
DHARAN-001,2026-03-20 06:00:00+05:45,10.9865,10.9679,2.6382,0.0
DHARAN-001,2026-03-20 07:00:00+05:45,11.6794,11.6598,2.7774,0.0
DHARAN-001,2026-03-20 08:00:00+05:45,10.8029,10.7824,2.5898,0.0
DHARAN-001,2026-03-20 09:00:00+05:45,12.0119,12.011,2.8492,0.0
DHARAN-001,2026-03-20 10:00:00+05:45,5.7232,5.7209,1.3707,0.0
DHARAN-001,2026-03-20 11:00:00+05:45,6.5585,6.555,1.5578,0.0
DHARAN-001,2026-03-20 12:00:00+05:45,6.9362,6.9256,1.6458,0.0
DHARAN-001,2026-03-20 13:00:00+05:45,6.3556,6.3432,1.5318,0.0
DHARAN-001,2026-03-20 14:00:00+05:45,6.531,6.5129,1.5534,0.0
DHARAN-001,2026-03-20 15:00:00+05:45,6.633,6.6157,1.5818,0.0
DHARAN-001,2026-03-20 16:00:00+05:45,7.0217,7.0042,1.6727,0.0
DHARAN-001,2026-03-20 17:00:00+05:45,6.4008,6.3816,1.5302,0.0
DHARAN-001,2026-03-20 18:00:00+05:45,12.4506,12.4354,2.9607,0.0
DHARAN-001,2026-03-20 19:00:00+05:45,12.5487,12.5377,2.9909,0.0
DHARAN-001,2026-03-20 20:00:00+05:45,11.9008,11.884,2.8299,0.0
DHARAN-001,2026-03-20 21:00:00+05:45,13.122,13.0918,3.1293,0.0
DHARAN-001,2026-03-20 22:00:00+05:45,12.4886,12.4815,2.9818,0.0
DHARAN-001,2026-03-20 23:00:00+05:45,5.7079,5.6819,1.3444,0.0
DHARAN-001,2026-03-21 00:00:00+05:45,6.7874,6.7579,1.6246,0.0
DHARAN-001,2026-03-21 01:00:00+05:45,6.3325,6.306,1.5103,0.0
DHARAN-001,2026-03-21 02:00:00+05:45,6.9406,6.9236,1.6316,0.0
DHARAN-001,2026-03-21 03:00:00+05:45,6.2959,6.2957,1.5049,0.0
DHARAN-001,2026-03-21 04:00:00+05:45,6.4259,6.4061,1.5191,0.0
DHARAN-001,2026-03-21 05:00:00+05:45,6.4909,6.4741,1.5549,0.0
DHARAN-001,2026-03-21 06:00:00+05:45,11.6125,11.5962,2.7608,0.0
DHARAN-001,2026-03-21 07:00:00+05:45,10.7179,10.7078,2.5436,0.0
DHARAN-001,2026-03-21 08:00:00+05:45,11.3806,11.3777,2.6852,0.0
DHARAN-001,2026-03-21 09:00:00+05:45,10.9629,10.9516,2.6103,0.0
DHARAN-001,2026-03-21 10:00:00+05:45,7.0617,7.0455,1.6769,0.0
DHARAN-001,2026-03-21 11:00:00+05:45,6.923,6.8826,1.6482,0.0
DHARAN-001,2026-03-21 12:00:00+05:45,6.6046,6.6033,1.5707,0.0
DHARAN-001,2026-03-21 13:00:00+05:45,6.2925,6.2882,1.4873,0.0
DHARAN-001,2026-03-21 14:00:00+05:45,5.4344,5.4084,1.2936,0.0
DHARAN-001,2026-03-21 15:00:00+05:45,6.5284,6.5283,1.5576,0.0
DHARAN-001,2026-03-21 16:00:00+05:45,6.7749,6.7741,1.6068,0.0
DHARAN-001,2026-03-21 17:00:00+05:45,7.1229,7.0989,1.6886,0.0
DHARAN-001,2026-03-21 18:00:00+05:45,13.0352,13.0161,3.0974,0.0
DHARAN-001,2026-03-21 19:00:00+05:45,13.0799,13.0769,3.1316,0.0
DHARAN-001,2026-03-21 20:00:00+05:45,12.3388,12.3207,2.9391,0.0
DHARAN-001,2026-03-21 21:00:00+05:45,12.9233,12.8991,3.0663,0.0
DHARAN-001,2026-03-21 22:00:00+05:45,12.2848,12.2766,2.9227,0.0
DHARAN-001,2026-03-21 23:00:00+05:45,6.4385,6.4262,1.5299,0.0
DHARAN-001,2026-03-22 00:00:00+05:45,7.7584,7.7482,1.8418,0.0
DHARAN-001,2026-03-22 01:00:00+05:45,7.478,7.4619,1.7838,0.0
DHARAN-001,2026-03-22 02:00:00+05:45,6.3411,6.3269,1.494,0.0
DHARAN-001,2026-03-22 03:00:00+05:45,6.644,6.6243,1.5704,0.0
DHARAN-001,2026-03-22 04:00:00+05:45,6.5375,6.5022,1.546,0.0
DHARAN-001,2026-03-22 05:00:00+05:45,6.6851,6.6688,1.5906,0.0
DHARAN-001,2026-03-22 06:00:00+05:45,11.7213,11.7086,2.7965,0.0
DHARAN-001,2026-03-22 07:00:00+05:45,10.2626,10.2518,2.4548,0.0
DHARAN-001,2026-03-22 08:00:00+05:45,11.1274,11.1081,2.6325,0.0
DHARAN-001,2026-03-22 09:00:00+05:45,10.596,10.57,2.5298,0.0
DHARAN-001,2026-03-22 10:00:00+05:45,7.0894,7.078,1.6877,0.0
DHARAN-001,2026-03-22 11:00:00+05:45,7.0477,7.0296,1.6875,0.0
DHARAN-001,2026-03-22 12:00:00+05:45,7.6741,7.6653,1.8252,0.0
DHARAN-001,2026-03-22 13:00:00+05:45,6.7085,6.7047,1.6017,0.0
DHARAN-001,2026-03-22 14:00:00+05:45,6.9185,6.906,1.6366,0.0
DHARAN-001,2026-03-22 15:00:00+05:45,6.2919,6.2781,1.5072,0.0
DHARAN-001,2026-03-22 16:00:00+05:45,6.1966,6.1665,1.485,0.0
DHARAN-001,2026-03-22 17:00:00+05:45,6.7785,6.7564,1.6085,0.0
DHARAN-001,2026-03-22 18:00:00+05:45,13.0871,13.0699,3.1199,0.0
DHARAN-001,2026-03-22 19:00:00+05:45,12.5969,12.5792,2.9951,0.0
DHARAN-001,2026-03-22 20:00:00+05:45,12.4689,12.4528,2.9815,0.0
DHARAN-001,2026-03-22 21:00:00+05:45,12.5364,12.5173,3.0029,0.0
DHARAN-001,2026-03-22 22:00:00+05:45,13.3026,13.2908,3.1432,0.0
DHARAN-001,2026-03-22 23:00:00+05:45,6.2046,6.1879,1.4879,0.0
DHARAN-001,2026-03-23 00:00:00+05:45,6.59,6.5764,1.5768,0.0
DHARAN-001,2026-03-23 01:00:00+05:45,5.5603,5.5515,1.3151,0.0
DHARAN-001,2026-03-23 02:00:00+05:45,6.446,6.4356,1.5483,0.0
DHARAN-001,2026-03-23 03:00:00+05:45,6.3791,6.3603,1.5189,0.0
DHARAN-001,2026-03-23 04:00:00+05:45,7.2751,7.2524,1.7252,0.0
DHARAN-001,2026-03-23 05:00:00+05:45,7.2721,7.2574,1.726,0.0
DHARAN-001,2026-03-23 06:00:00+05:45,11.6364,11.6162,2.7603,0.0
DHARAN-001,2026-03-23 07:00:00+05:45,10.3181,10.3053,2.4647,0.0
DHARAN-001,2026-03-23 08:00:00+05:45,11.4769,11.4528,2.7328,0.0
DHARAN-001,2026-03-23 09:00:00+05:45,11.7957,11.7711,2.7971,0.0
DHARAN-001,2026-03-23 10:00:00+05:45,6.0172,6.007,1.4281,0.0
DHARAN-001,2026-03-23 11:00:00+05:45,5.6779,5.6523,1.3546,0.0
DHARAN-001,2026-03-23 12:00:00+05:45,6.8334,6.817,1.6078,0.0
DHARAN-001,2026-03-23 13:00:00+05:45,7.7613,7.7461,1.8462,0.0
DHARAN-001,2026-03-23 14:00:00+05:45,5.9201,5.9091,1.399,0.0
DHARAN-001,2026-03-23 15:00:00+05:45,6.2456,6.2214,1.4749,0.0
DHARAN-001,2026-03-23 16:00:00+05:45,7.0766,7.062,1.6883,0.0
DHARAN-001,2026-03-23 17:00:00+05:45,6.5216,6.4942,1.5453,0.0
DHARAN-001,2026-03-23 18:00:00+05:45,12.9795,12.9573,3.0716,0.0
DHARAN-001,2026-03-23 19:00:00+05:45,12.6298,12.6011,2.9992,0.0
DHARAN-001,2026-03-23 20:00:00+05:45,13.7696,13.7544,3.2672,0.0
DHARAN-001,2026-03-23 21:00:00+05:45,12.6288,12.6004,3.0014,0.0
DHARAN-001,2026-03-23 22:00:00+05:45,12.9518,12.9364,3.0794,0.0
DHARAN-001,2026-03-23 23:00:00+05:45,6.3488,6.3327,1.5132,0.0
DHARAN-001,2026-03-24 00:00:00+05:45,7.3768,7.3614,1.7587,0.0
DHARAN-001,2026-03-24 01:00:00+05:45,6.113,6.0871,1.4487,0.0
DHARAN-001,2026-03-24 02:00:00+05:45,7.3474,7.3278,1.7474,0.0
DHARAN-001,2026-03-24 03:00:00+05:45,6.4642,6.4467,1.5341,0.0
DHARAN-001,2026-03-24 04:00:00+05:45,6.5554,6.5368,1.5595,0.0
DHARAN-001,2026-03-24 05:00:00+05:45,6.3625,6.3339,1.5172,0.0
DHARAN-001,2026-03-24 06:00:00+05:45,12.4028,12.3979,2.9645,0.0
DHARAN-001,2026-03-24 07:00:00+05:45,10.5983,10.5761,2.5244,0.0
DHARAN-001,2026-03-24 08:00:00+05:45,11.3897,11.3705,2.7102,0.0
DHARAN-001,2026-03-24 09:00:00+05:45,10.7263,10.7114,2.5562,0.0
DHARAN-001,2026-03-24 10:00:00+05:45,5.6756,5.6696,1.3624,0.0
DHARAN-001,2026-03-24 11:00:00+05:45,6.9154,6.8955,1.6442,0.0
DHARAN-001,2026-03-24 12:00:00+05:45,5.534,5.5137,1.3317,0.0
DHARAN-001,2026-03-24 13:00:00+05:45,5.169,5.1686,1.2191,0.0
DHARAN-001,2026-03-24 14:00:00+05:45,6.91,6.8866,1.6537,0.0
DHARAN-001,2026-03-24 15:00:00+05:45,8.0465,8.0259,1.9375,0.0
DHARAN-001,2026-03-24 16:00:00+05:45,5.6263,5.6129,1.3355,0.0
DHARAN-001,2026-03-24 17:00:00+05:45,6.5494,6.5282,1.5681,0.0
DHARAN-001,2026-03-24 18:00:00+05:45,12.0347,12.0229,2.8536,0.0
DHARAN-001,2026-03-24 19:00:00+05:45,12.0718,12.0574,2.8591,0.0
DHARAN-001,2026-03-24 20:00:00+05:45,13.7253,13.7167,3.2563,0.0
DHARAN-001,2026-03-24 21:00:00+05:45,12.677,12.6498,3.0172,0.0
DHARAN-001,2026-03-24 22:00:00+05:45,12.9425,12.9291,3.0799,0.0
DHARAN-001,2026-03-24 23:00:00+05:45,6.5472,6.5322,1.5464,0.0
DHARAN-001,2026-03-25 00:00:00+05:45,6.2988,6.2883,1.5051,0.0
DHARAN-001,2026-03-25 01:00:00+05:45,5.7838,5.7568,1.3842,0.0
DHARAN-001,2026-03-25 02:00:00+05:45,6.4446,6.4397,1.5277,0.0
DHARAN-001,2026-03-25 03:00:00+05:45,6.8005,6.7893,1.6207,0.0
DHARAN-001,2026-03-25 04:00:00+05:45,6.5919,6.5899,1.5742,0.0
DHARAN-001,2026-03-25 05:00:00+05:45,6.995,6.9825,1.6632,0.0
DHARAN-001,2026-03-25 06:00:00+05:45,10.5391,10.5223,2.5233,0.0
DHARAN-001,2026-03-25 07:00:00+05:45,11.9062,11.9022,2.8329,0.0
DHARAN-001,2026-03-25 08:00:00+05:45,11.1962,11.1743,2.6663,0.0
DHARAN-001,2026-03-25 09:00:00+05:45,11.2712,11.2518,2.7121,0.0
DHARAN-001,2026-03-25 10:00:00+05:45,5.9579,5.9444,1.4321,0.0
DHARAN-001,2026-03-25 11:00:00+05:45,6.662,6.6414,1.6018,0.0
DHARAN-001,2026-03-25 12:00:00+05:45,6.9071,6.899,1.6441,0.0
DHARAN-001,2026-03-25 13:00:00+05:45,6.0679,6.065,1.435,0.0
DHARAN-001,2026-03-25 14:00:00+05:45,7.0504,7.0362,1.6802,0.0
DHARAN-001,2026-03-25 15:00:00+05:45,5.6538,5.6338,1.3475,0.0
DHARAN-001,2026-03-25 16:00:00+05:45,5.8669,5.8512,1.3921,0.0
DHARAN-001,2026-03-25 17:00:00+05:45,6.2302,6.2276,1.4752,0.0
DHARAN-001,2026-03-25 18:00:00+05:45,12.9545,12.928,3.069,0.0
DHARAN-001,2026-03-25 19:00:00+05:45,12.8994,12.8895,3.0742,0.0
DHARAN-001,2026-03-25 20:00:00+05:45,12.5841,12.5755,2.991,0.0
DHARAN-001,2026-03-25 21:00:00+05:45,13.182,13.1675,3.1183,0.0
DHARAN-001,2026-03-25 22:00:00+05:45,11.9836,11.9624,2.866,0.0
DHARAN-001,2026-03-25 23:00:00+05:45,6.5255,6.5147,1.5453,0.0
DHARAN-001,2026-03-26 00:00:00+05:45,6.9328,6.9237,1.6522,0.0
DHARAN-001,2026-03-26 01:00:00+05:45,6.2705,6.2396,1.5044,0.0
DHARAN-001,2026-03-26 02:00:00+05:45,6.4977,6.487,1.5409,0.0
DHARAN-001,2026-03-26 03:00:00+05:45,5.981,5.9572,1.4263,0.0
DHARAN-001,2026-03-26 04:00:00+05:45,6.2232,6.207,1.49,0.0
DHARAN-001,2026-03-26 05:00:00+05:45,6.8377,6.8199,1.6124,0.0
DHARAN-001,2026-03-26 06:00:00+05:45,11.4382,11.4324,2.7165,0.0
DHARAN-001,2026-03-26 07:00:00+05:45,10.556,10.5516,2.5237,0.0
DHARAN-001,2026-03-26 08:00:00+05:45,11.4974,11.4817,2.7347,0.0
DHARAN-001,2026-03-26 09:00:00+05:45,9.8603,9.8525,2.3281,0.0
DHARAN-001,2026-03-26 10:00:00+05:45,7.4966,7.4881,1.7987,0.0
DHARAN-001,2026-03-26 11:00:00+05:45,5.4247,5.4186,1.2882,0.0
DHARAN-001,2026-03-26 12:00:00+05:45,5.9248,5.9036,1.4237,0.0
DHARAN-001,2026-03-26 13:00:00+05:45,6.9516,6.942,1.6379,0.0
DHARAN-001,2026-03-26 14:00:00+05:45,6.5792,6.5669,1.5788,0.0
DHARAN-001,2026-03-26 15:00:00+05:45,6.2776,6.2544,1.4902,0.0
DHARAN-001,2026-03-26 16:00:00+05:45,6.9863,6.9633,1.6714,0.0
DHARAN-001,2026-03-26 17:00:00+05:45,6.4853,6.476,1.5472,0.0
DHARAN-001,2026-03-26 18:00:00+05:45,12.5025,12.485,2.9602,0.0
DHARAN-001,2026-03-26 19:00:00+05:45,12.7925,12.7579,3.0483,0.0
DHARAN-001,2026-03-26 20:00:00+05:45,13.3439,13.331,3.184,0.0
DHARAN-001,2026-03-26 21:00:00+05:45,12.6128,12.6034,3.0017,0.0
DHARAN-001,2026-03-26 22:00:00+05:45,12.9942,12.9897,3.08,0.0
DHARAN-001,2026-03-26 23:00:00+05:45,5.9326,5.9211,1.4171,0.0
DHARAN-001,2026-03-27 00:00:00+05:45,7.5678,7.5452,1.7923,0.0
DHARAN-001,2026-03-27 01:00:00+05:45,6.3758,6.3724,1.5208,0.0
DHARAN-001,2026-03-27 02:00:00+05:45,6.9341,6.9089,1.6463,0.0
DHARAN-001,2026-03-27 03:00:00+05:45,6.4086,6.3922,1.5272,0.0
DHARAN-001,2026-03-27 04:00:00+05:45,6.9112,6.8903,1.6595,0.0
DHARAN-001,2026-03-27 05:00:00+05:45,6.4678,6.4661,1.55,0.0
DHARAN-001,2026-03-27 06:00:00+05:45,11.074,11.0456,2.6229,0.0
DHARAN-001,2026-03-27 07:00:00+05:45,11.3424,11.3278,2.6819,0.0
DHARAN-001,2026-03-27 08:00:00+05:45,11.5473,11.5364,2.7536,0.0
DHARAN-001,2026-03-27 09:00:00+05:45,10.661,10.6357,2.5579,0.0
DHARAN-001,2026-03-27 10:00:00+05:45,6.1651,6.1595,1.4755,0.0
DHARAN-001,2026-03-27 11:00:00+05:45,6.488,6.4563,1.528,0.0
DHARAN-001,2026-03-27 12:00:00+05:45,5.6692,5.6625,1.3532,0.0
DHARAN-001,2026-03-27 13:00:00+05:45,7.0301,7.0202,1.6711,0.0
DHARAN-001,2026-03-27 14:00:00+05:45,6.538,6.5101,1.5612,0.0
DHARAN-001,2026-03-27 15:00:00+05:45,6.823,6.8166,1.6181,0.0
DHARAN-001,2026-03-27 16:00:00+05:45,6.5702,6.5446,1.5445,0.0
DHARAN-001,2026-03-27 17:00:00+05:45,5.577,5.5716,1.3308,0.0
DHARAN-001,2026-03-27 18:00:00+05:45,13.5871,13.5783,3.2327,0.0
DHARAN-001,2026-03-27 19:00:00+05:45,12.6279,12.6216,3.0315,0.0
DHARAN-001,2026-03-27 20:00:00+05:45,12.7672,12.7666,3.0317,0.0
DHARAN-001,2026-03-27 21:00:00+05:45,12.5633,12.5599,2.9816,0.0
DHARAN-001,2026-03-27 22:00:00+05:45,12.8331,12.8044,3.0549,0.0
DHARAN-001,2026-03-27 23:00:00+05:45,6.3976,6.3758,1.5249,0.0
DHARAN-001,2026-03-28 00:00:00+05:45,5.8432,5.8318,1.3933,0.0
DHARAN-001,2026-03-28 01:00:00+05:45,6.4844,6.465,1.5358,0.0
DHARAN-001,2026-03-28 02:00:00+05:45,6.1486,6.1217,1.4627,0.0
DHARAN-001,2026-03-28 03:00:00+05:45,6.1073,6.0938,1.4527,0.0
DHARAN-001,2026-03-28 04:00:00+05:45,6.4235,6.3972,1.5449,0.0
DHARAN-001,2026-03-28 05:00:00+05:45,6.1713,6.1612,1.4596,0.0
DHARAN-001,2026-03-28 06:00:00+05:45,10.8181,10.7952,2.5642,0.0
DHARAN-001,2026-03-28 07:00:00+05:45,11.2205,11.2078,2.6643,0.0
DHARAN-001,2026-03-28 08:00:00+05:45,11.0542,11.0319,2.6382,0.0
DHARAN-001,2026-03-28 09:00:00+05:45,10.7948,10.7823,2.556,0.0
DHARAN-001,2026-03-28 10:00:00+05:45,6.5612,6.546,1.555,0.0
DHARAN-001,2026-03-28 11:00:00+05:45,6.3692,6.347,1.5168,0.0
DHARAN-001,2026-03-28 12:00:00+05:45,6.1814,6.1663,1.473,0.0
DHARAN-001,2026-03-28 13:00:00+05:45,6.9523,6.9228,1.6563,0.0
DHARAN-001,2026-03-28 14:00:00+05:45,6.4321,6.4185,1.5337,0.0
DHARAN-001,2026-03-28 15:00:00+05:45,5.8154,5.8047,1.3945,0.0
DHARAN-001,2026-03-28 16:00:00+05:45,7.0916,7.0805,1.6888,0.0
DHARAN-001,2026-03-28 17:00:00+05:45,7.2007,7.1757,1.6997,0.0
DHARAN-001,2026-03-28 18:00:00+05:45,12.2652,12.2357,2.925,0.0
DHARAN-001,2026-03-28 19:00:00+05:45,12.8258,12.8051,3.0563,0.0
DHARAN-001,2026-03-28 20:00:00+05:45,13.1998,13.183,3.1483,0.0
DHARAN-001,2026-03-28 21:00:00+05:45,13.1355,13.1205,3.1386,0.0
DHARAN-001,2026-03-28 22:00:00+05:45,12.114,12.1035,2.8936,0.0
DHARAN-001,2026-03-28 23:00:00+05:45,6.7481,6.7383,1.6098,0.0
DHARAN-001,2026-03-29 00:00:00+05:45,6.5006,6.4822,1.5587,0.0
DHARAN-001,2026-03-29 01:00:00+05:45,7.0876,7.0742,1.6883,0.0
DHARAN-001,2026-03-29 02:00:00+05:45,6.6276,6.6083,1.5973,0.0
DHARAN-001,2026-03-29 03:00:00+05:45,8.0789,8.0649,1.9247,0.0
DHARAN-001,2026-03-29 04:00:00+05:45,6.9611,6.9383,1.6417,0.0
DHARAN-001,2026-03-29 05:00:00+05:45,5.4566,5.421,1.2938,0.0
DHARAN-001,2026-03-29 06:00:00+05:45,11.3524,11.3351,2.7139,0.0
DHARAN-001,2026-03-29 07:00:00+05:45,10.4887,10.4813,2.4856,0.0
DHARAN-001,2026-03-29 08:00:00+05:45,11.088,11.0773,2.6482,0.0
DHARAN-001,2026-03-29 09:00:00+05:45,11.838,11.8275,2.8176,0.0
DHARAN-001,2026-03-29 10:00:00+05:45,5.8684,5.8634,1.4151,0.0
DHARAN-001,2026-03-29 11:00:00+05:45,6.6161,6.6056,1.5659,0.0
DHARAN-001,2026-03-29 12:00:00+05:45,7.2834,7.2703,1.741,0.0
DHARAN-001,2026-03-29 13:00:00+05:45,6.016,5.9842,1.423,0.0
DHARAN-001,2026-03-29 14:00:00+05:45,5.6187,5.5936,1.3411,0.0
DHARAN-001,2026-03-29 15:00:00+05:45,5.8139,5.7891,1.3789,0.0
DHARAN-001,2026-03-29 16:00:00+05:45,6.5819,6.5529,1.5619,0.0
DHARAN-001,2026-03-29 17:00:00+05:45,7.5,7.4893,1.7863,0.0
DHARAN-001,2026-03-29 18:00:00+05:45,12.2904,12.2864,2.917,0.0
DHARAN-001,2026-03-29 19:00:00+05:45,12.5918,12.5808,2.9971,0.0
DHARAN-001,2026-03-29 20:00:00+05:45,12.9586,12.9446,3.061,0.0
DHARAN-001,2026-03-29 21:00:00+05:45,12.5361,12.5192,2.9751,0.0
DHARAN-001,2026-03-29 22:00:00+05:45,13.447,13.434,3.2001,0.0
DHARAN-001,2026-03-29 23:00:00+05:45,5.5567,5.5564,1.3385,0.0
DHARAN-001,2026-03-30 00:00:00+05:45,6.6572,6.6322,1.598,0.0
DHARAN-001,2026-03-30 01:00:00+05:45,6.526,6.5177,1.5561,0.0
DHARAN-001,2026-03-30 02:00:00+05:45,6.8019,6.7948,1.6272,0.0
DHARAN-001,2026-03-30 03:00:00+05:45,7.1336,7.1205,1.6951,0.0
DHARAN-001,2026-03-30 04:00:00+05:45,6.8441,6.8261,1.6295,0.0
DHARAN-001,2026-03-30 05:00:00+05:45,6.1916,6.1813,1.4545,0.0
DHARAN-001,2026-03-30 06:00:00+05:45,11.8615,11.8401,2.826,0.0
DHARAN-001,2026-03-30 07:00:00+05:45,11.5008,11.4925,2.7274,0.0
DHARAN-001,2026-03-30 08:00:00+05:45,11.7008,11.6879,2.7683,0.0
DHARAN-001,2026-03-30 09:00:00+05:45,11.0814,11.0692,2.6434,0.0
DHARAN-001,2026-03-30 10:00:00+05:45,7.3429,7.3354,1.7579,0.0
DHARAN-001,2026-03-30 11:00:00+05:45,7.3574,7.3254,1.7458,0.0
DHARAN-001,2026-03-30 12:00:00+05:45,6.2985,6.2888,1.4984,0.0
DHARAN-001,2026-03-30 13:00:00+05:45,6.5218,6.5013,1.5697,0.0
DHARAN-001,2026-03-30 14:00:00+05:45,6.6812,6.6694,1.5913,0.0
DHARAN-001,2026-03-30 15:00:00+05:45,6.0987,6.093,1.4451,0.0
DHARAN-001,2026-03-30 16:00:00+05:45,6.8615,6.8346,1.6139,0.0
DHARAN-001,2026-03-30 17:00:00+05:45,5.7404,5.7221,1.3719,0.0
DHARAN-001,2026-03-30 18:00:00+05:45,12.6236,12.6055,3.0189,0.0
DHARAN-001,2026-03-30 19:00:00+05:45,12.7865,12.7735,3.0262,0.0
DHARAN-001,2026-03-30 20:00:00+05:45,13.253,13.2462,3.1675,0.0
DHARAN-001,2026-03-30 21:00:00+05:45,13.122,13.1147,3.114,0.0
DHARAN-001,2026-03-30 22:00:00+05:45,12.6718,12.6583,3.0303,0.0
DHARAN-001,2026-03-30 23:00:00+05:45,6.9249,6.9119,1.6529,0.0
DHARAN-001,2026-03-31 00:00:00+05:45,5.9251,5.8961,1.4169,0.0
DHARAN-001,2026-03-31 01:00:00+05:45,6.5172,6.5047,1.5613,0.0
DHARAN-001,2026-03-31 02:00:00+05:45,5.6748,5.6489,1.3608,0.0
DHARAN-001,2026-03-31 03:00:00+05:45,6.5243,6.5101,1.5354,0.0
DHARAN-001,2026-03-31 04:00:00+05:45,6.528,6.5216,1.5482,0.0
DHARAN-001,2026-03-31 05:00:00+05:45,6.6218,6.5949,1.5771,0.0
DHARAN-001,2026-03-31 06:00:00+05:45,11.5257,11.5008,2.755,0.0
DHARAN-001,2026-03-31 07:00:00+05:45,10.9165,10.8999,2.6078,0.0
DHARAN-001,2026-03-31 08:00:00+05:45,11.0442,11.0265,2.6149,0.0
DHARAN-001,2026-03-31 09:00:00+05:45,11.2245,11.2008,2.6639,0.0
DHARAN-001,2026-03-31 10:00:00+05:45,6.9722,6.9523,1.6465,0.0
DHARAN-001,2026-03-31 11:00:00+05:45,6.6546,6.6403,1.5726,0.0
DHARAN-001,2026-03-31 12:00:00+05:45,6.6061,6.5781,1.5565,0.0
DHARAN-001,2026-03-31 13:00:00+05:45,6.4982,6.4715,1.5515,0.0
DHARAN-001,2026-03-31 14:00:00+05:45,6.9365,6.9241,1.6486,0.0
DHARAN-001,2026-03-31 15:00:00+05:45,6.6868,6.6771,1.5923,0.0
DHARAN-001,2026-03-31 16:00:00+05:45,6.5962,6.5842,1.568,0.0
DHARAN-001,2026-03-31 17:00:00+05:45,7.0276,7.0048,1.661,0.0
DHARAN-001,2026-03-31 18:00:00+05:45,12.606,12.5904,2.9942,0.0
DHARAN-001,2026-03-31 19:00:00+05:45,12.1191,12.1029,2.8791,0.0
DHARAN-001,2026-03-31 20:00:00+05:45,14.0804,14.0597,3.3386,0.0
DHARAN-001,2026-03-31 21:00:00+05:45,12.8471,12.8401,3.0573,0.0
DHARAN-001,2026-03-31 22:00:00+05:45,11.8036,11.789,2.8187,0.0
DHARAN-001,2026-03-31 23:00:00+05:45,5.4375,5.4245,1.2998,0.0
DHARAN-001,2026-04-01 00:00:00+05:45,6.3855,6.3732,1.5266,0.0
DHARAN-001,2026-04-01 01:00:00+05:45,7.4158,7.4053,1.7594,0.0
DHARAN-001,2026-04-01 02:00:00+05:45,6.4849,6.4761,1.5443,0.0
DHARAN-001,2026-04-01 03:00:00+05:45,6.1733,6.1616,1.4602,0.0
DHARAN-001,2026-04-01 04:00:00+05:45,5.967,5.9511,1.4211,0.0
DHARAN-001,2026-04-01 05:00:00+05:45,5.5246,5.5027,1.3158,0.0
DHARAN-001,2026-04-01 06:00:00+05:45,11.4015,11.3765,2.6934,0.0
DHARAN-001,2026-04-01 07:00:00+05:45,11.9271,11.9061,2.8131,0.0
DHARAN-001,2026-04-01 08:00:00+05:45,11.206,11.1955,2.6588,0.0
DHARAN-001,2026-04-01 09:00:00+05:45,11.1132,11.095,2.6522,0.0
DHARAN-001,2026-04-01 10:00:00+05:45,6.1645,6.1462,1.4743,0.0
DHARAN-001,2026-04-01 11:00:00+05:45,6.374,6.3706,1.536,0.0
DHARAN-001,2026-04-01 12:00:00+05:45,5.907,5.8886,1.4148,0.0
DHARAN-001,2026-04-01 13:00:00+05:45,6.6735,6.6524,1.5788,0.0
DHARAN-001,2026-04-01 14:00:00+05:45,7.0851,7.0684,1.6811,0.0
DHARAN-001,2026-04-01 15:00:00+05:45,7.1113,7.0933,1.6844,0.0
DHARAN-001,2026-04-01 16:00:00+05:45,7.0673,7.0546,1.705,0.0
DHARAN-001,2026-04-01 17:00:00+05:45,6.4125,6.3849,1.5158,0.0
DHARAN-001,2026-04-01 18:00:00+05:45,12.0405,12.0349,2.8534,0.0
DHARAN-001,2026-04-01 19:00:00+05:45,12.1304,12.118,2.8904,0.0
DHARAN-001,2026-04-01 20:00:00+05:45,11.9555,11.9351,2.8404,0.0
DHARAN-001,2026-04-01 21:00:00+05:45,13.2289,13.2142,3.1539,0.0
DHARAN-001,2026-04-01 22:00:00+05:45,12.7672,12.7595,3.0237,0.0
DHARAN-001,2026-04-01 23:00:00+05:45,6.0384,6.0321,1.4377,0.0
DHARAN-001,2026-04-02 00:00:00+05:45,6.3853,6.3755,1.5215,0.0
DHARAN-001,2026-04-02 01:00:00+05:45,6.5781,6.565,1.5602,0.0
DHARAN-001,2026-04-02 02:00:00+05:45,6.2855,6.2705,1.4981,0.0
DHARAN-001,2026-04-02 03:00:00+05:45,5.6618,5.6504,1.3437,0.0
DHARAN-001,2026-04-02 04:00:00+05:45,7.18,7.1556,1.7039,0.0
DHARAN-001,2026-04-02 05:00:00+05:45,5.9961,5.991,1.4312,0.0
DHARAN-001,2026-04-02 06:00:00+05:45,10.7795,10.7526,2.5546,0.0
DHARAN-001,2026-04-02 07:00:00+05:45,10.4879,10.4735,2.5015,0.0
DHARAN-001,2026-04-02 08:00:00+05:45,11.3096,11.3074,2.7095,0.0
DHARAN-001,2026-04-02 09:00:00+05:45,11.2537,11.2422,2.698,0.0
DHARAN-001,2026-04-02 10:00:00+05:45,6.6188,6.605,1.572,0.0
DHARAN-001,2026-04-02 11:00:00+05:45,6.3699,6.3527,1.5086,0.0
DHARAN-001,2026-04-02 12:00:00+05:45,6.1959,6.1778,1.4749,0.0
DHARAN-001,2026-04-02 13:00:00+05:45,7.4179,7.3932,1.7587,0.0
DHARAN-001,2026-04-02 14:00:00+05:45,6.1918,6.1787,1.4792,0.0
DHARAN-001,2026-04-02 15:00:00+05:45,6.4078,6.3827,1.5353,0.0
DHARAN-001,2026-04-02 16:00:00+05:45,6.9535,6.9333,1.6585,0.0
DHARAN-001,2026-04-02 17:00:00+05:45,6.6616,6.6574,1.5792,0.0
DHARAN-001,2026-04-02 18:00:00+05:45,12.6392,12.6193,3.0099,0.0
DHARAN-001,2026-04-02 19:00:00+05:45,12.2982,12.2919,2.952,0.0
DHARAN-001,2026-04-02 20:00:00+05:45,12.6868,12.6583,3.02,0.0
DHARAN-001,2026-04-02 21:00:00+05:45,13.0119,12.9972,3.0973,0.0
DHARAN-001,2026-04-02 22:00:00+05:45,13.2479,13.234,3.1599,0.0
DHARAN-001,2026-04-02 23:00:00+05:45,6.0283,6.0101,1.4218,0.0
DHARAN-001,2026-04-03 00:00:00+05:45,6.1593,6.1403,1.4676,0.0
DHARAN-001,2026-04-03 01:00:00+05:45,6.3728,6.363,1.5224,0.0
DHARAN-001,2026-04-03 02:00:00+05:45,6.677,6.6656,1.5932,0.0
DHARAN-001,2026-04-03 03:00:00+05:45,5.8502,5.8367,1.3922,0.0
DHARAN-001,2026-04-03 04:00:00+05:45,6.3663,6.3454,1.5139,0.0
DHARAN-001,2026-04-03 05:00:00+05:45,6.8962,6.8831,1.6367,0.0
DHARAN-001,2026-04-03 06:00:00+05:45,10.7573,10.7471,2.5712,0.0
DHARAN-001,2026-04-03 07:00:00+05:45,11.0633,11.0475,2.6416,0.0
DHARAN-001,2026-04-03 08:00:00+05:45,10.5318,10.5103,2.5234,0.0
DHARAN-001,2026-04-03 09:00:00+05:45,10.8123,10.806,2.5823,0.0
DHARAN-001,2026-04-03 10:00:00+05:45,6.7887,6.7769,1.6033,0.0
DHARAN-001,2026-04-03 11:00:00+05:45,6.4547,6.4542,1.5266,0.0
DHARAN-001,2026-04-03 12:00:00+05:45,7.6096,7.6029,1.7885,0.0
DHARAN-001,2026-04-03 13:00:00+05:45,6.4426,6.4297,1.5408,0.0
DHARAN-001,2026-04-03 14:00:00+05:45,6.3421,6.328,1.5023,0.0
DHARAN-001,2026-04-03 15:00:00+05:45,6.0545,6.0354,1.4432,0.0
DHARAN-001,2026-04-03 16:00:00+05:45,5.8581,5.8271,1.4105,0.0
DHARAN-001,2026-04-03 17:00:00+05:45,6.1912,6.1794,1.4754,0.0
DHARAN-001,2026-04-03 18:00:00+05:45,13.0621,13.0425,3.0931,0.0
DHARAN-001,2026-04-03 19:00:00+05:45,11.8944,11.8825,2.8452,0.0
DHARAN-001,2026-04-03 20:00:00+05:45,12.5109,12.4894,2.9952,0.0
DHARAN-001,2026-04-03 21:00:00+05:45,12.2272,12.1976,2.897,0.0
DHARAN-001,2026-04-03 22:00:00+05:45,12.6074,12.6023,2.9976,0.0
DHARAN-001,2026-04-03 23:00:00+05:45,6.8149,6.8086,1.6273,0.0
DHARAN-001,2026-04-04 00:00:00+05:45,6.356,6.3436,1.5178,0.0
DHARAN-001,2026-04-04 01:00:00+05:45,6.9677,6.9388,1.6665,0.0
DHARAN-001,2026-04-04 02:00:00+05:45,5.9173,5.9104,1.3935,0.0
DHARAN-001,2026-04-04 03:00:00+05:45,6.5004,6.4881,1.5524,0.0
DHARAN-001,2026-04-04 04:00:00+05:45,6.9844,6.9599,1.6487,0.0
DHARAN-001,2026-04-04 05:00:00+05:45,6.3238,6.3151,1.5039,0.0
DHARAN-001,2026-04-04 06:00:00+05:45,10.5393,10.5278,2.5203,0.0
DHARAN-001,2026-04-04 07:00:00+05:45,11.1342,11.1195,2.6692,0.0
DHARAN-001,2026-04-04 08:00:00+05:45,11.8938,11.8835,2.8212,0.0
DHARAN-001,2026-04-04 09:00:00+05:45,10.3992,10.3957,2.4716,0.0
DHARAN-001,2026-04-04 10:00:00+05:45,7.0715,7.0418,1.6857,0.0
DHARAN-001,2026-04-04 11:00:00+05:45,5.6868,5.6726,1.3453,0.0
DHARAN-001,2026-04-04 12:00:00+05:45,6.2989,6.2791,1.5128,0.0
DHARAN-001,2026-04-04 13:00:00+05:45,6.9327,6.9096,1.6336,0.0
DHARAN-001,2026-04-04 14:00:00+05:45,6.181,6.177,1.4812,0.0
DHARAN-001,2026-04-04 15:00:00+05:45,7.2319,7.205,1.7293,0.0
DHARAN-001,2026-04-04 16:00:00+05:45,6.7983,6.7858,1.6155,0.0
DHARAN-001,2026-04-04 17:00:00+05:45,6.8529,6.8408,1.6318,0.0
DHARAN-001,2026-04-04 18:00:00+05:45,13.06,13.0514,3.1109,0.0
DHARAN-001,2026-04-04 19:00:00+05:45,13.0147,12.9958,3.0994,0.0
DHARAN-001,2026-04-04 20:00:00+05:45,12.4379,12.409,2.9729,0.0
DHARAN-001,2026-04-04 21:00:00+05:45,13.5298,13.5179,3.213,0.0
DHARAN-001,2026-04-04 22:00:00+05:45,12.6189,12.6067,2.9913,0.0
DHARAN-001,2026-04-04 23:00:00+05:45,6.2766,6.262,1.4766,0.0
DHARAN-001,2026-04-05 00:00:00+05:45,7.3559,7.3367,1.7647,0.0
DHARAN-001,2026-04-05 01:00:00+05:45,7.5655,7.5526,1.801,0.0
DHARAN-001,2026-04-05 02:00:00+05:45,5.9752,5.9664,1.4124,0.0
DHARAN-001,2026-04-05 03:00:00+05:45,6.4233,6.3959,1.5411,0.0
DHARAN-001,2026-04-05 04:00:00+05:45,7.1013,7.0955,1.6911,0.0
DHARAN-001,2026-04-05 05:00:00+05:45,7.28,7.2738,1.7368,0.0
DHARAN-001,2026-04-05 06:00:00+05:45,10.1709,10.1675,2.4278,0.0
DHARAN-001,2026-04-05 07:00:00+05:45,10.8007,10.7887,2.5645,0.0
DHARAN-001,2026-04-05 08:00:00+05:45,11.2352,11.2197,2.6819,0.0
DHARAN-001,2026-04-05 09:00:00+05:45,12.039,12.021,2.8698,0.0
DHARAN-001,2026-04-05 10:00:00+05:45,5.7923,5.7811,1.3646,0.0
DHARAN-001,2026-04-05 11:00:00+05:45,7.045,7.0251,1.6786,0.0
DHARAN-001,2026-04-05 12:00:00+05:45,6.8406,6.8169,1.633,0.0
DHARAN-001,2026-04-05 13:00:00+05:45,6.1691,6.1572,1.4614,0.0
DHARAN-001,2026-04-05 14:00:00+05:45,6.6782,6.6628,1.5944,0.0
DHARAN-001,2026-04-05 15:00:00+05:45,5.9888,5.9734,1.4235,0.0
DHARAN-001,2026-04-05 16:00:00+05:45,6.2461,6.23,1.4877,0.0
DHARAN-001,2026-04-05 17:00:00+05:45,6.2047,6.1978,1.4785,0.0
DHARAN-001,2026-04-05 18:00:00+05:45,13.9396,13.9224,3.3089,0.0
DHARAN-001,2026-04-05 19:00:00+05:45,13.2265,13.2211,3.168,0.0
DHARAN-001,2026-04-05 20:00:00+05:45,12.4586,12.4455,2.9795,0.0
DHARAN-001,2026-04-05 21:00:00+05:45,12.8554,12.8495,3.0521,0.0
DHARAN-001,2026-04-05 22:00:00+05:45,12.917,12.8992,3.0753,0.0
DHARAN-001,2026-04-05 23:00:00+05:45,6.3139,6.2997,1.4901,0.0
DHARAN-001,2026-04-06 00:00:00+05:45,7.3831,7.3621,1.7654,0.0
DHARAN-001,2026-04-06 01:00:00+05:45,6.4773,6.4573,1.5453,0.0
DHARAN-001,2026-04-06 02:00:00+05:45,6.2632,6.2537,1.5166,0.0
DHARAN-001,2026-04-06 03:00:00+05:45,7.211,7.1809,1.7052,0.0
DHARAN-001,2026-04-06 04:00:00+05:45,6.46,6.4483,1.5504,0.0
DHARAN-001,2026-04-06 05:00:00+05:45,6.486,6.4578,1.5539,0.0
DHARAN-001,2026-04-06 06:00:00+05:45,12.2327,12.2178,2.908,0.0
DHARAN-001,2026-04-06 07:00:00+05:45,10.494,10.4784,2.4839,0.0
DHARAN-001,2026-04-06 08:00:00+05:45,10.9584,10.948,2.6046,0.0
DHARAN-001,2026-04-06 09:00:00+05:45,11.1012,11.0775,2.6569,0.0
DHARAN-001,2026-04-06 10:00:00+05:45,6.5142,6.5008,1.54,0.0
DHARAN-001,2026-04-06 11:00:00+05:45,6.4034,6.3823,1.5362,0.0
DHARAN-001,2026-04-06 12:00:00+05:45,6.0596,6.0446,1.4474,0.0
DHARAN-001,2026-04-06 13:00:00+05:45,6.5134,6.5002,1.567,0.0
DHARAN-001,2026-04-06 14:00:00+05:45,6.9062,6.893,1.6479,0.0
DHARAN-001,2026-04-06 15:00:00+05:45,6.5973,6.5906,1.572,0.0
DHARAN-001,2026-04-06 16:00:00+05:45,6.5419,6.5354,1.5481,0.0
DHARAN-001,2026-04-06 17:00:00+05:45,6.2765,6.254,1.5076,0.0
DHARAN-001,2026-04-06 18:00:00+05:45,12.6344,12.6187,3.0163,0.0
DHARAN-001,2026-04-06 19:00:00+05:45,12.067,12.0637,2.8829,0.0
DHARAN-001,2026-04-06 20:00:00+05:45,12.2316,12.2225,2.8994,0.0
DHARAN-001,2026-04-06 21:00:00+05:45,12.9165,12.8954,3.0833,0.0
DHARAN-001,2026-04-06 22:00:00+05:45,12.1994,12.184,2.9042,0.0
DHARAN-001,2026-04-06 23:00:00+05:45,7.7189,7.7087,1.8318,0.0
DHARAN-001,2026-04-07 00:00:00+05:45,6.9513,6.9493,1.6347,0.0
DHARAN-001,2026-04-07 01:00:00+05:45,6.0864,6.0747,1.4514,0.0
DHARAN-001,2026-04-07 02:00:00+05:45,6.3006,6.2744,1.5126,0.0
DHARAN-001,2026-04-07 03:00:00+05:45,5.7955,5.7721,1.3818,0.0
DHARAN-001,2026-04-07 04:00:00+05:45,6.4661,6.4619,1.5489,0.0
DHARAN-001,2026-04-07 05:00:00+05:45,6.3743,6.3577,1.5249,0.0
DHARAN-001,2026-04-07 06:00:00+05:45,10.411,10.3951,2.4711,0.0
DHARAN-001,2026-04-07 07:00:00+05:45,11.2382,11.2267,2.662,0.0
DHARAN-001,2026-04-07 08:00:00+05:45,10.6971,10.6837,2.5522,0.0
DHARAN-001,2026-04-07 09:00:00+05:45,11.0058,11.0046,2.6283,0.0
DHARAN-001,2026-04-07 10:00:00+05:45,6.2522,6.2361,1.4852,0.0
DHARAN-001,2026-04-07 11:00:00+05:45,7.2033,7.1822,1.6964,0.0
DHARAN-001,2026-04-07 12:00:00+05:45,7.248,7.2193,1.7184,0.0
DHARAN-001,2026-04-07 13:00:00+05:45,7.4914,7.4707,1.7746,0.0
DHARAN-001,2026-04-07 14:00:00+05:45,6.4154,6.4031,1.5279,0.0
DHARAN-001,2026-04-07 15:00:00+05:45,6.8048,6.7913,1.6271,0.0
DHARAN-001,2026-04-07 16:00:00+05:45,5.4024,5.3892,1.2699,0.0
DHARAN-001,2026-04-07 17:00:00+05:45,6.8084,6.791,1.6072,0.0
DHARAN-001,2026-04-07 18:00:00+05:45,13.3933,13.3591,3.2007,0.0
DHARAN-001,2026-04-07 19:00:00+05:45,13.2712,13.2448,3.1578,0.0
DHARAN-001,2026-04-07 20:00:00+05:45,12.1144,12.0879,2.8871,0.0
DHARAN-001,2026-04-07 21:00:00+05:45,11.7964,11.7771,2.8033,0.0
DHARAN-001,2026-04-07 22:00:00+05:45,13.6441,13.6163,3.2637,0.0
DHARAN-001,2026-04-07 23:00:00+05:45,6.2206,6.2154,1.4854,0.0
DHARAN-001,2026-04-08 00:00:00+05:45,5.9884,5.9823,1.422,0.0
DHARAN-001,2026-04-08 01:00:00+05:45,6.8671,6.8618,1.6413,0.0
DHARAN-001,2026-04-08 02:00:00+05:45,6.268,6.2552,1.4892,0.0
DHARAN-001,2026-04-08 03:00:00+05:45,6.5656,6.5419,1.5566,0.0
DHARAN-001,2026-04-08 04:00:00+05:45,6.3224,6.3068,1.5153,0.0
DHARAN-001,2026-04-08 05:00:00+05:45,6.6993,6.6914,1.609,0.0
DHARAN-001,2026-04-08 06:00:00+05:45,10.7141,10.7052,2.5529,0.0
DHARAN-001,2026-04-08 07:00:00+05:45,11.377,11.3746,2.7241,0.0
DHARAN-001,2026-04-08 08:00:00+05:45,10.9095,10.9062,2.5992,0.0
DHARAN-001,2026-04-08 09:00:00+05:45,10.763,10.7512,2.5664,0.0
DHARAN-001,2026-04-08 10:00:00+05:45,6.5706,6.5438,1.5707,0.0
DHARAN-001,2026-04-08 11:00:00+05:45,6.7343,6.7185,1.6111,0.0
DHARAN-001,2026-04-08 12:00:00+05:45,6.6316,6.6214,1.5674,0.0
DHARAN-001,2026-04-08 13:00:00+05:45,6.9089,6.882,1.6446,0.0
DHARAN-001,2026-04-08 14:00:00+05:45,7.179,7.1661,1.7074,0.0
DHARAN-001,2026-04-08 15:00:00+05:45,6.7686,6.7402,1.6133,0.0
DHARAN-001,2026-04-08 16:00:00+05:45,6.5438,6.5325,1.5619,0.0
DHARAN-001,2026-04-08 17:00:00+05:45,5.9314,5.923,1.4069,0.0
DHARAN-001,2026-04-08 18:00:00+05:45,13.2167,13.2007,3.1592,0.0
DHARAN-001,2026-04-08 19:00:00+05:45,13.2086,13.1775,3.1654,0.0
DHARAN-001,2026-04-08 20:00:00+05:45,12.5063,12.4867,2.9763,0.0
DHARAN-001,2026-04-08 21:00:00+05:45,13.0919,13.0689,3.1145,0.0
DHARAN-001,2026-04-08 22:00:00+05:45,13.047,13.0278,3.0897,0.0
DHARAN-001,2026-04-08 23:00:00+05:45,7.5467,7.5462,1.7883,0.0
DHARAN-001,2026-04-09 00:00:00+05:45,7.8135,7.7866,1.8658,0.0
DHARAN-001,2026-04-09 01:00:00+05:45,6.5764,6.567,1.5557,0.0
DHARAN-001,2026-04-09 02:00:00+05:45,6.8257,6.7981,1.6276,0.0
DHARAN-001,2026-04-09 03:00:00+05:45,6.779,6.7767,1.6051,0.0
DHARAN-001,2026-04-09 04:00:00+05:45,6.4938,6.477,1.5422,0.0
DHARAN-001,2026-04-09 05:00:00+05:45,6.9903,6.9749,1.6678,0.0
DHARAN-001,2026-04-09 06:00:00+05:45,11.589,11.5693,2.781,0.0
DHARAN-001,2026-04-09 07:00:00+05:45,10.8801,10.8624,2.5992,0.0
DHARAN-001,2026-04-09 08:00:00+05:45,11.7451,11.7311,2.7865,0.0
DHARAN-001,2026-04-09 09:00:00+05:45,11.5609,11.5466,2.7443,0.0
DHARAN-001,2026-04-09 10:00:00+05:45,6.1458,6.1241,1.4693,0.0
DHARAN-001,2026-04-09 11:00:00+05:45,6.4574,6.4559,1.5474,0.0
DHARAN-001,2026-04-09 12:00:00+05:45,6.9179,6.9002,1.6523,0.0
DHARAN-001,2026-04-09 13:00:00+05:45,7.093,7.0783,1.7013,0.0
DHARAN-001,2026-04-09 14:00:00+05:45,6.4497,6.4247,1.532,0.0
DHARAN-001,2026-04-09 15:00:00+05:45,5.8732,5.85,1.393,0.0
DHARAN-001,2026-04-09 16:00:00+05:45,6.4211,6.4027,1.5301,0.0
DHARAN-001,2026-04-09 17:00:00+05:45,6.7176,6.6981,1.5939,0.0
DHARAN-001,2026-04-09 18:00:00+05:45,12.2597,12.2353,2.9095,0.0
DHARAN-001,2026-04-09 19:00:00+05:45,12.749,12.7349,3.0497,0.0
DHARAN-001,2026-04-09 20:00:00+05:45,12.7672,12.7551,3.0507,0.0
DHARAN-001,2026-04-09 21:00:00+05:45,12.0289,12.0126,2.8583,0.0
DHARAN-001,2026-04-09 22:00:00+05:45,11.8996,11.885,2.8299,0.0
DHARAN-001,2026-04-09 23:00:00+05:45,6.7651,6.7565,1.6145,0.0
DHARAN-001,2026-04-10 00:00:00+05:45,6.1105,6.0953,1.46,0.0
DHARAN-001,2026-04-10 01:00:00+05:45,6.5874,6.5758,1.5703,0.0
DHARAN-001,2026-04-10 02:00:00+05:45,6.4437,6.4349,1.5103,0.0
DHARAN-001,2026-04-10 03:00:00+05:45,6.371,6.3527,1.4855,0.0
DHARAN-001,2026-04-10 04:00:00+05:45,5.8587,5.851,1.3869,0.0
DHARAN-001,2026-04-10 05:00:00+05:45,6.9702,6.9587,1.6616,0.0
DHARAN-001,2026-04-10 06:00:00+05:45,11.9185,11.8957,2.8323,0.0
DHARAN-001,2026-04-10 07:00:00+05:45,11.2863,11.2664,2.6914,0.0
DHARAN-001,2026-04-10 08:00:00+05:45,11.6997,11.6703,2.7844,0.0
DHARAN-001,2026-04-10 09:00:00+05:45,11.522,11.505,2.7413,0.0
DHARAN-001,2026-04-10 10:00:00+05:45,6.5396,6.5253,1.569,0.0
DHARAN-001,2026-04-10 11:00:00+05:45,6.6153,6.5976,1.579,0.0
DHARAN-001,2026-04-10 12:00:00+05:45,6.5622,6.5419,1.5551,0.0
DHARAN-001,2026-04-10 13:00:00+05:45,6.5501,6.5207,1.5726,0.0
DHARAN-001,2026-04-10 14:00:00+05:45,6.4458,6.4335,1.5355,0.0
DHARAN-001,2026-04-10 15:00:00+05:45,6.3361,6.31,1.4939,0.0
DHARAN-001,2026-04-10 16:00:00+05:45,6.7402,6.7202,1.6058,0.0
DHARAN-001,2026-04-10 17:00:00+05:45,6.5501,6.5324,1.5614,0.0
DHARAN-001,2026-04-10 18:00:00+05:45,12.5027,12.4861,2.9744,0.0
DHARAN-001,2026-04-10 19:00:00+05:45,12.9941,12.9734,3.0997,0.0
DHARAN-001,2026-04-10 20:00:00+05:45,12.2353,12.2245,2.9186,0.0
DHARAN-001,2026-04-10 21:00:00+05:45,12.2153,12.208,2.8987,0.0
DHARAN-001,2026-04-10 22:00:00+05:45,12.4129,12.4025,2.9435,0.0
DHARAN-001,2026-04-10 23:00:00+05:45,6.3852,6.3635,1.5299,0.0
DHARAN-001,2026-04-11 00:00:00+05:45,6.9768,6.9575,1.6541,0.0
DHARAN-001,2026-04-11 01:00:00+05:45,6.5366,6.5281,1.5613,0.0
DHARAN-001,2026-04-11 02:00:00+05:45,7.2012,7.1918,1.7073,0.0
DHARAN-001,2026-04-11 03:00:00+05:45,6.5286,6.5226,1.5573,0.0
DHARAN-001,2026-04-11 04:00:00+05:45,6.5934,6.586,1.5738,0.0
DHARAN-001,2026-04-11 05:00:00+05:45,5.7125,5.7004,1.375,0.0
DHARAN-001,2026-04-11 06:00:00+05:45,11.007,10.9867,2.629,0.0
DHARAN-001,2026-04-11 07:00:00+05:45,11.0749,11.0614,2.6314,0.0
DHARAN-001,2026-04-11 08:00:00+05:45,10.6927,10.6878,2.5448,0.0
DHARAN-001,2026-04-11 09:00:00+05:45,11.3192,11.2969,2.704,0.0
DHARAN-001,2026-04-11 10:00:00+05:45,6.3924,6.3864,1.5119,0.0
DHARAN-001,2026-04-11 11:00:00+05:45,6.1941,6.1698,1.4712,0.0
DHARAN-001,2026-04-11 12:00:00+05:45,7.3621,7.3324,1.7525,0.0
DHARAN-001,2026-04-11 13:00:00+05:45,6.4185,6.411,1.5177,0.0
DHARAN-001,2026-04-11 14:00:00+05:45,6.6386,6.6326,1.6029,0.0
DHARAN-001,2026-04-11 15:00:00+05:45,6.7032,6.6848,1.6085,0.0
DHARAN-001,2026-04-11 16:00:00+05:45,6.9573,6.9501,1.6613,0.0
DHARAN-001,2026-04-11 17:00:00+05:45,6.2429,6.2287,1.4956,0.0
DHARAN-001,2026-04-11 18:00:00+05:45,12.7542,12.7258,3.0396,0.0
DHARAN-001,2026-04-11 19:00:00+05:45,12.4081,12.4014,2.941,0.0
DHARAN-001,2026-04-11 20:00:00+05:45,12.799,12.7749,3.0361,0.0
DHARAN-001,2026-04-11 21:00:00+05:45,12.5254,12.507,2.9769,0.0
DHARAN-001,2026-04-11 22:00:00+05:45,12.4675,12.4376,2.9626,0.0
DHARAN-001,2026-04-11 23:00:00+05:45,6.7809,6.7605,1.6091,0.0
DHARAN-001,2026-04-12 00:00:00+05:45,5.8026,5.7957,1.3772,0.0
DHARAN-001,2026-04-12 01:00:00+05:45,6.3097,6.2967,1.4817,0.0
DHARAN-001,2026-04-12 02:00:00+05:45,6.1936,6.1861,1.4637,0.0
DHARAN-001,2026-04-12 03:00:00+05:45,6.345,6.3296,1.4988,0.0
DHARAN-001,2026-04-12 04:00:00+05:45,5.7552,5.7434,1.3651,0.0
DHARAN-001,2026-04-12 05:00:00+05:45,7.2723,7.2489,1.7373,0.0
DHARAN-001,2026-04-12 06:00:00+05:45,11.9458,11.9323,2.8523,0.0
DHARAN-001,2026-04-12 07:00:00+05:45,11.2464,11.2293,2.6859,0.0
DHARAN-001,2026-04-12 08:00:00+05:45,10.9617,10.9463,2.6123,0.0
DHARAN-001,2026-04-12 09:00:00+05:45,11.1273,11.1171,2.6478,0.0
DHARAN-001,2026-04-12 10:00:00+05:45,6.2359,6.2213,1.4859,0.0
DHARAN-001,2026-04-12 11:00:00+05:45,6.3123,6.3118,1.4998,0.0
DHARAN-001,2026-04-12 12:00:00+05:45,6.1411,6.133,1.4648,0.0
DHARAN-001,2026-04-12 13:00:00+05:45,7.3424,7.326,1.748,0.0
DHARAN-001,2026-04-12 14:00:00+05:45,6.2763,6.271,1.4945,0.0
DHARAN-001,2026-04-12 15:00:00+05:45,6.3974,6.3847,1.5321,0.0
DHARAN-001,2026-04-12 16:00:00+05:45,5.1852,5.1585,1.2453,0.0
DHARAN-001,2026-04-12 17:00:00+05:45,6.9918,6.9657,1.6521,0.0
DHARAN-001,2026-04-12 18:00:00+05:45,13.036,13.0293,3.1081,0.0
DHARAN-001,2026-04-12 19:00:00+05:45,13.2955,13.2606,3.165,0.0
DHARAN-001,2026-04-12 20:00:00+05:45,12.6099,12.5961,2.9836,0.0
DHARAN-001,2026-04-12 21:00:00+05:45,13.4562,13.4494,3.1877,0.0
DHARAN-001,2026-04-12 22:00:00+05:45,12.4292,12.4241,2.9692,0.0
DHARAN-001,2026-04-12 23:00:00+05:45,6.8488,6.8334,1.6325,0.0
DHARAN-001,2026-04-13 00:00:00+05:45,6.7265,6.7013,1.6192,0.0
DHARAN-001,2026-04-13 01:00:00+05:45,6.3659,6.3459,1.5106,0.0
DHARAN-001,2026-04-13 02:00:00+05:45,7.2072,7.2052,1.717,0.0
DHARAN-001,2026-04-13 03:00:00+05:45,6.5573,6.5506,1.5594,0.0
DHARAN-001,2026-04-13 04:00:00+05:45,6.5804,6.5761,1.5702,0.0
DHARAN-001,2026-04-13 05:00:00+05:45,6.8364,6.8246,1.6331,0.0
DHARAN-001,2026-04-13 06:00:00+05:45,10.9011,10.8865,2.5837,0.0
DHARAN-001,2026-04-13 07:00:00+05:45,11.1071,11.0884,2.6487,0.0
DHARAN-001,2026-04-13 08:00:00+05:45,11.7908,11.7703,2.8012,0.0
DHARAN-001,2026-04-13 09:00:00+05:45,11.3352,11.3272,2.712,0.0
DHARAN-001,2026-04-13 10:00:00+05:45,6.3882,6.3817,1.5279,0.0
DHARAN-001,2026-04-13 11:00:00+05:45,5.5231,5.5101,1.3278,0.0
DHARAN-001,2026-04-13 12:00:00+05:45,6.4538,6.4382,1.5442,0.0
DHARAN-001,2026-04-13 13:00:00+05:45,6.3455,6.3318,1.5004,0.0
DHARAN-001,2026-04-13 14:00:00+05:45,6.8796,6.8758,1.6361,0.0
DHARAN-001,2026-04-13 15:00:00+05:45,6.4254,6.4112,1.5416,0.0
DHARAN-001,2026-04-13 16:00:00+05:45,6.1602,6.156,1.4631,0.0
DHARAN-001,2026-04-13 17:00:00+05:45,6.5508,6.5285,1.5543,0.0
DHARAN-001,2026-04-13 18:00:00+05:45,12.3305,12.3141,2.9357,0.0
DHARAN-001,2026-04-13 19:00:00+05:45,13.4355,13.4278,3.213,0.0
DHARAN-001,2026-04-13 20:00:00+05:45,14.1175,14.1174,3.3639,0.0
DHARAN-001,2026-04-13 21:00:00+05:45,12.3106,12.2937,2.9575,0.0
DHARAN-001,2026-04-13 22:00:00+05:45,13.0866,13.0754,3.1245,0.0
DHARAN-001,2026-04-13 23:00:00+05:45,6.916,6.9116,1.6633,0.0
DHARAN-001,2026-04-14 00:00:00+05:45,6.3754,6.3628,1.5251,0.0
DHARAN-001,2026-04-14 01:00:00+05:45,5.8921,5.8783,1.4008,0.0
DHARAN-001,2026-04-14 02:00:00+05:45,6.8053,6.7887,1.6184,0.0
DHARAN-001,2026-04-14 03:00:00+05:45,5.8113,5.7989,1.3789,0.0
DHARAN-001,2026-04-14 04:00:00+05:45,6.4785,6.4692,1.5325,0.0
DHARAN-001,2026-04-14 05:00:00+05:45,7.2593,7.2383,1.7146,0.0
DHARAN-001,2026-04-14 06:00:00+05:45,10.5032,10.4795,2.5216,0.0
DHARAN-001,2026-04-14 07:00:00+05:45,11.1112,11.0868,2.6526,0.0
DHARAN-001,2026-04-14 08:00:00+05:45,10.6337,10.6145,2.5359,0.0
DHARAN-001,2026-04-14 09:00:00+05:45,10.5192,10.4955,2.5056,0.0
DHARAN-001,2026-04-14 10:00:00+05:45,6.6768,6.6527,1.5778,0.0
DHARAN-001,2026-04-14 11:00:00+05:45,6.4309,6.4248,1.5534,0.0
DHARAN-001,2026-04-14 12:00:00+05:45,6.8432,6.8308,1.6441,0.0
DHARAN-001,2026-04-14 13:00:00+05:45,6.7499,6.7395,1.5931,0.0
DHARAN-001,2026-04-14 14:00:00+05:45,6.1941,6.1763,1.4753,0.0
DHARAN-001,2026-04-14 15:00:00+05:45,6.4847,6.4761,1.534,0.0
DHARAN-001,2026-04-14 16:00:00+05:45,6.5989,6.5871,1.5669,0.0
DHARAN-001,2026-04-14 17:00:00+05:45,6.9497,6.9284,1.6533,0.0
DHARAN-001,2026-04-14 18:00:00+05:45,12.8279,12.8179,3.0507,0.0
DHARAN-001,2026-04-14 19:00:00+05:45,12.446,12.426,2.9517,0.0
DHARAN-001,2026-04-14 20:00:00+05:45,12.2066,12.2026,2.9046,0.0
DHARAN-001,2026-04-14 21:00:00+05:45,12.4642,12.4502,2.9585,0.0
DHARAN-001,2026-04-14 22:00:00+05:45,12.6537,12.6419,3.0415,0.0
DHARAN-001,2026-04-14 23:00:00+05:45,6.7096,6.6869,1.5931,0.0
DHARAN-001,2026-04-15 00:00:00+05:45,6.4079,6.4036,1.5273,0.0
DHARAN-001,2026-04-15 01:00:00+05:45,6.367,6.3667,1.528,0.0
DHARAN-001,2026-04-15 02:00:00+05:45,6.0339,6.0211,1.4223,0.0
DHARAN-001,2026-04-15 03:00:00+05:45,6.6108,6.6101,1.5789,0.0
DHARAN-001,2026-04-15 04:00:00+05:45,6.9054,6.8949,1.6648,0.0
DHARAN-001,2026-04-15 05:00:00+05:45,6.5022,6.493,1.5459,0.0
DHARAN-001,2026-04-15 06:00:00+05:45,10.1265,10.1175,2.4187,0.0
DHARAN-001,2026-04-15 07:00:00+05:45,10.734,10.7287,2.5465,0.0
DHARAN-001,2026-04-15 08:00:00+05:45,11.2429,11.2202,2.6754,0.0
DHARAN-001,2026-04-15 09:00:00+05:45,11.0494,11.0358,2.6233,0.0
DHARAN-001,2026-04-15 10:00:00+05:45,6.6793,6.6732,1.6046,0.0
DHARAN-001,2026-04-15 11:00:00+05:45,6.728,6.7092,1.5978,0.0
DHARAN-001,2026-04-15 12:00:00+05:45,6.3155,6.3042,1.4895,0.0
DHARAN-001,2026-04-15 13:00:00+05:45,6.7564,6.7277,1.603,0.0
DHARAN-001,2026-04-15 14:00:00+05:45,6.3346,6.3316,1.5145,0.0
DHARAN-001,2026-04-15 15:00:00+05:45,7.3197,7.3011,1.7388,0.0
DHARAN-001,2026-04-15 16:00:00+05:45,8.1043,8.0997,1.9265,0.0
DHARAN-001,2026-04-15 17:00:00+05:45,6.3828,6.3709,1.529,0.0
DHARAN-001,2026-04-15 18:00:00+05:45,12.4886,12.4847,2.9791,0.0
DHARAN-001,2026-04-15 19:00:00+05:45,13.5295,13.5164,3.2185,0.0
DHARAN-001,2026-04-15 20:00:00+05:45,13.1157,13.0985,3.1183,0.0
DHARAN-001,2026-04-15 21:00:00+05:45,13.0656,13.0452,3.1096,0.0
DHARAN-001,2026-04-15 22:00:00+05:45,13.1011,13.0878,3.1177,0.0
DHARAN-001,2026-04-15 23:00:00+05:45,7.2727,7.2546,1.7361,0.0
DHARAN-001,2026-04-16 00:00:00+05:45,6.7047,6.6962,1.6022,0.0
DHARAN-001,2026-04-16 01:00:00+05:45,6.3225,6.3191,1.51,0.0
DHARAN-001,2026-04-16 02:00:00+05:45,6.2028,6.1777,1.4743,0.0
DHARAN-001,2026-04-16 03:00:00+05:45,6.6959,6.6758,1.619,0.0
DHARAN-001,2026-04-16 04:00:00+05:45,6.2573,6.2424,1.4855,0.0
DHARAN-001,2026-04-16 05:00:00+05:45,6.4193,6.4045,1.5294,0.0
DHARAN-001,2026-04-16 06:00:00+05:45,11.7616,11.738,2.8006,0.0
DHARAN-001,2026-04-16 07:00:00+05:45,11.5852,11.5845,2.752,0.0
DHARAN-001,2026-04-16 08:00:00+05:45,11.6293,11.6086,2.7732,0.0
DHARAN-001,2026-04-16 09:00:00+05:45,10.5473,10.5165,2.5225,0.0
DHARAN-001,2026-04-16 10:00:00+05:45,6.084,6.0681,1.4377,0.0
DHARAN-001,2026-04-16 11:00:00+05:45,6.307,6.3024,1.5021,0.0
DHARAN-001,2026-04-16 12:00:00+05:45,6.4703,6.4584,1.5508,0.0
DHARAN-001,2026-04-16 13:00:00+05:45,6.997,6.9939,1.6635,0.0
DHARAN-001,2026-04-16 14:00:00+05:45,6.9494,6.9387,1.6547,0.0
DHARAN-001,2026-04-16 15:00:00+05:45,6.8901,6.8845,1.6421,0.0
DHARAN-001,2026-04-16 16:00:00+05:45,7.4511,7.4368,1.7742,0.0
DHARAN-001,2026-04-16 17:00:00+05:45,6.3635,6.3527,1.5039,0.0
DHARAN-001,2026-04-16 18:00:00+05:45,11.9092,11.8835,2.842,0.0
DHARAN-001,2026-04-16 19:00:00+05:45,13.1242,13.0982,3.1272,0.0
DHARAN-001,2026-04-16 20:00:00+05:45,13.0813,13.0676,3.1171,0.0
DHARAN-001,2026-04-16 21:00:00+05:45,12.8477,12.8326,3.0669,0.0
DHARAN-001,2026-04-16 22:00:00+05:45,12.803,12.7895,3.0644,0.0
DHARAN-001,2026-04-16 23:00:00+05:45,6.4089,6.4086,1.5161,0.0
DHARAN-001,2026-04-17 00:00:00+05:45,6.309,6.2863,1.5067,0.0
DHARAN-001,2026-04-17 01:00:00+05:45,6.5704,6.5501,1.5473,0.0
DHARAN-001,2026-04-17 02:00:00+05:45,6.3233,6.3112,1.5033,0.0
DHARAN-001,2026-04-17 03:00:00+05:45,6.9003,6.8919,1.6556,0.0
DHARAN-001,2026-04-17 04:00:00+05:45,6.7992,6.7966,1.6072,0.0
DHARAN-001,2026-04-17 05:00:00+05:45,7.2076,7.2076,1.7174,0.0
DHARAN-001,2026-04-17 06:00:00+05:45,9.5108,9.496,2.279,0.0
DHARAN-001,2026-04-17 07:00:00+05:45,11.077,11.0664,2.6313,0.0
DHARAN-001,2026-04-17 08:00:00+05:45,10.5099,10.4946,2.5063,0.0
DHARAN-001,2026-04-17 09:00:00+05:45,11.1696,11.1474,2.6669,0.0
DHARAN-001,2026-04-17 10:00:00+05:45,6.1725,6.1619,1.4779,0.0
DHARAN-001,2026-04-17 11:00:00+05:45,7.0569,7.0475,1.6815,0.0
DHARAN-001,2026-04-17 12:00:00+05:45,7.073,7.0563,1.6636,0.0
DHARAN-001,2026-04-17 13:00:00+05:45,7.1838,7.1736,1.7006,0.0
DHARAN-001,2026-04-17 14:00:00+05:45,6.4826,6.4693,1.5557,0.0
DHARAN-001,2026-04-17 15:00:00+05:45,6.1888,6.1798,1.4774,0.0
DHARAN-001,2026-04-17 16:00:00+05:45,6.3971,6.383,1.518,0.0
DHARAN-001,2026-04-17 17:00:00+05:45,5.551,5.5482,1.3288,0.0
DHARAN-001,2026-04-17 18:00:00+05:45,12.8581,12.8411,3.0567,0.0
DHARAN-001,2026-04-17 19:00:00+05:45,12.328,12.3168,2.9329,0.0
DHARAN-001,2026-04-17 20:00:00+05:45,12.171,12.1494,2.8908,0.0
DHARAN-001,2026-04-17 21:00:00+05:45,13.1689,13.1444,3.1412,0.0
DHARAN-001,2026-04-17 22:00:00+05:45,12.4923,12.4814,2.9681,0.0
DHARAN-001,2026-04-17 23:00:00+05:45,6.3108,6.2982,1.5256,0.0
DHARAN-001,2026-04-18 00:00:00+05:45,6.55,6.521,1.5634,0.0
DHARAN-001,2026-04-18 01:00:00+05:45,5.9121,5.9043,1.413,0.0
DHARAN-001,2026-04-18 02:00:00+05:45,6.2776,6.2508,1.4848,0.0
DHARAN-001,2026-04-18 03:00:00+05:45,6.1384,6.1326,1.4684,0.0
DHARAN-001,2026-04-18 04:00:00+05:45,7.2237,7.2096,1.7093,0.0
DHARAN-001,2026-04-18 05:00:00+05:45,5.7646,5.7482,1.385,0.0
DHARAN-001,2026-04-18 06:00:00+05:45,11.2791,11.2666,2.7052,0.0
DHARAN-001,2026-04-18 07:00:00+05:45,11.8918,11.8649,2.8334,0.0
DHARAN-001,2026-04-18 08:00:00+05:45,11.3686,11.3559,2.7171,0.0
DHARAN-001,2026-04-18 09:00:00+05:45,10.9819,10.9746,2.6238,0.0
DHARAN-001,2026-04-18 10:00:00+05:45,7.2408,7.2172,1.7333,0.0
DHARAN-001,2026-04-18 11:00:00+05:45,6.2995,6.28,1.5001,0.0
DHARAN-001,2026-04-18 12:00:00+05:45,6.2415,6.2402,1.4807,0.0
DHARAN-001,2026-04-18 13:00:00+05:45,6.6434,6.6302,1.6053,0.0
DHARAN-001,2026-04-18 14:00:00+05:45,6.9759,6.9713,1.655,0.0
DHARAN-001,2026-04-18 15:00:00+05:45,5.9034,5.887,1.4121,0.0
DHARAN-001,2026-04-18 16:00:00+05:45,5.4959,5.4784,1.3087,0.0
DHARAN-001,2026-04-18 17:00:00+05:45,6.3989,6.3821,1.5185,0.0
DHARAN-001,2026-04-18 18:00:00+05:45,12.3645,12.3485,2.9624,0.0
DHARAN-001,2026-04-18 19:00:00+05:45,12.2115,12.1927,2.913,0.0
DHARAN-001,2026-04-18 20:00:00+05:45,13.4278,13.4084,3.1975,0.0
DHARAN-001,2026-04-18 21:00:00+05:45,11.9968,11.9823,2.854,0.0
DHARAN-001,2026-04-18 22:00:00+05:45,13.3129,13.2998,3.1749,0.0
DHARAN-001,2026-04-18 23:00:00+05:45,7.0505,7.0443,1.6796,0.0
DHARAN-001,2026-04-19 00:00:00+05:45,7.7634,7.7489,1.8587,0.0
DHARAN-001,2026-04-19 01:00:00+05:45,6.7059,6.6925,1.5941,0.0
DHARAN-001,2026-04-19 02:00:00+05:45,6.418,6.4119,1.5303,0.0
DHARAN-001,2026-04-19 03:00:00+05:45,7.5954,7.5756,1.8105,0.0
DHARAN-001,2026-04-19 04:00:00+05:45,6.3376,6.3263,1.5123,0.0
DHARAN-001,2026-04-19 05:00:00+05:45,5.733,5.7212,1.3665,0.0
DHARAN-001,2026-04-19 06:00:00+05:45,11.6274,11.617,2.7798,0.0
DHARAN-001,2026-04-19 07:00:00+05:45,10.6897,10.6817,2.5314,0.0
DHARAN-001,2026-04-19 08:00:00+05:45,11.4071,11.3932,2.7067,0.0
DHARAN-001,2026-04-19 09:00:00+05:45,10.3364,10.3145,2.474,0.0
DHARAN-001,2026-04-19 10:00:00+05:45,5.9008,5.8849,1.4012,0.0
DHARAN-001,2026-04-19 11:00:00+05:45,6.7294,6.7219,1.5978,0.0
DHARAN-001,2026-04-19 12:00:00+05:45,6.0574,6.0475,1.4354,0.0
DHARAN-001,2026-04-19 13:00:00+05:45,5.1604,5.1537,1.2225,0.0
DHARAN-001,2026-04-19 14:00:00+05:45,6.8116,6.7965,1.6086,0.0
DHARAN-001,2026-04-19 15:00:00+05:45,7.0285,7.0008,1.672,0.0
DHARAN-001,2026-04-19 16:00:00+05:45,5.9849,5.9645,1.425,0.0
DHARAN-001,2026-04-19 17:00:00+05:45,6.4706,6.4591,1.5297,0.0
DHARAN-001,2026-04-19 18:00:00+05:45,13.8428,13.8256,3.2757,0.0
DHARAN-001,2026-04-19 19:00:00+05:45,13.0412,13.0357,3.0937,0.0
DHARAN-001,2026-04-19 20:00:00+05:45,12.104,12.0868,2.8699,0.0
DHARAN-001,2026-04-19 21:00:00+05:45,12.6013,12.5972,3.0002,0.0
DHARAN-001,2026-04-19 22:00:00+05:45,12.5888,12.5665,3.0045,0.0
DHARAN-001,2026-04-19 23:00:00+05:45,7.0451,7.0269,1.6719,0.0
DHARAN-001,2026-04-20 00:00:00+05:45,5.7895,5.7694,1.3728,0.0
DHARAN-001,2026-04-20 01:00:00+05:45,7.2328,7.2313,1.7019,0.0
DHARAN-001,2026-04-20 02:00:00+05:45,6.295,6.2786,1.5059,0.0
DHARAN-001,2026-04-20 03:00:00+05:45,6.5179,6.4947,1.5541,0.0
DHARAN-001,2026-04-20 04:00:00+05:45,5.9237,5.9169,1.4203,0.0
DHARAN-001,2026-04-20 05:00:00+05:45,6.2898,6.2751,1.5093,0.0
DHARAN-001,2026-04-20 06:00:00+05:45,10.97,10.948,2.6194,0.0
DHARAN-001,2026-04-20 07:00:00+05:45,11.0974,11.0839,2.6321,0.0
DHARAN-001,2026-04-20 08:00:00+05:45,11.0501,11.0352,2.6363,0.0
DHARAN-001,2026-04-20 09:00:00+05:45,11.4274,11.4082,2.7247,0.0
DHARAN-001,2026-04-20 10:00:00+05:45,6.1412,6.1309,1.455,0.0
DHARAN-001,2026-04-20 11:00:00+05:45,6.9522,6.925,1.6547,0.0
DHARAN-001,2026-04-20 12:00:00+05:45,5.8798,5.8697,1.414,0.0
DHARAN-001,2026-04-20 13:00:00+05:45,5.7673,5.7474,1.3863,0.0
DHARAN-001,2026-04-20 14:00:00+05:45,6.4992,6.4873,1.552,0.0
DHARAN-001,2026-04-20 15:00:00+05:45,6.2855,6.2764,1.4808,0.0
DHARAN-001,2026-04-20 16:00:00+05:45,5.886,5.8727,1.3938,0.0
DHARAN-001,2026-04-20 17:00:00+05:45,7.527,7.5052,1.7972,0.0
DHARAN-001,2026-04-20 18:00:00+05:45,13.2395,13.2305,3.1572,0.0
DHARAN-001,2026-04-20 19:00:00+05:45,13.1116,13.1079,3.1163,0.0
DHARAN-001,2026-04-20 20:00:00+05:45,12.0448,12.025,2.892,0.0
DHARAN-001,2026-04-20 21:00:00+05:45,12.5765,12.5751,2.996,0.0
DHARAN-001,2026-04-20 22:00:00+05:45,12.1424,12.1328,2.8956,0.0
DHARAN-001,2026-04-20 23:00:00+05:45,6.6032,6.5701,1.5666,0.0
DHARAN-001,2026-04-21 00:00:00+05:45,6.555,6.5467,1.5501,0.0
DHARAN-001,2026-04-21 01:00:00+05:45,5.6622,5.66,1.3515,0.0
DHARAN-001,2026-04-21 02:00:00+05:45,6.4967,6.496,1.5543,0.0
DHARAN-001,2026-04-21 03:00:00+05:45,7.374,7.3721,1.7608,0.0
DHARAN-001,2026-04-21 04:00:00+05:45,6.944,6.9203,1.6603,0.0
DHARAN-001,2026-04-21 05:00:00+05:45,6.1292,6.1115,1.4645,0.0
DHARAN-001,2026-04-21 06:00:00+05:45,11.4146,11.4003,2.7104,0.0
DHARAN-001,2026-04-21 07:00:00+05:45,11.3811,11.3645,2.7027,0.0
DHARAN-001,2026-04-21 08:00:00+05:45,10.9551,10.9353,2.6221,0.0
DHARAN-001,2026-04-21 09:00:00+05:45,11.0896,11.0643,2.6443,0.0
DHARAN-001,2026-04-21 10:00:00+05:45,5.8666,5.8518,1.3812,0.0
DHARAN-001,2026-04-21 11:00:00+05:45,6.6647,6.6631,1.5906,0.0
DHARAN-001,2026-04-21 12:00:00+05:45,6.4635,6.4431,1.5357,0.0
DHARAN-001,2026-04-21 13:00:00+05:45,6.333,6.3303,1.5287,0.0
DHARAN-001,2026-04-21 14:00:00+05:45,7.511,7.4846,1.7987,0.0
DHARAN-001,2026-04-21 15:00:00+05:45,6.0424,6.0224,1.4404,0.0
DHARAN-001,2026-04-21 16:00:00+05:45,6.1708,6.1552,1.4541,0.0
DHARAN-001,2026-04-21 17:00:00+05:45,6.7421,6.7218,1.6078,0.0
DHARAN-001,2026-04-21 18:00:00+05:45,13.5054,13.4766,3.2168,0.0
DHARAN-001,2026-04-21 19:00:00+05:45,12.4373,12.4184,2.954,0.0
DHARAN-001,2026-04-21 20:00:00+05:45,12.185,12.1699,2.8991,0.0
DHARAN-001,2026-04-21 21:00:00+05:45,12.2993,12.2831,2.925,0.0
DHARAN-001,2026-04-21 22:00:00+05:45,12.6756,12.6614,3.0187,0.0
DHARAN-001,2026-04-21 23:00:00+05:45,6.3408,6.3309,1.5084,0.0
DHARAN-001,2026-04-22 00:00:00+05:45,7.8032,7.7928,1.8713,0.0
DHARAN-001,2026-04-22 01:00:00+05:45,6.3472,6.3428,1.4918,0.0
DHARAN-001,2026-04-22 02:00:00+05:45,6.7451,6.7274,1.6036,0.0
DHARAN-001,2026-04-22 03:00:00+05:45,7.1923,7.1809,1.7009,0.0
DHARAN-001,2026-04-22 04:00:00+05:45,6.5437,6.5279,1.5758,0.0
DHARAN-001,2026-04-22 05:00:00+05:45,6.1129,6.1114,1.4572,0.0
DHARAN-001,2026-04-22 06:00:00+05:45,11.221,11.2049,2.6878,0.0
DHARAN-001,2026-04-22 07:00:00+05:45,10.4327,10.4085,2.4921,0.0
DHARAN-001,2026-04-22 08:00:00+05:45,11.4271,11.3997,2.7098,0.0
DHARAN-001,2026-04-22 09:00:00+05:45,10.7553,10.752,2.5465,0.0
DHARAN-001,2026-04-22 10:00:00+05:45,6.8768,6.8692,1.642,0.0
DHARAN-001,2026-04-22 11:00:00+05:45,6.868,6.8457,1.6262,0.0
DHARAN-001,2026-04-22 12:00:00+05:45,6.6341,6.6149,1.5783,0.0
DHARAN-001,2026-04-22 13:00:00+05:45,6.6953,6.6786,1.589,0.0
DHARAN-001,2026-04-22 14:00:00+05:45,6.8802,6.8662,1.6536,0.0
DHARAN-001,2026-04-22 15:00:00+05:45,5.8341,5.806,1.3864,0.0
DHARAN-001,2026-04-22 16:00:00+05:45,6.2867,6.2656,1.4956,0.0
DHARAN-001,2026-04-22 17:00:00+05:45,5.4575,5.4396,1.3044,0.0
DHARAN-001,2026-04-22 18:00:00+05:45,11.2158,11.192,2.6797,0.0
DHARAN-001,2026-04-22 19:00:00+05:45,13.2355,13.2134,3.1477,0.0
DHARAN-001,2026-04-22 20:00:00+05:45,12.8456,12.8331,3.0532,0.0
DHARAN-001,2026-04-22 21:00:00+05:45,12.748,12.7229,3.0413,0.0
DHARAN-001,2026-04-22 22:00:00+05:45,13.537,13.5253,3.21,0.0
DHARAN-001,2026-04-22 23:00:00+05:45,6.0909,6.0715,1.438,0.0
DHARAN-001,2026-04-23 00:00:00+05:45,6.6608,6.6424,1.5919,0.0
DHARAN-001,2026-04-23 01:00:00+05:45,5.9989,5.9729,1.4223,0.0
DHARAN-001,2026-04-23 02:00:00+05:45,7.3709,7.3669,1.7482,0.0
DHARAN-001,2026-04-23 03:00:00+05:45,6.7055,6.6975,1.5762,0.0
DHARAN-001,2026-04-23 04:00:00+05:45,6.5472,6.5273,1.5454,0.0
DHARAN-001,2026-04-23 05:00:00+05:45,7.7412,7.7341,1.8501,0.0
DHARAN-001,2026-04-23 06:00:00+05:45,11.654,11.6405,2.7861,0.0
DHARAN-001,2026-04-23 07:00:00+05:45,11.0932,11.0733,2.6314,0.0
DHARAN-001,2026-04-23 08:00:00+05:45,11.2991,11.2744,2.6941,0.0
DHARAN-001,2026-04-23 09:00:00+05:45,13.1415,13.1257,3.1223,0.0
DHARAN-001,2026-04-23 10:00:00+05:45,5.8409,5.8276,1.3968,0.0
DHARAN-001,2026-04-23 11:00:00+05:45,6.2504,6.2212,1.4883,0.0
DHARAN-001,2026-04-23 12:00:00+05:45,7.1427,7.1374,1.7022,0.0
DHARAN-001,2026-04-23 13:00:00+05:45,7.1926,7.1914,1.713,0.0
DHARAN-001,2026-04-23 14:00:00+05:45,6.9206,6.9162,1.638,0.0
DHARAN-001,2026-04-23 15:00:00+05:45,6.1005,6.0796,1.4536,0.0
DHARAN-001,2026-04-23 16:00:00+05:45,6.2273,6.2065,1.4906,0.0
DHARAN-001,2026-04-23 17:00:00+05:45,6.3061,6.3,1.4963,0.0
DHARAN-001,2026-04-23 18:00:00+05:45,12.0636,12.0466,2.8651,0.0
DHARAN-001,2026-04-23 19:00:00+05:45,13.1586,13.1499,3.1381,0.0
DHARAN-001,2026-04-23 20:00:00+05:45,13.3399,13.3148,3.1907,0.0
DHARAN-001,2026-04-23 21:00:00+05:45,13.4149,13.4054,3.1858,0.0
DHARAN-001,2026-04-23 22:00:00+05:45,12.295,12.2904,2.9294,0.0
DHARAN-001,2026-04-23 23:00:00+05:45,6.0616,6.0414,1.4371,0.0
DHARAN-001,2026-04-24 00:00:00+05:45,6.0186,5.9999,1.4266,0.0
DHARAN-001,2026-04-24 01:00:00+05:45,7.3042,7.2808,1.7337,0.0
DHARAN-001,2026-04-24 02:00:00+05:45,6.8001,6.7954,1.6097,0.0
DHARAN-001,2026-04-24 03:00:00+05:45,6.4576,6.4445,1.5379,0.0
DHARAN-001,2026-04-24 04:00:00+05:45,6.7696,6.7515,1.6058,0.0
DHARAN-001,2026-04-24 05:00:00+05:45,6.4019,6.3781,1.5313,0.0
DHARAN-001,2026-04-24 06:00:00+05:45,11.2204,11.2069,2.6812,0.0
DHARAN-001,2026-04-24 07:00:00+05:45,10.2076,10.1942,2.4301,0.0
DHARAN-001,2026-04-24 08:00:00+05:45,10.8587,10.853,2.5703,0.0
DHARAN-001,2026-04-24 09:00:00+05:45,11.5283,11.5047,2.724,0.0
DHARAN-001,2026-04-24 10:00:00+05:45,6.4592,6.4551,1.5487,0.0
DHARAN-001,2026-04-24 11:00:00+05:45,6.2856,6.2764,1.5031,0.0
DHARAN-001,2026-04-24 12:00:00+05:45,6.3519,6.3331,1.5133,0.0
DHARAN-001,2026-04-24 13:00:00+05:45,5.8694,5.8556,1.404,0.0
DHARAN-001,2026-04-24 14:00:00+05:45,6.4954,6.4786,1.529,0.0
DHARAN-001,2026-04-24 15:00:00+05:45,5.724,5.7046,1.3589,0.0
DHARAN-001,2026-04-24 16:00:00+05:45,6.4089,6.3798,1.5375,0.0
DHARAN-001,2026-04-24 17:00:00+05:45,6.0077,5.9911,1.4241,0.0
DHARAN-001,2026-04-24 18:00:00+05:45,13.0861,13.0666,3.0995,0.0
DHARAN-001,2026-04-24 19:00:00+05:45,12.4776,12.4677,2.9603,0.0
DHARAN-001,2026-04-24 20:00:00+05:45,12.7457,12.739,3.047,0.0
DHARAN-001,2026-04-24 21:00:00+05:45,12.7556,12.7542,3.0335,0.0
DHARAN-001,2026-04-24 22:00:00+05:45,12.9328,12.9076,3.087,0.0
DHARAN-001,2026-04-24 23:00:00+05:45,6.2982,6.2826,1.5103,0.0
DHARAN-001,2026-04-25 00:00:00+05:45,6.1095,6.0945,1.4426,0.0
DHARAN-001,2026-04-25 01:00:00+05:45,6.4677,6.4608,1.5343,0.0
DHARAN-001,2026-04-25 02:00:00+05:45,5.8871,5.8809,1.3978,0.0
DHARAN-001,2026-04-25 03:00:00+05:45,5.9996,5.9804,1.4205,0.0
DHARAN-001,2026-04-25 04:00:00+05:45,5.8638,5.856,1.402,0.0
DHARAN-001,2026-04-25 05:00:00+05:45,7.452,7.4404,1.7657,0.0
DHARAN-001,2026-04-25 06:00:00+05:45,11.321,11.3114,2.7084,0.0
DHARAN-001,2026-04-25 07:00:00+05:45,11.1558,11.1416,2.6518,0.0
DHARAN-001,2026-04-25 08:00:00+05:45,11.213,11.1993,2.669,0.0
DHARAN-001,2026-04-25 09:00:00+05:45,10.9185,10.9017,2.6037,0.0
DHARAN-001,2026-04-25 10:00:00+05:45,6.7355,6.7299,1.6018,0.0
DHARAN-001,2026-04-25 11:00:00+05:45,6.033,6.0062,1.4326,0.0
DHARAN-001,2026-04-25 12:00:00+05:45,6.5809,6.5641,1.5708,0.0
DHARAN-001,2026-04-25 13:00:00+05:45,5.9999,5.9834,1.4161,0.0
DHARAN-001,2026-04-25 14:00:00+05:45,6.1764,6.1656,1.4722,0.0
DHARAN-001,2026-04-25 15:00:00+05:45,7.1735,7.1572,1.7099,0.0
DHARAN-001,2026-04-25 16:00:00+05:45,6.78,6.7635,1.6213,0.0
DHARAN-001,2026-04-25 17:00:00+05:45,6.5967,6.5796,1.5854,0.0
DHARAN-001,2026-04-25 18:00:00+05:45,12.6971,12.6818,3.0219,0.0
DHARAN-001,2026-04-25 19:00:00+05:45,12.8991,12.8935,3.0585,0.0
DHARAN-001,2026-04-25 20:00:00+05:45,12.5692,12.5503,2.9863,0.0
DHARAN-001,2026-04-25 21:00:00+05:45,13.0567,13.0367,3.0825,0.0
DHARAN-001,2026-04-25 22:00:00+05:45,13.2727,13.2656,3.1631,0.0
DHARAN-001,2026-04-25 23:00:00+05:45,6.3906,6.3723,1.5148,0.0
DHARAN-001,2026-04-26 00:00:00+05:45,6.7152,6.7032,1.6009,0.0
DHARAN-001,2026-04-26 01:00:00+05:45,6.4588,6.4371,1.5309,0.0
DHARAN-001,2026-04-26 02:00:00+05:45,6.0438,6.0341,1.4318,0.0
DHARAN-001,2026-04-26 03:00:00+05:45,6.7492,6.7216,1.6088,0.0
DHARAN-001,2026-04-26 04:00:00+05:45,6.3169,6.2971,1.5023,0.0
DHARAN-001,2026-04-26 05:00:00+05:45,6.0771,6.0642,1.4476,0.0
DHARAN-001,2026-04-26 06:00:00+05:45,10.8083,10.7844,2.5776,0.0
DHARAN-001,2026-04-26 07:00:00+05:45,10.8058,10.7883,2.5674,0.0
DHARAN-001,2026-04-26 08:00:00+05:45,10.4015,10.3978,2.4716,0.0
DHARAN-001,2026-04-26 09:00:00+05:45,11.3811,11.3661,2.7146,0.0
DHARAN-001,2026-04-26 10:00:00+05:45,5.8731,5.8507,1.3972,0.0
DHARAN-001,2026-04-26 11:00:00+05:45,6.0895,6.0709,1.4557,0.0
DHARAN-001,2026-04-26 12:00:00+05:45,6.6649,6.6337,1.6101,0.0
DHARAN-001,2026-04-26 13:00:00+05:45,6.8148,6.8009,1.6159,0.0
DHARAN-001,2026-04-26 14:00:00+05:45,5.6124,5.6019,1.3299,0.0
DHARAN-001,2026-04-26 15:00:00+05:45,6.7859,6.769,1.6178,0.0
DHARAN-001,2026-04-26 16:00:00+05:45,6.1645,6.159,1.4595,0.0
DHARAN-001,2026-04-26 17:00:00+05:45,7.7418,7.7137,1.822,0.0
DHARAN-001,2026-04-26 18:00:00+05:45,13.3544,13.3301,3.1804,0.0
DHARAN-001,2026-04-26 19:00:00+05:45,12.6044,12.5773,3.0158,0.0
DHARAN-001,2026-04-26 20:00:00+05:45,13.2826,13.2775,3.1628,0.0
DHARAN-001,2026-04-26 21:00:00+05:45,12.3467,12.3241,2.957,0.0
DHARAN-001,2026-04-26 22:00:00+05:45,11.9184,11.9101,2.835,0.0
DHARAN-001,2026-04-26 23:00:00+05:45,5.811,5.7986,1.3813,0.0
DHARAN-001,2026-04-27 00:00:00+05:45,6.8922,6.8833,1.6531,0.0
DHARAN-001,2026-04-27 01:00:00+05:45,5.2298,5.2004,1.266,0.0
DHARAN-001,2026-04-27 02:00:00+05:45,7.5743,7.5659,1.8025,0.0
DHARAN-001,2026-04-27 03:00:00+05:45,6.405,6.3941,1.5167,0.0
DHARAN-001,2026-04-27 04:00:00+05:45,6.6398,6.6293,1.581,0.0
DHARAN-001,2026-04-27 05:00:00+05:45,6.267,6.2598,1.4894,0.0
DHARAN-001,2026-04-27 06:00:00+05:45,11.2937,11.2776,2.6935,0.0
DHARAN-001,2026-04-27 07:00:00+05:45,11.7756,11.7533,2.8053,0.0
DHARAN-001,2026-04-27 08:00:00+05:45,10.1629,10.1476,2.4242,0.0
DHARAN-001,2026-04-27 09:00:00+05:45,11.9758,11.9616,2.87,0.0
DHARAN-001,2026-04-27 10:00:00+05:45,7.2233,7.21,1.7273,0.0
DHARAN-001,2026-04-27 11:00:00+05:45,6.6951,6.6676,1.5923,0.0
DHARAN-001,2026-04-27 12:00:00+05:45,6.7996,6.7875,1.6063,0.0
DHARAN-001,2026-04-27 13:00:00+05:45,6.1382,6.1325,1.4636,0.0
DHARAN-001,2026-04-27 14:00:00+05:45,6.7488,6.7391,1.6105,0.0
DHARAN-001,2026-04-27 15:00:00+05:45,6.7261,6.7049,1.6123,0.0
DHARAN-001,2026-04-27 16:00:00+05:45,6.3258,6.3139,1.4951,0.0
DHARAN-001,2026-04-27 17:00:00+05:45,6.8462,6.8252,1.6283,0.0
DHARAN-001,2026-04-27 18:00:00+05:45,12.7039,12.6808,3.0406,0.0
DHARAN-001,2026-04-27 19:00:00+05:45,12.7024,12.6818,3.0169,0.0
DHARAN-001,2026-04-27 20:00:00+05:45,12.2886,12.2684,2.9346,0.0
DHARAN-001,2026-04-27 21:00:00+05:45,12.5996,12.586,2.991,0.0
DHARAN-001,2026-04-27 22:00:00+05:45,13.2477,13.2304,3.1502,0.0
DHARAN-001,2026-04-27 23:00:00+05:45,6.3413,6.3168,1.5076,0.0
DHARAN-001,2026-04-28 00:00:00+05:45,6.5144,6.4991,1.546,0.0
DHARAN-001,2026-04-28 01:00:00+05:45,6.6522,6.6276,1.5675,0.0
DHARAN-001,2026-04-28 02:00:00+05:45,6.5691,6.5597,1.562,0.0
DHARAN-001,2026-04-28 03:00:00+05:45,6.4457,6.4239,1.5317,0.0
DHARAN-001,2026-04-28 04:00:00+05:45,6.8537,6.8309,1.6424,0.0
DHARAN-001,2026-04-28 05:00:00+05:45,6.4363,6.4106,1.5418,0.0
DHARAN-001,2026-04-28 06:00:00+05:45,11.8329,11.8122,2.8148,0.0
DHARAN-001,2026-04-28 07:00:00+05:45,11.5275,11.5067,2.7313,0.0
DHARAN-001,2026-04-28 08:00:00+05:45,10.4961,10.4726,2.4799,0.0
DHARAN-001,2026-04-28 09:00:00+05:45,10.7869,10.7678,2.5781,0.0
DHARAN-001,2026-04-28 10:00:00+05:45,6.3935,6.3725,1.5191,0.0
DHARAN-001,2026-04-28 11:00:00+05:45,6.1904,6.1723,1.4845,0.0
DHARAN-001,2026-04-28 12:00:00+05:45,6.2575,6.2533,1.4885,0.0
DHARAN-001,2026-04-28 13:00:00+05:45,6.422,6.4022,1.5222,0.0
DHARAN-001,2026-04-28 14:00:00+05:45,6.0764,6.0613,1.4579,0.0
DHARAN-001,2026-04-28 15:00:00+05:45,6.8195,6.8086,1.6198,0.0
DHARAN-001,2026-04-28 16:00:00+05:45,6.7307,6.7141,1.5882,0.0
DHARAN-001,2026-04-28 17:00:00+05:45,5.7055,5.6742,1.3565,0.0
DHARAN-001,2026-04-28 18:00:00+05:45,12.0673,12.0541,2.8729,0.0
DHARAN-001,2026-04-28 19:00:00+05:45,12.7711,12.747,3.0389,0.0
DHARAN-001,2026-04-28 20:00:00+05:45,12.8088,12.7947,3.0375,0.0
DHARAN-001,2026-04-28 21:00:00+05:45,12.5117,12.5113,2.9854,0.0
DHARAN-001,2026-04-28 22:00:00+05:45,12.9361,12.9175,3.0605,0.0
DHARAN-001,2026-04-28 23:00:00+05:45,6.8501,6.8371,1.6349,0.0
DHARAN-001,2026-04-29 00:00:00+05:45,7.0971,7.0702,1.6707,0.0
DHARAN-001,2026-04-29 01:00:00+05:45,6.9277,6.9111,1.6491,0.0
DHARAN-001,2026-04-29 02:00:00+05:45,6.0828,6.0768,1.4621,0.0
DHARAN-001,2026-04-29 03:00:00+05:45,6.5339,6.5307,1.5585,0.0
DHARAN-001,2026-04-29 04:00:00+05:45,6.489,6.4833,1.548,0.0
DHARAN-001,2026-04-29 05:00:00+05:45,6.3211,6.311,1.5081,0.0
DHARAN-001,2026-04-29 06:00:00+05:45,11.4758,11.4749,2.7505,0.0
DHARAN-001,2026-04-29 07:00:00+05:45,11.0904,11.0721,2.6396,0.0
DHARAN-001,2026-04-29 08:00:00+05:45,10.7765,10.7615,2.5746,0.0
DHARAN-001,2026-04-29 09:00:00+05:45,10.9243,10.9119,2.5863,0.0
DHARAN-001,2026-04-29 10:00:00+05:45,6.5927,6.5793,1.5461,0.0
DHARAN-001,2026-04-29 11:00:00+05:45,6.8267,6.8058,1.6192,0.0
DHARAN-001,2026-04-29 12:00:00+05:45,6.6742,6.6584,1.5872,0.0
DHARAN-001,2026-04-29 13:00:00+05:45,6.2432,6.212,1.4834,0.0
DHARAN-001,2026-04-29 14:00:00+05:45,7.1428,7.121,1.6978,0.0
DHARAN-001,2026-04-29 15:00:00+05:45,6.072,6.0494,1.4482,0.0
DHARAN-001,2026-04-29 16:00:00+05:45,7.2392,7.2281,1.731,0.0
DHARAN-001,2026-04-29 17:00:00+05:45,7.6238,7.5942,1.8143,0.0
DHARAN-001,2026-04-29 18:00:00+05:45,12.8291,12.8165,3.0522,0.0
DHARAN-001,2026-04-29 19:00:00+05:45,13.2443,13.2376,3.1405,0.0
DHARAN-001,2026-04-29 20:00:00+05:45,12.5739,12.56,2.9851,0.0
DHARAN-001,2026-04-29 21:00:00+05:45,12.5067,12.4829,2.9682,0.0
DHARAN-001,2026-04-29 22:00:00+05:45,12.4969,12.4915,2.9734,0.0
DHARAN-001,2026-04-29 23:00:00+05:45,6.0741,6.0589,1.445,0.0
DHARAN-001,2026-04-30 00:00:00+05:45,6.0046,5.9981,1.4365,0.0
DHARAN-001,2026-04-30 01:00:00+05:45,6.6711,6.6642,1.6071,0.0
DHARAN-001,2026-04-30 02:00:00+05:45,5.5983,5.5978,1.3289,0.0
DHARAN-001,2026-04-30 03:00:00+05:45,6.6021,6.5737,1.5563,0.0
DHARAN-001,2026-04-30 04:00:00+05:45,5.6223,5.6152,1.3358,0.0
DHARAN-001,2026-04-30 05:00:00+05:45,5.9146,5.8898,1.4093,0.0
DHARAN-001,2026-04-30 06:00:00+05:45,11.3585,11.3378,2.7112,0.0
DHARAN-001,2026-04-30 07:00:00+05:45,9.9239,9.9155,2.37,0.0
DHARAN-001,2026-04-30 08:00:00+05:45,11.1162,11.1023,2.6486,0.0
DHARAN-001,2026-04-30 09:00:00+05:45,10.9977,10.9784,2.6183,0.0
DHARAN-001,2026-04-30 10:00:00+05:45,6.5844,6.5662,1.5704,0.0
DHARAN-001,2026-04-30 11:00:00+05:45,6.9146,6.9001,1.6516,0.0
DHARAN-001,2026-04-30 12:00:00+05:45,7.062,7.0326,1.6919,0.0
DHARAN-001,2026-04-30 13:00:00+05:45,5.8318,5.8244,1.3918,0.0
DHARAN-001,2026-04-30 14:00:00+05:45,7.6031,7.5921,1.8151,0.0
DHARAN-001,2026-04-30 15:00:00+05:45,6.3375,6.3251,1.508,0.0
DHARAN-001,2026-04-30 16:00:00+05:45,6.3124,6.2969,1.5366,0.0
DHARAN-001,2026-04-30 17:00:00+05:45,6.571,6.5455,1.5546,0.0
DHARAN-001,2026-04-30 18:00:00+05:45,12.653,12.6468,3.0049,0.0
DHARAN-001,2026-04-30 19:00:00+05:45,13.0788,13.0733,3.1195,0.0
DHARAN-001,2026-04-30 20:00:00+05:45,12.6775,12.661,3.0051,0.0
DHARAN-001,2026-04-30 21:00:00+05:45,13.4393,13.4159,3.207,0.0
DHARAN-001,2026-04-30 22:00:00+05:45,12.3953,12.3786,2.9491,0.0
DHARAN-001,2026-04-30 23:00:00+05:45,6.8639,6.8548,1.6319,0.0
DHARAN-001,2026-05-01 00:00:00+05:45,7.0334,7.0231,1.6581,0.0
DHARAN-001,2026-05-01 01:00:00+05:45,5.6155,5.6032,1.3323,0.0
DHARAN-001,2026-05-01 02:00:00+05:45,6.4767,6.4653,1.5368,0.0
DHARAN-001,2026-05-01 03:00:00+05:45,6.381,6.3542,1.5202,0.0
DHARAN-001,2026-05-01 04:00:00+05:45,6.4862,6.4808,1.5561,0.0
DHARAN-001,2026-05-01 05:00:00+05:45,6.5455,6.543,1.5692,0.0
DHARAN-001,2026-05-01 06:00:00+05:45,11.4325,11.4205,2.7155,0.0
DHARAN-001,2026-05-01 07:00:00+05:45,11.2404,11.2206,2.6745,0.0
DHARAN-001,2026-05-01 08:00:00+05:45,11.2854,11.2723,2.7118,0.0
DHARAN-001,2026-05-01 09:00:00+05:45,11.3295,11.3142,2.7014,0.0
DHARAN-001,2026-05-01 10:00:00+05:45,6.9021,6.875,1.6426,0.0
DHARAN-001,2026-05-01 11:00:00+05:45,7.0838,7.0703,1.6877,0.0
DHARAN-001,2026-05-01 12:00:00+05:45,5.0709,5.0667,1.2105,0.0
DHARAN-001,2026-05-01 13:00:00+05:45,6.6381,6.6175,1.579,0.0
DHARAN-001,2026-05-01 14:00:00+05:45,7.2234,7.1901,1.7201,0.0
DHARAN-001,2026-05-01 15:00:00+05:45,6.5852,6.5747,1.5804,0.0
DHARAN-001,2026-05-01 16:00:00+05:45,6.3563,6.3489,1.5078,0.0
DHARAN-001,2026-05-01 17:00:00+05:45,6.3639,6.3525,1.5167,0.0
DHARAN-001,2026-05-01 18:00:00+05:45,13.1496,13.1252,3.1247,0.0
DHARAN-001,2026-05-01 19:00:00+05:45,12.5962,12.5922,2.9877,0.0
DHARAN-001,2026-05-01 20:00:00+05:45,11.9667,11.9516,2.8608,0.0
DHARAN-001,2026-05-01 21:00:00+05:45,13.2969,13.2857,3.1717,0.0
DHARAN-001,2026-05-01 22:00:00+05:45,12.629,12.6178,3.0015,0.0
DHARAN-001,2026-05-01 23:00:00+05:45,6.1978,6.1874,1.4885,0.0
DHARAN-001,2026-05-02 00:00:00+05:45,7.1176,7.1085,1.6938,0.0
DHARAN-001,2026-05-02 01:00:00+05:45,7.1201,7.0937,1.7008,0.0
DHARAN-001,2026-05-02 02:00:00+05:45,7.2302,7.2271,1.7209,0.0
DHARAN-001,2026-05-02 03:00:00+05:45,7.6899,7.6775,1.8272,0.0
DHARAN-001,2026-05-02 04:00:00+05:45,7.0305,7.005,1.6672,0.0
DHARAN-001,2026-05-02 05:00:00+05:45,6.1994,6.1939,1.473,0.0
DHARAN-001,2026-05-02 06:00:00+05:45,11.4198,11.4025,2.7192,0.0
DHARAN-001,2026-05-02 07:00:00+05:45,11.0011,10.993,2.6217,0.0
DHARAN-001,2026-05-02 08:00:00+05:45,11.5428,11.5323,2.7341,0.0
DHARAN-001,2026-05-02 09:00:00+05:45,11.3811,11.3661,2.7057,0.0
DHARAN-001,2026-05-02 10:00:00+05:45,5.699,5.6903,1.3693,0.0
DHARAN-001,2026-05-02 11:00:00+05:45,5.4988,5.4808,1.2958,0.0
DHARAN-001,2026-05-02 12:00:00+05:45,6.4178,6.4174,1.5489,0.0
DHARAN-001,2026-05-02 13:00:00+05:45,6.5981,6.5887,1.5522,0.0
DHARAN-001,2026-05-02 14:00:00+05:45,6.9367,6.9212,1.6562,0.0
DHARAN-001,2026-05-02 15:00:00+05:45,7.1189,7.1094,1.6983,0.0
DHARAN-001,2026-05-02 16:00:00+05:45,7.237,7.2133,1.7227,0.0
DHARAN-001,2026-05-02 17:00:00+05:45,6.2314,6.2142,1.4703,0.0
DHARAN-001,2026-05-02 18:00:00+05:45,12.9394,12.9284,3.0795,0.0
DHARAN-001,2026-05-02 19:00:00+05:45,12.6964,12.6737,3.0272,0.0
DHARAN-001,2026-05-02 20:00:00+05:45,12.5528,12.5512,3.003,0.0
DHARAN-001,2026-05-02 21:00:00+05:45,11.8694,11.8636,2.8202,0.0
DHARAN-001,2026-05-02 22:00:00+05:45,12.8717,12.8572,3.0634,0.0
DHARAN-001,2026-05-02 23:00:00+05:45,6.7478,6.7411,1.6051,0.0
DHARAN-001,2026-05-03 00:00:00+05:45,6.3744,6.3463,1.5137,0.0
DHARAN-001,2026-05-03 01:00:00+05:45,7.3159,7.3037,1.7549,0.0
DHARAN-001,2026-05-03 02:00:00+05:45,5.792,5.7689,1.3646,0.0
DHARAN-001,2026-05-03 03:00:00+05:45,6.7038,6.6778,1.5946,0.0
DHARAN-001,2026-05-03 04:00:00+05:45,7.1773,7.1587,1.6979,0.0
DHARAN-001,2026-05-03 05:00:00+05:45,6.3752,6.3536,1.5106,0.0
DHARAN-001,2026-05-03 06:00:00+05:45,10.9747,10.9507,2.6164,0.0
DHARAN-001,2026-05-03 07:00:00+05:45,11.8936,11.8807,2.8389,0.0
DHARAN-001,2026-05-03 08:00:00+05:45,11.2812,11.2704,2.6814,0.0
DHARAN-001,2026-05-03 09:00:00+05:45,12.051,12.0318,2.8653,0.0
DHARAN-001,2026-05-03 10:00:00+05:45,7.389,7.3747,1.7636,0.0
DHARAN-001,2026-05-03 11:00:00+05:45,5.8819,5.8788,1.4021,0.0
DHARAN-001,2026-05-03 12:00:00+05:45,6.9142,6.9014,1.6422,0.0
DHARAN-001,2026-05-03 13:00:00+05:45,6.5003,6.4944,1.5404,0.0
DHARAN-001,2026-05-03 14:00:00+05:45,6.6514,6.6506,1.577,0.0
DHARAN-001,2026-05-03 15:00:00+05:45,6.7987,6.7847,1.6347,0.0
DHARAN-001,2026-05-03 16:00:00+05:45,5.9914,5.9857,1.4129,0.0
DHARAN-001,2026-05-03 17:00:00+05:45,5.6941,5.6824,1.3545,0.0
DHARAN-001,2026-05-03 18:00:00+05:45,11.9777,11.9768,2.8468,0.0
DHARAN-001,2026-05-03 19:00:00+05:45,12.1697,12.1483,2.903,0.0
DHARAN-001,2026-05-03 20:00:00+05:45,13.412,13.3982,3.1828,0.0
DHARAN-001,2026-05-03 21:00:00+05:45,11.5072,11.4805,2.7361,0.0
DHARAN-001,2026-05-03 22:00:00+05:45,13.3553,13.3498,3.1754,0.0
DHARAN-001,2026-05-03 23:00:00+05:45,6.3331,6.3294,1.4895,0.0
DHARAN-001,2026-05-04 00:00:00+05:45,5.9797,5.9681,1.4148,0.0
DHARAN-001,2026-05-04 01:00:00+05:45,5.986,5.9673,1.4107,0.0
DHARAN-001,2026-05-04 02:00:00+05:45,6.2822,6.2509,1.5067,0.0
DHARAN-001,2026-05-04 03:00:00+05:45,6.5641,6.5419,1.5496,0.0
DHARAN-001,2026-05-04 04:00:00+05:45,6.2374,6.2109,1.49,0.0
DHARAN-001,2026-05-04 05:00:00+05:45,7.1825,7.1631,1.728,0.0
DHARAN-001,2026-05-04 06:00:00+05:45,10.9824,10.9653,2.6247,0.0
DHARAN-001,2026-05-04 07:00:00+05:45,10.386,10.3774,2.4773,0.0
DHARAN-001,2026-05-04 08:00:00+05:45,10.8301,10.8232,2.5793,0.0
DHARAN-001,2026-05-04 09:00:00+05:45,11.8975,11.8681,2.828,0.0
DHARAN-001,2026-05-04 10:00:00+05:45,6.4179,6.3888,1.5333,0.0
DHARAN-001,2026-05-04 11:00:00+05:45,6.222,6.2013,1.4831,0.0
DHARAN-001,2026-05-04 12:00:00+05:45,5.9251,5.9055,1.404,0.0
DHARAN-001,2026-05-04 13:00:00+05:45,7.1958,7.1704,1.7048,0.0
DHARAN-001,2026-05-04 14:00:00+05:45,6.4303,6.3985,1.5392,0.0
DHARAN-001,2026-05-04 15:00:00+05:45,5.694,5.6745,1.3693,0.0
DHARAN-001,2026-05-04 16:00:00+05:45,7.3471,7.3241,1.7475,0.0
DHARAN-001,2026-05-04 17:00:00+05:45,5.4946,5.4946,1.313,0.0
DHARAN-001,2026-05-04 18:00:00+05:45,13.0464,13.0416,3.121,0.0
DHARAN-001,2026-05-04 19:00:00+05:45,13.0165,13.0028,3.0891,0.0
DHARAN-001,2026-05-04 20:00:00+05:45,13.0239,13.0106,3.0958,0.0
DHARAN-001,2026-05-04 21:00:00+05:45,12.1858,12.1659,2.896,0.0
DHARAN-001,2026-05-04 22:00:00+05:45,13.178,13.1724,3.1347,0.0
DHARAN-001,2026-05-04 23:00:00+05:45,6.8684,6.8572,1.6353,0.0
DHARAN-001,2026-05-05 00:00:00+05:45,6.3444,6.3223,1.5171,0.0
DHARAN-001,2026-05-05 01:00:00+05:45,5.766,5.7537,1.3823,0.0
DHARAN-001,2026-05-05 02:00:00+05:45,7.376,7.3741,1.7462,0.0
DHARAN-001,2026-05-05 03:00:00+05:45,7.2556,7.2499,1.7147,0.0
DHARAN-001,2026-05-05 04:00:00+05:45,5.2468,5.2228,1.2499,0.0
DHARAN-001,2026-05-05 05:00:00+05:45,7.2877,7.2586,1.7435,0.0
DHARAN-001,2026-05-05 06:00:00+05:45,9.9473,9.9356,2.3719,0.0
DHARAN-001,2026-05-05 07:00:00+05:45,11.7176,11.6949,2.7775,0.0
DHARAN-001,2026-05-05 08:00:00+05:45,10.4387,10.4196,2.4772,0.0
DHARAN-001,2026-05-05 09:00:00+05:45,10.1599,10.1366,2.4387,0.0
DHARAN-001,2026-05-05 10:00:00+05:45,6.3783,6.365,1.5309,0.0
DHARAN-001,2026-05-05 11:00:00+05:45,6.7007,6.6981,1.5962,0.0
DHARAN-001,2026-05-05 12:00:00+05:45,7.511,7.4987,1.7788,0.0
DHARAN-001,2026-05-05 13:00:00+05:45,6.3862,6.3802,1.5171,0.0
DHARAN-001,2026-05-05 14:00:00+05:45,6.6299,6.6155,1.5912,0.0
DHARAN-001,2026-05-05 15:00:00+05:45,5.8868,5.8587,1.4123,0.0
DHARAN-001,2026-05-05 16:00:00+05:45,6.5586,6.5576,1.5596,0.0
DHARAN-001,2026-05-05 17:00:00+05:45,6.2381,6.2215,1.4809,0.0
DHARAN-001,2026-05-05 18:00:00+05:45,11.6376,11.6197,2.7689,0.0
DHARAN-001,2026-05-05 19:00:00+05:45,13.3358,13.3328,3.1814,0.0
DHARAN-001,2026-05-05 20:00:00+05:45,12.1687,12.1478,2.9078,0.0
DHARAN-001,2026-05-05 21:00:00+05:45,11.3278,11.3014,2.7014,0.0
DHARAN-001,2026-05-05 22:00:00+05:45,12.7545,12.7526,3.0282,0.0
DHARAN-001,2026-05-05 23:00:00+05:45,5.7706,5.7548,1.3603,0.0
DHARAN-001,2026-05-06 00:00:00+05:45,6.5278,6.512,1.5649,0.0
DHARAN-001,2026-05-06 01:00:00+05:45,5.9904,5.9536,1.415,0.0
DHARAN-001,2026-05-06 02:00:00+05:45,6.739,6.7337,1.6106,0.0
DHARAN-001,2026-05-06 03:00:00+05:45,5.7337,5.727,1.3504,0.0
DHARAN-001,2026-05-06 04:00:00+05:45,6.3598,6.333,1.508,0.0
DHARAN-001,2026-05-06 05:00:00+05:45,6.4037,6.3881,1.5285,0.0
DHARAN-001,2026-05-06 06:00:00+05:45,10.7456,10.7273,2.5639,0.0
DHARAN-001,2026-05-06 07:00:00+05:45,11.2635,11.245,2.6615,0.0
DHARAN-001,2026-05-06 08:00:00+05:45,11.6222,11.603,2.7774,0.0
DHARAN-001,2026-05-06 09:00:00+05:45,10.7363,10.7158,2.5525,0.0
DHARAN-001,2026-05-06 10:00:00+05:45,6.6419,6.6155,1.5585,0.0
DHARAN-001,2026-05-06 11:00:00+05:45,7.1444,7.1153,1.6938,0.0
DHARAN-001,2026-05-06 12:00:00+05:45,5.8511,5.844,1.3801,0.0
DHARAN-001,2026-05-06 13:00:00+05:45,6.2585,6.2337,1.4848,0.0
DHARAN-001,2026-05-06 14:00:00+05:45,5.9186,5.9028,1.4141,0.0
DHARAN-001,2026-05-06 15:00:00+05:45,6.4607,6.4182,1.5301,0.0
DHARAN-001,2026-05-06 16:00:00+05:45,6.7024,6.6978,1.6028,0.0
DHARAN-001,2026-05-06 17:00:00+05:45,6.319,6.3002,1.5135,0.0
DHARAN-001,2026-05-06 18:00:00+05:45,12.9243,12.8934,3.0816,0.0
DHARAN-001,2026-05-06 19:00:00+05:45,12.3395,12.3194,2.9391,0.0
DHARAN-001,2026-05-06 20:00:00+05:45,13.2157,13.1972,3.1344,0.0
DHARAN-001,2026-05-06 21:00:00+05:45,13.218,13.1957,3.1535,0.0
DHARAN-001,2026-05-06 22:00:00+05:45,13.2315,13.2298,3.1359,0.0
DHARAN-001,2026-05-06 23:00:00+05:45,6.0962,6.09,1.4436,0.0
DHARAN-001,2026-05-07 00:00:00+05:45,6.8109,6.8005,1.6115,0.0
DHARAN-001,2026-05-07 01:00:00+05:45,6.2607,6.2499,1.5009,0.0
DHARAN-001,2026-05-07 02:00:00+05:45,6.2449,6.2358,1.4934,0.0
DHARAN-001,2026-05-07 03:00:00+05:45,6.3726,6.3426,1.52,0.0
DHARAN-001,2026-05-07 04:00:00+05:45,6.3356,6.3252,1.5052,0.0
DHARAN-001,2026-05-07 05:00:00+05:45,6.1552,6.1527,1.4817,0.0
DHARAN-001,2026-05-07 06:00:00+05:45,10.4839,10.4603,2.4944,0.0
DHARAN-001,2026-05-07 07:00:00+05:45,10.1624,10.1583,2.4249,0.0
DHARAN-001,2026-05-07 08:00:00+05:45,10.9947,10.9833,2.6075,0.0
DHARAN-001,2026-05-07 09:00:00+05:45,11.1191,11.1004,2.6335,0.0
DHARAN-001,2026-05-07 10:00:00+05:45,6.1438,6.1354,1.4613,0.0
DHARAN-001,2026-05-07 11:00:00+05:45,6.753,6.749,1.603,0.0
DHARAN-001,2026-05-07 12:00:00+05:45,6.6041,6.5847,1.5735,0.0
DHARAN-001,2026-05-07 13:00:00+05:45,6.9586,6.946,1.6523,0.0
DHARAN-001,2026-05-07 14:00:00+05:45,6.956,6.9515,1.6645,0.0
DHARAN-001,2026-05-07 15:00:00+05:45,4.9073,4.8988,1.1691,0.0
DHARAN-001,2026-05-07 16:00:00+05:45,6.6421,6.6323,1.6002,0.0
DHARAN-001,2026-05-07 17:00:00+05:45,6.7163,6.698,1.6089,0.0
DHARAN-001,2026-05-07 18:00:00+05:45,12.4329,12.4132,2.9605,0.0
DHARAN-001,2026-05-07 19:00:00+05:45,13.1989,13.1904,3.1417,0.0
DHARAN-001,2026-05-07 20:00:00+05:45,12.5096,12.5028,2.9724,0.0
DHARAN-001,2026-05-07 21:00:00+05:45,12.6098,12.5956,3.006,0.0
DHARAN-001,2026-05-07 22:00:00+05:45,12.1322,12.1131,2.9063,0.0
DHARAN-001,2026-05-07 23:00:00+05:45,6.9347,6.9168,1.6682,0.0
DHARAN-001,2026-05-08 00:00:00+05:45,7.0903,7.0786,1.6825,0.0
DHARAN-001,2026-05-08 01:00:00+05:45,6.0482,6.0312,1.4393,0.0
DHARAN-001,2026-05-08 02:00:00+05:45,6.5616,6.5552,1.564,0.0
DHARAN-001,2026-05-08 03:00:00+05:45,6.7524,6.7358,1.6032,0.0
DHARAN-001,2026-05-08 04:00:00+05:45,6.6436,6.6336,1.5658,0.0
DHARAN-001,2026-05-08 05:00:00+05:45,7.137,7.1131,1.7063,0.0
DHARAN-001,2026-05-08 06:00:00+05:45,11.6947,11.6665,2.7873,0.0
DHARAN-001,2026-05-08 07:00:00+05:45,11.2862,11.2741,2.6955,0.0
DHARAN-001,2026-05-08 08:00:00+05:45,11.6927,11.6861,2.7752,0.0
DHARAN-001,2026-05-08 09:00:00+05:45,11.0228,11.0119,2.6225,0.0
DHARAN-001,2026-05-08 10:00:00+05:45,7.7182,7.7037,1.8354,0.0
DHARAN-001,2026-05-08 11:00:00+05:45,7.1061,7.083,1.6954,0.0
DHARAN-001,2026-05-08 12:00:00+05:45,5.6618,5.6384,1.3524,0.0
DHARAN-001,2026-05-08 13:00:00+05:45,7.2809,7.2731,1.7409,0.0
DHARAN-001,2026-05-08 14:00:00+05:45,6.7816,6.7687,1.6206,0.0
DHARAN-001,2026-05-08 15:00:00+05:45,6.9404,6.9397,1.6577,0.0
DHARAN-001,2026-05-08 16:00:00+05:45,5.8652,5.8651,1.3964,0.0
DHARAN-001,2026-05-08 17:00:00+05:45,6.315,6.2869,1.5168,0.0
DHARAN-001,2026-05-08 18:00:00+05:45,13.7639,13.7468,3.2872,0.0
DHARAN-001,2026-05-08 19:00:00+05:45,12.2186,12.1891,2.9121,0.0
DHARAN-001,2026-05-08 20:00:00+05:45,12.4683,12.4609,2.9714,0.0
DHARAN-001,2026-05-08 21:00:00+05:45,13.1621,13.1507,3.1649,0.0
DHARAN-001,2026-05-08 22:00:00+05:45,12.6654,12.6435,3.0219,0.0
DHARAN-001,2026-05-08 23:00:00+05:45,7.0698,7.0381,1.6967,0.0
DHARAN-001,2026-05-09 00:00:00+05:45,5.8547,5.8385,1.3817,0.0
DHARAN-001,2026-05-09 01:00:00+05:45,6.2503,6.2355,1.4921,0.0
DHARAN-001,2026-05-09 02:00:00+05:45,6.5887,6.5756,1.5775,0.0
DHARAN-001,2026-05-09 03:00:00+05:45,6.0835,6.075,1.46,0.0
DHARAN-001,2026-05-09 04:00:00+05:45,5.9241,5.9056,1.4145,0.0
DHARAN-001,2026-05-09 05:00:00+05:45,6.6603,6.6576,1.567,0.0
DHARAN-001,2026-05-09 06:00:00+05:45,11.3217,11.3001,2.6956,0.0
DHARAN-001,2026-05-09 07:00:00+05:45,11.4393,11.423,2.7252,0.0
DHARAN-001,2026-05-09 08:00:00+05:45,10.7344,10.7344,2.55,0.0
DHARAN-001,2026-05-09 09:00:00+05:45,11.4754,11.4643,2.7325,0.0
DHARAN-001,2026-05-09 10:00:00+05:45,6.3969,6.3716,1.5246,0.0
DHARAN-001,2026-05-09 11:00:00+05:45,8.199,8.1885,1.9405,0.0
DHARAN-001,2026-05-09 12:00:00+05:45,6.8648,6.8572,1.6281,0.0
DHARAN-001,2026-05-09 13:00:00+05:45,5.8825,5.8611,1.4012,0.0
DHARAN-001,2026-05-09 14:00:00+05:45,5.6793,5.6597,1.3591,0.0
DHARAN-001,2026-05-09 15:00:00+05:45,6.5982,6.5945,1.5575,0.0
DHARAN-001,2026-05-09 16:00:00+05:45,7.6445,7.6432,1.8348,0.0
DHARAN-001,2026-05-09 17:00:00+05:45,6.4454,6.4307,1.5454,0.0
DHARAN-001,2026-05-09 18:00:00+05:45,12.67,12.6617,3.0185,0.0
DHARAN-001,2026-05-09 19:00:00+05:45,12.9203,12.8965,3.0793,0.0
DHARAN-001,2026-05-09 20:00:00+05:45,12.5855,12.584,3.0057,0.0
DHARAN-001,2026-05-09 21:00:00+05:45,12.5775,12.5733,3.0067,0.0
DHARAN-001,2026-05-09 22:00:00+05:45,12.9097,12.8834,3.0907,0.0
DHARAN-001,2026-05-09 23:00:00+05:45,6.5992,6.5925,1.5717,0.0
DHARAN-001,2026-05-10 00:00:00+05:45,6.9056,6.8961,1.6442,0.0
DHARAN-001,2026-05-10 01:00:00+05:45,6.5539,6.552,1.5765,0.0
DHARAN-001,2026-05-10 02:00:00+05:45,5.9699,5.9549,1.4181,0.0
DHARAN-001,2026-05-10 03:00:00+05:45,7.0124,6.9928,1.6784,0.0
DHARAN-001,2026-05-10 04:00:00+05:45,6.4254,6.4073,1.5388,0.0
DHARAN-001,2026-05-10 05:00:00+05:45,6.4621,6.4467,1.5446,0.0
DHARAN-001,2026-05-10 06:00:00+05:45,11.0134,11.0017,2.6237,0.0
DHARAN-001,2026-05-10 07:00:00+05:45,10.4301,10.4216,2.4827,0.0
DHARAN-001,2026-05-10 08:00:00+05:45,10.561,10.5401,2.5168,0.0
DHARAN-001,2026-05-10 09:00:00+05:45,11.1572,11.1467,2.6615,0.0
DHARAN-001,2026-05-10 10:00:00+05:45,6.7451,6.7237,1.6288,0.0
DHARAN-001,2026-05-10 11:00:00+05:45,5.5194,5.5085,1.3276,0.0
DHARAN-001,2026-05-10 12:00:00+05:45,7.6813,7.6607,1.8129,0.0
DHARAN-001,2026-05-10 13:00:00+05:45,6.6257,6.6095,1.5953,0.0
DHARAN-001,2026-05-10 14:00:00+05:45,6.211,6.1948,1.4866,0.0
DHARAN-001,2026-05-10 15:00:00+05:45,6.3178,6.3173,1.496,0.0
DHARAN-001,2026-05-10 16:00:00+05:45,6.5231,6.5114,1.5615,0.0
DHARAN-001,2026-05-10 17:00:00+05:45,6.6293,6.613,1.5891,0.0
DHARAN-001,2026-05-10 18:00:00+05:45,12.5815,12.5703,3.0019,0.0
DHARAN-001,2026-05-10 19:00:00+05:45,12.6064,12.5913,3.0088,0.0
DHARAN-001,2026-05-10 20:00:00+05:45,12.5503,12.5226,2.994,0.0
DHARAN-001,2026-05-10 21:00:00+05:45,12.9089,12.8928,3.0772,0.0
DHARAN-001,2026-05-10 22:00:00+05:45,12.18,12.1675,2.9042,0.0
DHARAN-001,2026-05-10 23:00:00+05:45,5.9076,5.8967,1.4029,0.0
DHARAN-001,2026-05-11 00:00:00+05:45,6.3186,6.2799,1.5098,0.0
DHARAN-001,2026-05-11 01:00:00+05:45,6.1038,6.1016,1.473,0.0
DHARAN-001,2026-05-11 02:00:00+05:45,6.9566,6.9471,1.6436,0.0
DHARAN-001,2026-05-11 03:00:00+05:45,7.1948,7.1813,1.706,0.0
DHARAN-001,2026-05-11 04:00:00+05:45,6.3965,6.3745,1.5212,0.0
DHARAN-001,2026-05-11 05:00:00+05:45,6.6937,6.6801,1.6002,0.0
DHARAN-001,2026-05-11 06:00:00+05:45,12.0935,12.0715,2.877,0.0
DHARAN-001,2026-05-11 07:00:00+05:45,11.3679,11.352,2.704,0.0
DHARAN-001,2026-05-11 08:00:00+05:45,11.5659,11.5488,2.7469,0.0
DHARAN-001,2026-05-11 09:00:00+05:45,10.7506,10.7362,2.556,0.0
DHARAN-001,2026-05-11 10:00:00+05:45,6.4723,6.4696,1.5155,0.0
DHARAN-001,2026-05-11 11:00:00+05:45,6.9691,6.953,1.6675,0.0
DHARAN-001,2026-05-11 12:00:00+05:45,7.7766,7.7674,1.8607,0.0
DHARAN-001,2026-05-11 13:00:00+05:45,6.4778,6.4557,1.5504,0.0
DHARAN-001,2026-05-11 14:00:00+05:45,6.2773,6.2729,1.4884,0.0
DHARAN-001,2026-05-11 15:00:00+05:45,5.6007,5.5982,1.3357,0.0
DHARAN-001,2026-05-11 16:00:00+05:45,7.2245,7.2178,1.7347,0.0
DHARAN-001,2026-05-11 17:00:00+05:45,6.7055,6.7027,1.6021,0.0
DHARAN-001,2026-05-11 18:00:00+05:45,13.7031,13.6896,3.2722,0.0
DHARAN-001,2026-05-11 19:00:00+05:45,12.638,12.6193,3.0023,0.0
DHARAN-001,2026-05-11 20:00:00+05:45,12.2852,12.272,2.9282,0.0
DHARAN-001,2026-05-11 21:00:00+05:45,13.0457,13.0146,3.1173,0.0
DHARAN-001,2026-05-11 22:00:00+05:45,12.332,12.3263,2.9363,0.0
DHARAN-001,2026-05-11 23:00:00+05:45,5.8313,5.824,1.3967,0.0
DHARAN-001,2026-05-12 00:00:00+05:45,6.2726,6.252,1.5028,0.0
DHARAN-001,2026-05-12 01:00:00+05:45,6.0901,6.0783,1.4585,0.0
DHARAN-001,2026-05-12 02:00:00+05:45,7.0295,7.0153,1.6716,0.0
DHARAN-001,2026-05-12 03:00:00+05:45,5.7525,5.7478,1.3805,0.0
DHARAN-001,2026-05-12 04:00:00+05:45,7.2004,7.1923,1.7093,0.0
DHARAN-001,2026-05-12 05:00:00+05:45,6.203,6.1951,1.4848,0.0
DHARAN-001,2026-05-12 06:00:00+05:45,11.3053,11.2737,2.6945,0.0
DHARAN-001,2026-05-12 07:00:00+05:45,11.7674,11.747,2.7893,0.0
DHARAN-001,2026-05-12 08:00:00+05:45,10.8957,10.8835,2.5885,0.0
DHARAN-001,2026-05-12 09:00:00+05:45,11.9227,11.9056,2.8349,0.0
DHARAN-001,2026-05-12 10:00:00+05:45,6.6542,6.6506,1.5677,0.0
DHARAN-001,2026-05-12 11:00:00+05:45,7.4396,7.4358,1.7731,0.0
DHARAN-001,2026-05-12 12:00:00+05:45,6.0754,6.0551,1.4622,0.0
DHARAN-001,2026-05-12 13:00:00+05:45,6.0039,5.9799,1.4279,0.0
DHARAN-001,2026-05-12 14:00:00+05:45,6.1711,6.1665,1.4719,0.0
DHARAN-001,2026-05-12 15:00:00+05:45,6.4277,6.4065,1.5059,0.0
DHARAN-001,2026-05-12 16:00:00+05:45,6.3626,6.3479,1.5207,0.0
DHARAN-001,2026-05-12 17:00:00+05:45,6.5693,6.55,1.5681,0.0
DHARAN-001,2026-05-12 18:00:00+05:45,12.1961,12.1781,2.913,0.0
DHARAN-001,2026-05-12 19:00:00+05:45,12.1551,12.1403,2.8871,0.0
DHARAN-001,2026-05-12 20:00:00+05:45,11.7981,11.7966,2.808,0.0
DHARAN-001,2026-05-12 21:00:00+05:45,13.0545,13.0247,3.1106,0.0
DHARAN-001,2026-05-12 22:00:00+05:45,13.2125,13.2113,3.1559,0.0
DHARAN-001,2026-05-12 23:00:00+05:45,6.0911,6.0615,1.4619,0.0
DHARAN-001,2026-05-13 00:00:00+05:45,6.5526,6.5399,1.5513,0.0
DHARAN-001,2026-05-13 01:00:00+05:45,6.4286,6.4048,1.5309,0.0
DHARAN-001,2026-05-13 02:00:00+05:45,6.6353,6.6073,1.5899,0.0
DHARAN-001,2026-05-13 03:00:00+05:45,6.3547,6.3471,1.5174,0.0
DHARAN-001,2026-05-13 04:00:00+05:45,6.8443,6.8285,1.6286,0.0
DHARAN-001,2026-05-13 05:00:00+05:45,6.2945,6.2824,1.5042,0.0
DHARAN-001,2026-05-13 06:00:00+05:45,11.3438,11.3307,2.6948,0.0
DHARAN-001,2026-05-13 07:00:00+05:45,11.56,11.549,2.7531,0.0
DHARAN-001,2026-05-13 08:00:00+05:45,11.1305,11.1136,2.6631,0.0
DHARAN-001,2026-05-13 09:00:00+05:45,10.2665,10.2653,2.4542,0.0
DHARAN-001,2026-05-13 10:00:00+05:45,6.4966,6.4826,1.5315,0.0
DHARAN-001,2026-05-13 11:00:00+05:45,6.939,6.9207,1.6297,0.0
DHARAN-001,2026-05-13 12:00:00+05:45,6.1097,6.0947,1.4607,0.0
DHARAN-001,2026-05-13 13:00:00+05:45,6.1792,6.1563,1.4766,0.0
DHARAN-001,2026-05-13 14:00:00+05:45,6.9718,6.9634,1.6756,0.0
DHARAN-001,2026-05-13 15:00:00+05:45,6.3106,6.2865,1.4968,0.0
DHARAN-001,2026-05-13 16:00:00+05:45,7.8637,7.852,1.8767,0.0
DHARAN-001,2026-05-13 17:00:00+05:45,6.7899,6.776,1.6231,0.0
DHARAN-001,2026-05-13 18:00:00+05:45,12.4009,12.3849,2.9776,0.0
DHARAN-001,2026-05-13 19:00:00+05:45,12.6739,12.6589,3.0055,0.0
DHARAN-001,2026-05-13 20:00:00+05:45,12.0723,12.0705,2.8768,0.0
DHARAN-001,2026-05-13 21:00:00+05:45,12.1301,12.1171,2.8821,0.0
DHARAN-001,2026-05-13 22:00:00+05:45,13.1012,13.0882,3.1381,0.0
DHARAN-001,2026-05-13 23:00:00+05:45,6.3191,6.2987,1.4954,0.0
DHARAN-001,2026-05-14 00:00:00+05:45,6.9059,6.8938,1.6296,0.0
DHARAN-001,2026-05-14 01:00:00+05:45,7.1516,7.1453,1.7127,0.0
DHARAN-001,2026-05-14 02:00:00+05:45,6.8397,6.8201,1.6428,0.0
DHARAN-001,2026-05-14 03:00:00+05:45,6.6144,6.5999,1.5647,0.0
DHARAN-001,2026-05-14 04:00:00+05:45,6.5691,6.5594,1.5592,0.0
DHARAN-001,2026-05-14 05:00:00+05:45,6.1835,6.1688,1.4678,0.0
DHARAN-001,2026-05-14 06:00:00+05:45,10.8763,10.8485,2.5904,0.0
DHARAN-001,2026-05-14 07:00:00+05:45,10.8427,10.8413,2.5861,0.0
DHARAN-001,2026-05-14 08:00:00+05:45,11.0898,11.0681,2.6342,0.0
DHARAN-001,2026-05-14 09:00:00+05:45,11.1776,11.1568,2.6522,0.0
DHARAN-001,2026-05-14 10:00:00+05:45,7.1208,7.0932,1.6861,0.0
DHARAN-001,2026-05-14 11:00:00+05:45,6.3819,6.3616,1.5321,0.0
DHARAN-001,2026-05-14 12:00:00+05:45,6.9767,6.9514,1.6462,0.0
DHARAN-001,2026-05-14 13:00:00+05:45,7.5258,7.509,1.786,0.0
DHARAN-001,2026-05-14 14:00:00+05:45,5.8348,5.8242,1.3863,0.0
DHARAN-001,2026-05-14 15:00:00+05:45,6.6293,6.6105,1.5779,0.0
DHARAN-001,2026-05-14 16:00:00+05:45,6.5088,6.5021,1.5408,0.0
DHARAN-001,2026-05-14 17:00:00+05:45,6.6644,6.6344,1.5753,0.0
DHARAN-001,2026-05-14 18:00:00+05:45,13.1513,13.1349,3.1152,0.0
DHARAN-001,2026-05-14 19:00:00+05:45,12.7376,12.7226,3.0277,0.0
DHARAN-001,2026-05-14 20:00:00+05:45,12.3001,12.294,2.9335,0.0
DHARAN-001,2026-05-14 21:00:00+05:45,12.9817,12.9696,3.0908,0.0
DHARAN-001,2026-05-14 22:00:00+05:45,12.4496,12.4283,2.9594,0.0
DHARAN-001,2026-05-14 23:00:00+05:45,5.8992,5.8766,1.4168,0.0
DHARAN-001,2026-05-15 00:00:00+05:45,5.8493,5.8214,1.3875,0.0
DHARAN-001,2026-05-15 01:00:00+05:45,7.3661,7.3454,1.7468,0.0
DHARAN-001,2026-05-15 02:00:00+05:45,7.5621,7.5508,1.8227,0.0
DHARAN-001,2026-05-15 03:00:00+05:45,6.9346,6.9097,1.6543,0.0
DHARAN-001,2026-05-15 04:00:00+05:45,6.5059,6.4931,1.5478,0.0
DHARAN-001,2026-05-15 05:00:00+05:45,6.2353,6.2181,1.4898,0.0
DHARAN-001,2026-05-15 06:00:00+05:45,10.7326,10.7124,2.5463,0.0
DHARAN-001,2026-05-15 07:00:00+05:45,11.5938,11.5924,2.7712,0.0
DHARAN-001,2026-05-15 08:00:00+05:45,11.1987,11.1736,2.6387,0.0
DHARAN-001,2026-05-15 09:00:00+05:45,10.8224,10.8016,2.5727,0.0
DHARAN-001,2026-05-15 10:00:00+05:45,5.8856,5.872,1.3883,0.0
DHARAN-001,2026-05-15 11:00:00+05:45,6.4757,6.4516,1.5416,0.0
DHARAN-001,2026-05-15 12:00:00+05:45,6.0716,6.054,1.4619,0.0
DHARAN-001,2026-05-15 13:00:00+05:45,5.4785,5.454,1.3073,0.0
DHARAN-001,2026-05-15 14:00:00+05:45,6.8541,6.8341,1.622,0.0
DHARAN-001,2026-05-15 15:00:00+05:45,7.7118,7.6936,1.8417,0.0
DHARAN-001,2026-05-15 16:00:00+05:45,6.338,6.3235,1.4999,0.0
DHARAN-001,2026-05-15 17:00:00+05:45,7.3656,7.3393,1.7588,0.0
DHARAN-001,2026-05-15 18:00:00+05:45,13.0126,12.9933,3.0986,0.0
DHARAN-001,2026-05-15 19:00:00+05:45,12.8609,12.8475,3.0587,0.0
DHARAN-001,2026-05-15 20:00:00+05:45,12.348,12.3464,2.9432,0.0
DHARAN-001,2026-05-15 21:00:00+05:45,13.0899,13.0767,3.1284,0.0
DHARAN-001,2026-05-15 22:00:00+05:45,13.0752,13.0744,3.1051,0.0
DHARAN-001,2026-05-15 23:00:00+05:45,6.4926,6.4772,1.5415,0.0
DHARAN-001,2026-05-16 00:00:00+05:45,7.165,7.1636,1.7138,0.0
DHARAN-001,2026-05-16 01:00:00+05:45,6.9074,6.9065,1.6497,0.0
DHARAN-001,2026-05-16 02:00:00+05:45,6.4898,6.4849,1.5335,0.0
DHARAN-001,2026-05-16 03:00:00+05:45,7.6643,7.6486,1.8328,0.0
DHARAN-001,2026-05-16 04:00:00+05:45,5.9077,5.8938,1.4062,0.0
DHARAN-001,2026-05-16 05:00:00+05:45,5.8828,5.8718,1.3738,0.0
DHARAN-001,2026-05-16 06:00:00+05:45,10.8744,10.8449,2.5799,0.0
DHARAN-001,2026-05-16 07:00:00+05:45,11.6045,11.5878,2.7744,0.0
DHARAN-001,2026-05-16 08:00:00+05:45,10.1727,10.1708,2.4135,0.0
DHARAN-001,2026-05-16 09:00:00+05:45,10.6799,10.6613,2.5429,0.0
DHARAN-001,2026-05-16 10:00:00+05:45,6.4498,6.429,1.5212,0.0
DHARAN-001,2026-05-16 11:00:00+05:45,6.7963,6.7677,1.6299,0.0
DHARAN-001,2026-05-16 12:00:00+05:45,6.1853,6.1541,1.4561,0.0
DHARAN-001,2026-05-16 13:00:00+05:45,6.8202,6.8105,1.614,0.0
DHARAN-001,2026-05-16 14:00:00+05:45,6.4663,6.4439,1.5291,0.0
DHARAN-001,2026-05-16 15:00:00+05:45,5.894,5.8887,1.4061,0.0
DHARAN-001,2026-05-16 16:00:00+05:45,6.6533,6.6293,1.6021,0.0
DHARAN-001,2026-05-16 17:00:00+05:45,7.0976,7.0784,1.6944,0.0
DHARAN-001,2026-05-16 18:00:00+05:45,12.6152,12.6094,3.0013,0.0
DHARAN-001,2026-05-16 19:00:00+05:45,12.9631,12.9627,3.1021,0.0
DHARAN-001,2026-05-16 20:00:00+05:45,12.6451,12.6279,3.0127,0.0
DHARAN-001,2026-05-16 21:00:00+05:45,12.4631,12.4468,2.9494,0.0
DHARAN-001,2026-05-16 22:00:00+05:45,12.8402,12.8172,3.0553,0.0
DHARAN-001,2026-05-16 23:00:00+05:45,6.8285,6.8076,1.6216,0.0
DHARAN-001,2026-05-17 00:00:00+05:45,5.5294,5.515,1.3335,0.0
DHARAN-001,2026-05-17 01:00:00+05:45,6.4441,6.4289,1.5288,0.0
DHARAN-001,2026-05-17 02:00:00+05:45,6.7639,6.749,1.6223,0.0
DHARAN-001,2026-05-17 03:00:00+05:45,5.8601,5.8601,1.3916,0.0
DHARAN-001,2026-05-17 04:00:00+05:45,6.6373,6.6254,1.5943,0.0
DHARAN-001,2026-05-17 05:00:00+05:45,6.9806,6.9788,1.6599,0.0
DHARAN-001,2026-05-17 06:00:00+05:45,10.6859,10.6845,2.5586,0.0
DHARAN-001,2026-05-17 07:00:00+05:45,11.1666,11.148,2.6534,0.0
DHARAN-001,2026-05-17 08:00:00+05:45,11.3881,11.3753,2.7116,0.0
DHARAN-001,2026-05-17 09:00:00+05:45,10.5264,10.522,2.5105,0.0
DHARAN-001,2026-05-17 10:00:00+05:45,6.0981,6.084,1.4511,0.0
DHARAN-001,2026-05-17 11:00:00+05:45,8.0113,7.9973,1.9203,0.0
DHARAN-001,2026-05-17 12:00:00+05:45,5.7874,5.7752,1.3817,0.0
DHARAN-001,2026-05-17 13:00:00+05:45,6.9283,6.9149,1.6539,0.0
DHARAN-001,2026-05-17 14:00:00+05:45,6.2476,6.2378,1.5009,0.0
DHARAN-001,2026-05-17 15:00:00+05:45,6.331,6.3115,1.5067,0.0
DHARAN-001,2026-05-17 16:00:00+05:45,6.3922,6.3909,1.5243,0.0
DHARAN-001,2026-05-17 17:00:00+05:45,6.7647,6.7437,1.6173,0.0
DHARAN-001,2026-05-17 18:00:00+05:45,13.3709,13.3641,3.1853,0.0
DHARAN-001,2026-05-17 19:00:00+05:45,12.7205,12.708,3.0254,0.0
DHARAN-001,2026-05-17 20:00:00+05:45,12.4532,12.4343,2.9597,0.0
DHARAN-001,2026-05-17 21:00:00+05:45,12.4743,12.4556,2.9858,0.0
DHARAN-001,2026-05-17 22:00:00+05:45,12.3368,12.3206,2.9353,0.0
DHARAN-001,2026-05-17 23:00:00+05:45,5.5717,5.5526,1.3258,0.0
DHARAN-001,2026-05-18 00:00:00+05:45,6.8463,6.8455,1.629,0.0
DHARAN-001,2026-05-18 01:00:00+05:45,7.1806,7.1752,1.7057,0.0
DHARAN-001,2026-05-18 02:00:00+05:45,6.1327,6.1123,1.458,0.0
DHARAN-001,2026-05-18 03:00:00+05:45,6.3076,6.3069,1.4939,0.0
DHARAN-001,2026-05-18 04:00:00+05:45,5.9125,5.9047,1.4274,0.0
DHARAN-001,2026-05-18 05:00:00+05:45,7.3629,7.346,1.7335,0.0
DHARAN-001,2026-05-18 06:00:00+05:45,10.7542,10.7354,2.5626,0.0
DHARAN-001,2026-05-18 07:00:00+05:45,10.2742,10.2477,2.4517,0.0
DHARAN-001,2026-05-18 08:00:00+05:45,10.5279,10.5127,2.5138,0.0
DHARAN-001,2026-05-18 09:00:00+05:45,11.2026,11.1869,2.6732,0.0
DHARAN-001,2026-05-18 10:00:00+05:45,6.9054,6.8914,1.6255,0.0
DHARAN-001,2026-05-18 11:00:00+05:45,6.5608,6.5502,1.5475,0.0
DHARAN-001,2026-05-18 12:00:00+05:45,5.863,5.8394,1.3936,0.0
DHARAN-001,2026-05-18 13:00:00+05:45,6.6986,6.6952,1.5958,0.0
DHARAN-001,2026-05-18 14:00:00+05:45,6.5404,6.5353,1.5455,0.0
DHARAN-001,2026-05-18 15:00:00+05:45,6.3816,6.3722,1.5231,0.0
DHARAN-001,2026-05-18 16:00:00+05:45,6.6632,6.6447,1.5823,0.0
DHARAN-001,2026-05-18 17:00:00+05:45,5.9623,5.9452,1.4353,0.0
DHARAN-001,2026-05-18 18:00:00+05:45,12.5335,12.5034,2.9667,0.0
DHARAN-001,2026-05-18 19:00:00+05:45,13.6807,13.6611,3.2663,0.0
DHARAN-001,2026-05-18 20:00:00+05:45,13.1843,13.1721,3.1319,0.0
DHARAN-001,2026-05-18 21:00:00+05:45,13.3597,13.3437,3.1809,0.0
DHARAN-001,2026-05-18 22:00:00+05:45,11.9657,11.9528,2.8428,0.0
DHARAN-001,2026-05-18 23:00:00+05:45,6.7642,6.7477,1.6083,0.0
DHARAN-001,2026-05-19 00:00:00+05:45,6.5289,6.5155,1.547,0.0
DHARAN-001,2026-05-19 01:00:00+05:45,5.8098,5.8013,1.3779,0.0
DHARAN-001,2026-05-19 02:00:00+05:45,5.8122,5.7949,1.3936,0.0
DHARAN-001,2026-05-19 03:00:00+05:45,6.3865,6.3746,1.5409,0.0
DHARAN-001,2026-05-19 04:00:00+05:45,7.0917,7.0781,1.6928,0.0
DHARAN-001,2026-05-19 05:00:00+05:45,7.078,7.0548,1.6777,0.0
DHARAN-001,2026-05-19 06:00:00+05:45,9.7568,9.7367,2.3065,0.0
DHARAN-001,2026-05-19 07:00:00+05:45,12.2941,12.2932,2.9346,0.0
DHARAN-001,2026-05-19 08:00:00+05:45,11.0775,11.0572,2.6401,0.0
DHARAN-001,2026-05-19 09:00:00+05:45,11.6231,11.61,2.7682,0.0
DHARAN-001,2026-05-19 10:00:00+05:45,6.7737,6.7614,1.6152,0.0
DHARAN-001,2026-05-19 11:00:00+05:45,7.0936,7.0699,1.677,0.0
DHARAN-001,2026-05-19 12:00:00+05:45,6.3501,6.3363,1.5323,0.0
DHARAN-001,2026-05-19 13:00:00+05:45,6.1333,6.1237,1.4615,0.0
DHARAN-001,2026-05-19 14:00:00+05:45,6.4685,6.4637,1.55,0.0
DHARAN-001,2026-05-19 15:00:00+05:45,7.098,7.0829,1.6992,0.0
DHARAN-001,2026-05-19 16:00:00+05:45,7.0381,7.0168,1.667,0.0
DHARAN-001,2026-05-19 17:00:00+05:45,6.7021,6.6761,1.5888,0.0
DHARAN-001,2026-05-19 18:00:00+05:45,12.8557,12.8449,3.0784,0.0
DHARAN-001,2026-05-19 19:00:00+05:45,13.0409,13.0129,3.1109,0.0
DHARAN-001,2026-05-19 20:00:00+05:45,12.6865,12.6625,3.0198,0.0
DHARAN-001,2026-05-19 21:00:00+05:45,12.6299,12.6077,3.0054,0.0
DHARAN-001,2026-05-19 22:00:00+05:45,11.9615,11.9399,2.8507,0.0
DHARAN-001,2026-05-19 23:00:00+05:45,6.6123,6.6099,1.5604,0.0
DHARAN-001,2026-05-20 00:00:00+05:45,5.6995,5.6776,1.3497,0.0
DHARAN-001,2026-05-20 01:00:00+05:45,6.4391,6.4182,1.5293,0.0
DHARAN-001,2026-05-20 02:00:00+05:45,6.082,6.0655,1.4548,0.0
DHARAN-001,2026-05-20 03:00:00+05:45,6.9295,6.9161,1.661,0.0
DHARAN-001,2026-05-20 04:00:00+05:45,6.4141,6.3992,1.5232,0.0
DHARAN-001,2026-05-20 05:00:00+05:45,6.2953,6.2846,1.487,0.0
DHARAN-001,2026-05-20 06:00:00+05:45,10.874,10.8647,2.6042,0.0
DHARAN-001,2026-05-20 07:00:00+05:45,11.3578,11.338,2.7012,0.0
DHARAN-001,2026-05-20 08:00:00+05:45,11.4461,11.437,2.7054,0.0
DHARAN-001,2026-05-20 09:00:00+05:45,10.2266,10.2173,2.4449,0.0
DHARAN-001,2026-05-20 10:00:00+05:45,6.0332,6.0082,1.4356,0.0
DHARAN-001,2026-05-20 11:00:00+05:45,7.3167,7.2845,1.7373,0.0
DHARAN-001,2026-05-20 12:00:00+05:45,6.2756,6.2522,1.5097,0.0
DHARAN-001,2026-05-20 13:00:00+05:45,5.5636,5.5445,1.3319,0.0
DHARAN-001,2026-05-20 14:00:00+05:45,6.4613,6.4557,1.5402,0.0
DHARAN-001,2026-05-20 15:00:00+05:45,6.5552,6.54,1.5512,0.0
DHARAN-001,2026-05-20 16:00:00+05:45,6.0522,6.0436,1.4529,0.0
DHARAN-001,2026-05-20 17:00:00+05:45,6.732,6.7234,1.5996,0.0
DHARAN-001,2026-05-20 18:00:00+05:45,11.6176,11.6097,2.7621,0.0
DHARAN-001,2026-05-20 19:00:00+05:45,13.032,13.0249,3.1101,0.0
DHARAN-001,2026-05-20 20:00:00+05:45,12.8865,12.8655,3.0458,0.0
DHARAN-001,2026-05-20 21:00:00+05:45,12.798,12.797,3.0437,0.0
DHARAN-001,2026-05-20 22:00:00+05:45,12.0489,12.02,2.8927,0.0
DHARAN-001,2026-05-20 23:00:00+05:45,7.306,7.2899,1.7358,0.0
DHARAN-001,2026-05-21 00:00:00+05:45,5.7297,5.7004,1.3663,0.0
DHARAN-001,2026-05-21 01:00:00+05:45,6.5641,6.5632,1.5683,0.0
DHARAN-001,2026-05-21 02:00:00+05:45,7.2134,7.2124,1.7181,0.0
DHARAN-001,2026-05-21 03:00:00+05:45,6.0036,5.9896,1.4416,0.0
DHARAN-001,2026-05-21 04:00:00+05:45,6.6049,6.5837,1.5774,0.0
DHARAN-001,2026-05-21 05:00:00+05:45,6.6027,6.5906,1.562,0.0
DHARAN-001,2026-05-21 06:00:00+05:45,12.5971,12.5893,3.0047,0.0
DHARAN-001,2026-05-21 07:00:00+05:45,10.5592,10.5579,2.5161,0.0
DHARAN-001,2026-05-21 08:00:00+05:45,11.1571,11.1408,2.6746,0.0
DHARAN-001,2026-05-21 09:00:00+05:45,10.3886,10.3687,2.4771,0.0
DHARAN-001,2026-05-21 10:00:00+05:45,7.6386,7.6248,1.829,0.0
DHARAN-001,2026-05-21 11:00:00+05:45,6.1209,6.1117,1.4656,0.0
DHARAN-001,2026-05-21 12:00:00+05:45,6.9163,6.8833,1.6514,0.0
DHARAN-001,2026-05-21 13:00:00+05:45,6.6898,6.6777,1.6024,0.0
DHARAN-001,2026-05-21 14:00:00+05:45,6.1484,6.1465,1.4563,0.0
DHARAN-001,2026-05-21 15:00:00+05:45,5.821,5.8005,1.3916,0.0
DHARAN-001,2026-05-21 16:00:00+05:45,7.1972,7.1779,1.7005,0.0
DHARAN-001,2026-05-21 17:00:00+05:45,6.5105,6.5047,1.5426,0.0
DHARAN-001,2026-05-21 18:00:00+05:45,11.8027,11.7958,2.806,0.0
DHARAN-001,2026-05-21 19:00:00+05:45,12.6868,12.6699,3.0195,0.0
DHARAN-001,2026-05-21 20:00:00+05:45,13.2209,13.2043,3.1399,0.0
DHARAN-001,2026-05-21 21:00:00+05:45,12.4965,12.4863,2.9743,0.0
DHARAN-001,2026-05-21 22:00:00+05:45,12.7207,12.7042,3.0038,0.0
DHARAN-001,2026-05-21 23:00:00+05:45,6.7192,6.696,1.6065,0.0
DHARAN-001,2026-05-22 00:00:00+05:45,6.9344,6.9177,1.6437,0.0
DHARAN-001,2026-05-22 01:00:00+05:45,7.0926,7.0753,1.6766,0.0
DHARAN-001,2026-05-22 02:00:00+05:45,6.4985,6.4908,1.5387,0.0
DHARAN-001,2026-05-22 03:00:00+05:45,6.1565,6.1554,1.4663,0.0
DHARAN-001,2026-05-22 04:00:00+05:45,6.8991,6.8879,1.6518,0.0
DHARAN-001,2026-05-22 05:00:00+05:45,6.4146,6.4023,1.5269,0.0
DHARAN-001,2026-05-22 06:00:00+05:45,11.0485,11.0371,2.6312,0.0
DHARAN-001,2026-05-22 07:00:00+05:45,10.7384,10.7366,2.5465,0.0
DHARAN-001,2026-05-22 08:00:00+05:45,10.9624,10.9441,2.6146,0.0
DHARAN-001,2026-05-22 09:00:00+05:45,10.3319,10.3177,2.4647,0.0
DHARAN-001,2026-05-22 10:00:00+05:45,7.0731,7.0676,1.6809,0.0
DHARAN-001,2026-05-22 11:00:00+05:45,6.3103,6.3049,1.494,0.0
DHARAN-001,2026-05-22 12:00:00+05:45,6.4805,6.4686,1.5431,0.0
DHARAN-001,2026-05-22 13:00:00+05:45,7.8626,7.8441,1.876,0.0
DHARAN-001,2026-05-22 14:00:00+05:45,6.1554,6.1334,1.4605,0.0
DHARAN-001,2026-05-22 15:00:00+05:45,6.222,6.2141,1.4819,0.0
DHARAN-001,2026-05-22 16:00:00+05:45,5.9852,5.9746,1.4152,0.0
DHARAN-001,2026-05-22 17:00:00+05:45,5.3747,5.3661,1.2629,0.0
DHARAN-001,2026-05-22 18:00:00+05:45,12.6564,12.6426,2.9978,0.0
DHARAN-001,2026-05-22 19:00:00+05:45,12.5835,12.5816,3.0078,0.0
DHARAN-001,2026-05-22 20:00:00+05:45,12.6456,12.6282,3.0074,0.0
DHARAN-001,2026-05-22 21:00:00+05:45,12.4732,12.4729,2.9696,0.0
DHARAN-001,2026-05-22 22:00:00+05:45,12.9534,12.9226,3.0826,0.0
DHARAN-001,2026-05-22 23:00:00+05:45,6.4866,6.472,1.5534,0.0
DHARAN-001,2026-05-23 00:00:00+05:45,6.3727,6.3575,1.5132,0.0
DHARAN-001,2026-05-23 01:00:00+05:45,5.8201,5.803,1.4013,0.0
DHARAN-001,2026-05-23 02:00:00+05:45,7.2208,7.1993,1.7185,0.0
DHARAN-001,2026-05-23 03:00:00+05:45,7.0416,7.0331,1.674,0.0
DHARAN-001,2026-05-23 04:00:00+05:45,6.6672,6.648,1.5759,0.0
DHARAN-001,2026-05-23 05:00:00+05:45,6.8791,6.8657,1.6423,0.0
DHARAN-001,2026-05-23 06:00:00+05:45,11.023,10.9986,2.625,0.0
DHARAN-001,2026-05-23 07:00:00+05:45,9.9031,9.8887,2.3576,0.0
DHARAN-001,2026-05-23 08:00:00+05:45,10.4205,10.4113,2.4747,0.0
DHARAN-001,2026-05-23 09:00:00+05:45,10.9789,10.9558,2.5964,0.0
DHARAN-001,2026-05-23 10:00:00+05:45,6.8253,6.8116,1.6214,0.0
DHARAN-001,2026-05-23 11:00:00+05:45,7.5603,7.5513,1.7924,0.0
DHARAN-001,2026-05-23 12:00:00+05:45,5.8375,5.823,1.3845,0.0
DHARAN-001,2026-05-23 13:00:00+05:45,5.8175,5.8046,1.381,0.0
DHARAN-001,2026-05-23 14:00:00+05:45,6.8056,6.7955,1.6162,0.0
DHARAN-001,2026-05-23 15:00:00+05:45,6.8195,6.808,1.6284,0.0
DHARAN-001,2026-05-23 16:00:00+05:45,6.2975,6.2847,1.4886,0.0
DHARAN-001,2026-05-23 17:00:00+05:45,7.2836,7.2745,1.7172,0.0
DHARAN-001,2026-05-23 18:00:00+05:45,11.2846,11.2723,2.6769,0.0
DHARAN-001,2026-05-23 19:00:00+05:45,12.2549,12.2432,2.9234,0.0
DHARAN-001,2026-05-23 20:00:00+05:45,13.3752,13.3499,3.183,0.0
DHARAN-001,2026-05-23 21:00:00+05:45,12.9517,12.9398,3.0867,0.0
DHARAN-001,2026-05-23 22:00:00+05:45,13.0308,13.0079,3.0948,0.0
DHARAN-001,2026-05-23 23:00:00+05:45,6.3957,6.376,1.5211,0.0
DHARAN-001,2026-05-24 00:00:00+05:45,6.2816,6.273,1.5064,0.0
DHARAN-001,2026-05-24 01:00:00+05:45,6.4255,6.4004,1.5236,0.0
DHARAN-001,2026-05-24 02:00:00+05:45,5.8132,5.801,1.3898,0.0
DHARAN-001,2026-05-24 03:00:00+05:45,6.8999,6.8884,1.6479,0.0
DHARAN-001,2026-05-24 04:00:00+05:45,5.8282,5.8145,1.3831,0.0
DHARAN-001,2026-05-24 05:00:00+05:45,6.1805,6.1565,1.474,0.0
DHARAN-001,2026-05-24 06:00:00+05:45,10.5447,10.5197,2.5187,0.0
DHARAN-001,2026-05-24 07:00:00+05:45,11.1498,11.1316,2.6483,0.0
DHARAN-001,2026-05-24 08:00:00+05:45,11.0531,11.0315,2.635,0.0
DHARAN-001,2026-05-24 09:00:00+05:45,11.714,11.7085,2.7787,0.0
DHARAN-001,2026-05-24 10:00:00+05:45,7.1639,7.1549,1.7091,0.0
DHARAN-001,2026-05-24 11:00:00+05:45,6.4684,6.4491,1.5322,0.0
DHARAN-001,2026-05-24 12:00:00+05:45,6.4253,6.4092,1.5219,0.0
DHARAN-001,2026-05-24 13:00:00+05:45,6.2034,6.1851,1.4837,0.0
DHARAN-001,2026-05-24 14:00:00+05:45,6.4239,6.4021,1.5426,0.0
DHARAN-001,2026-05-24 15:00:00+05:45,6.3421,6.3384,1.4949,0.0
DHARAN-001,2026-05-24 16:00:00+05:45,6.4014,6.3942,1.5308,0.0
DHARAN-001,2026-05-24 17:00:00+05:45,6.346,6.3298,1.4941,0.0
DHARAN-001,2026-05-24 18:00:00+05:45,12.2428,12.2416,2.9324,0.0
DHARAN-001,2026-05-24 19:00:00+05:45,12.4193,12.406,2.963,0.0
DHARAN-001,2026-05-24 20:00:00+05:45,11.5661,11.5429,2.7547,0.0
DHARAN-001,2026-05-24 21:00:00+05:45,13.4571,13.4485,3.2221,0.0
DHARAN-001,2026-05-24 22:00:00+05:45,12.2903,12.285,2.9249,0.0
DHARAN-001,2026-05-24 23:00:00+05:45,7.3701,7.3561,1.7544,0.0
DHARAN-001,2026-05-25 00:00:00+05:45,7.3226,7.3044,1.7436,0.0
DHARAN-001,2026-05-25 01:00:00+05:45,6.0873,6.0772,1.4624,0.0
DHARAN-001,2026-05-25 02:00:00+05:45,7.6481,7.6309,1.8149,0.0
DHARAN-001,2026-05-25 03:00:00+05:45,6.0649,6.0607,1.4353,0.0
DHARAN-001,2026-05-25 04:00:00+05:45,5.7083,5.6777,1.3645,0.0
DHARAN-001,2026-05-25 05:00:00+05:45,7.459,7.4494,1.7802,0.0
DHARAN-001,2026-05-25 06:00:00+05:45,10.2612,10.2449,2.4424,0.0
DHARAN-001,2026-05-25 07:00:00+05:45,11.5192,11.5058,2.734,0.0
DHARAN-001,2026-05-25 08:00:00+05:45,11.3371,11.3178,2.706,0.0
DHARAN-001,2026-05-25 09:00:00+05:45,10.8476,10.8296,2.5784,0.0
DHARAN-001,2026-05-25 10:00:00+05:45,6.587,6.5845,1.5608,0.0
DHARAN-001,2026-05-25 11:00:00+05:45,5.973,5.9695,1.4247,0.0
DHARAN-001,2026-05-25 12:00:00+05:45,6.3005,6.275,1.5037,0.0
DHARAN-001,2026-05-25 13:00:00+05:45,6.6335,6.6161,1.5696,0.0
DHARAN-001,2026-05-25 14:00:00+05:45,6.2559,6.235,1.4882,0.0
DHARAN-001,2026-05-25 15:00:00+05:45,7.1167,7.1149,1.6957,0.0
DHARAN-001,2026-05-25 16:00:00+05:45,5.6417,5.638,1.3464,0.0
DHARAN-001,2026-05-25 17:00:00+05:45,7.4491,7.4392,1.7679,0.0
DHARAN-001,2026-05-25 18:00:00+05:45,12.1968,12.1907,2.8942,0.0
DHARAN-001,2026-05-25 19:00:00+05:45,12.1712,12.1552,2.9052,0.0
DHARAN-001,2026-05-25 20:00:00+05:45,13.0756,13.0522,3.1019,0.0
DHARAN-001,2026-05-25 21:00:00+05:45,12.7562,12.7466,3.0275,0.0
DHARAN-001,2026-05-25 22:00:00+05:45,11.7704,11.7619,2.8089,0.0
DHARAN-001,2026-05-25 23:00:00+05:45,6.1636,6.1523,1.4767,0.0
DHARAN-001,2026-05-26 00:00:00+05:45,6.9016,6.9004,1.6269,0.0
DHARAN-001,2026-05-26 01:00:00+05:45,5.8398,5.8187,1.398,0.0
DHARAN-001,2026-05-26 02:00:00+05:45,6.3882,6.3675,1.5279,0.0
DHARAN-001,2026-05-26 03:00:00+05:45,7.0018,6.9933,1.6673,0.0
DHARAN-001,2026-05-26 04:00:00+05:45,6.6474,6.6343,1.5849,0.0
DHARAN-001,2026-05-26 05:00:00+05:45,6.2992,6.2823,1.491,0.0
DHARAN-001,2026-05-26 06:00:00+05:45,11.6603,11.6416,2.7635,0.0
DHARAN-001,2026-05-26 07:00:00+05:45,10.8712,10.8525,2.5785,0.0
DHARAN-001,2026-05-26 08:00:00+05:45,12.4094,12.3888,2.9517,0.0
DHARAN-001,2026-05-26 09:00:00+05:45,11.2273,11.2143,2.6741,0.0
DHARAN-001,2026-05-26 10:00:00+05:45,6.6896,6.6654,1.5878,0.0
DHARAN-001,2026-05-26 11:00:00+05:45,6.6576,6.6453,1.5896,0.0
DHARAN-001,2026-05-26 12:00:00+05:45,5.9202,5.9095,1.3937,0.0
DHARAN-001,2026-05-26 13:00:00+05:45,7.0192,7.0017,1.6686,0.0
DHARAN-001,2026-05-26 14:00:00+05:45,6.4298,6.4225,1.5384,0.0
DHARAN-001,2026-05-26 15:00:00+05:45,7.3962,7.3722,1.7599,0.0
DHARAN-001,2026-05-26 16:00:00+05:45,7.2021,7.1837,1.7187,0.0
DHARAN-001,2026-05-26 17:00:00+05:45,6.4969,6.4834,1.5579,0.0
DHARAN-001,2026-05-26 18:00:00+05:45,12.9911,12.9787,3.0979,0.0
DHARAN-001,2026-05-26 19:00:00+05:45,12.7121,12.7117,3.0066,0.0
DHARAN-001,2026-05-26 20:00:00+05:45,12.9577,12.9478,3.0876,0.0
DHARAN-001,2026-05-26 21:00:00+05:45,12.6016,12.5808,2.994,0.0
DHARAN-001,2026-05-26 22:00:00+05:45,12.8524,12.8273,3.0497,0.0
DHARAN-001,2026-05-26 23:00:00+05:45,6.9101,6.8912,1.6505,0.0
DHARAN-001,2026-05-27 00:00:00+05:45,6.7395,6.737,1.6124,0.0
DHARAN-001,2026-05-27 01:00:00+05:45,5.5038,5.4864,1.3098,0.0
DHARAN-001,2026-05-27 02:00:00+05:45,5.9667,5.9505,1.4107,0.0
DHARAN-001,2026-05-27 03:00:00+05:45,7.2154,7.209,1.7144,0.0
DHARAN-001,2026-05-27 04:00:00+05:45,6.7783,6.7677,1.6075,0.0
DHARAN-001,2026-05-27 05:00:00+05:45,5.7977,5.7907,1.3794,0.0
DHARAN-001,2026-05-27 06:00:00+05:45,11.6335,11.6047,2.7738,0.0
DHARAN-001,2026-05-27 07:00:00+05:45,10.0197,9.9932,2.3844,0.0
DHARAN-001,2026-05-27 08:00:00+05:45,10.6298,10.618,2.5324,0.0
DHARAN-001,2026-05-27 09:00:00+05:45,10.75,10.7454,2.5572,0.0
DHARAN-001,2026-05-27 10:00:00+05:45,6.4852,6.4719,1.5392,0.0
DHARAN-001,2026-05-27 11:00:00+05:45,6.0576,6.0368,1.4325,0.0
DHARAN-001,2026-05-27 12:00:00+05:45,5.944,5.9366,1.4276,0.0
DHARAN-001,2026-05-27 13:00:00+05:45,6.8063,6.785,1.6179,0.0
DHARAN-001,2026-05-27 14:00:00+05:45,6.3191,6.2968,1.5134,0.0
DHARAN-001,2026-05-27 15:00:00+05:45,6.249,6.2464,1.4861,0.0
DHARAN-001,2026-05-27 16:00:00+05:45,6.2737,6.2644,1.4841,0.0
DHARAN-001,2026-05-27 17:00:00+05:45,6.8378,6.8272,1.6502,0.0
DHARAN-001,2026-05-27 18:00:00+05:45,12.6983,12.6927,3.0068,0.0
DHARAN-001,2026-05-27 19:00:00+05:45,13.0954,13.0862,3.1079,0.0
DHARAN-001,2026-05-27 20:00:00+05:45,12.5324,12.5292,2.9826,0.0
DHARAN-001,2026-05-27 21:00:00+05:45,12.5366,12.5175,2.9728,0.0
DHARAN-001,2026-05-27 22:00:00+05:45,12.6405,12.6208,3.0086,0.0
DHARAN-001,2026-05-27 23:00:00+05:45,6.8875,6.8603,1.6452,0.0
DHARAN-001,2026-05-28 00:00:00+05:45,7.211,7.2028,1.7105,0.0
DHARAN-001,2026-05-28 01:00:00+05:45,5.9932,5.9778,1.4301,0.0
DHARAN-001,2026-05-28 02:00:00+05:45,5.649,5.6237,1.3403,0.0
DHARAN-001,2026-05-28 03:00:00+05:45,6.784,6.7754,1.6217,0.0
DHARAN-001,2026-05-28 04:00:00+05:45,6.6655,6.6469,1.5885,0.0
DHARAN-001,2026-05-28 05:00:00+05:45,6.8674,6.8615,1.6247,0.0
DHARAN-001,2026-05-28 06:00:00+05:45,11.182,11.1678,2.6658,0.0
DHARAN-001,2026-05-28 07:00:00+05:45,11.5594,11.5332,2.743,0.0
DHARAN-001,2026-05-28 08:00:00+05:45,11.2949,11.282,2.6903,0.0
DHARAN-001,2026-05-28 09:00:00+05:45,10.2641,10.2517,2.4311,0.0
DHARAN-001,2026-05-28 10:00:00+05:45,6.8026,6.7976,1.6132,0.0
DHARAN-001,2026-05-28 11:00:00+05:45,6.117,6.0997,1.4417,0.0
DHARAN-001,2026-05-28 12:00:00+05:45,6.2228,6.1991,1.4828,0.0
DHARAN-001,2026-05-28 13:00:00+05:45,6.9328,6.9047,1.6646,0.0
DHARAN-001,2026-05-28 14:00:00+05:45,7.0013,6.9959,1.6684,0.0
DHARAN-001,2026-05-28 15:00:00+05:45,7.0708,7.0674,1.679,0.0
DHARAN-001,2026-05-28 16:00:00+05:45,6.5286,6.5134,1.5247,0.0
DHARAN-001,2026-05-28 17:00:00+05:45,6.1062,6.077,1.4635,0.0
DHARAN-001,2026-05-28 18:00:00+05:45,13.1985,13.1816,3.1291,0.0
DHARAN-001,2026-05-28 19:00:00+05:45,13.3131,13.2968,3.1779,0.0
DHARAN-001,2026-05-28 20:00:00+05:45,12.9149,12.8974,3.0618,0.0
DHARAN-001,2026-05-28 21:00:00+05:45,12.4023,12.4007,2.9523,0.0
DHARAN-001,2026-05-28 22:00:00+05:45,11.5785,11.5665,2.7489,0.0
DHARAN-001,2026-05-28 23:00:00+05:45,6.422,6.3958,1.5211,0.0
DHARAN-001,2026-05-29 00:00:00+05:45,6.867,6.848,1.6166,0.0
DHARAN-001,2026-05-29 01:00:00+05:45,6.6824,6.6777,1.5888,0.0
DHARAN-001,2026-05-29 02:00:00+05:45,6.9045,6.8942,1.6672,0.0
DHARAN-001,2026-05-29 03:00:00+05:45,6.5005,6.4891,1.5553,0.0
DHARAN-001,2026-05-29 04:00:00+05:45,7.4917,7.4822,1.7732,0.0
DHARAN-001,2026-05-29 05:00:00+05:45,6.2328,6.2121,1.4962,0.0
DHARAN-001,2026-05-29 06:00:00+05:45,10.8803,10.8645,2.6093,0.0
DHARAN-001,2026-05-29 07:00:00+05:45,11.3446,11.3302,2.6919,0.0
DHARAN-001,2026-05-29 08:00:00+05:45,10.9765,10.9614,2.5945,0.0
DHARAN-001,2026-05-29 09:00:00+05:45,11.4259,11.4054,2.7256,0.0
DHARAN-001,2026-05-29 10:00:00+05:45,5.7684,5.763,1.3778,0.0
DHARAN-001,2026-05-29 11:00:00+05:45,6.2656,6.2555,1.4799,0.0
DHARAN-001,2026-05-29 12:00:00+05:45,6.9432,6.9284,1.6387,0.0
DHARAN-001,2026-05-29 13:00:00+05:45,7.0426,7.0267,1.6718,0.0
DHARAN-001,2026-05-29 14:00:00+05:45,6.9723,6.9624,1.6425,0.0
DHARAN-001,2026-05-29 15:00:00+05:45,5.9963,5.9734,1.4374,0.0
DHARAN-001,2026-05-29 16:00:00+05:45,7.0682,7.0661,1.688,0.0
DHARAN-001,2026-05-29 17:00:00+05:45,6.2023,6.1879,1.4715,0.0
DHARAN-001,2026-05-29 18:00:00+05:45,12.7849,12.7618,3.049,0.0
DHARAN-001,2026-05-29 19:00:00+05:45,12.9114,12.8951,3.0686,0.0
DHARAN-001,2026-05-29 20:00:00+05:45,12.9976,12.99,3.0903,0.0
DHARAN-001,2026-05-29 21:00:00+05:45,12.9347,12.9104,3.0721,0.0
DHARAN-001,2026-05-29 22:00:00+05:45,12.8861,12.8776,3.0773,0.0
DHARAN-001,2026-05-29 23:00:00+05:45,6.3088,6.2947,1.5003,0.0
DHARAN-001,2026-05-30 00:00:00+05:45,5.909,5.9072,1.4177,0.0
DHARAN-001,2026-05-30 01:00:00+05:45,4.943,4.9095,1.1782,0.0
DHARAN-001,2026-05-30 02:00:00+05:45,7.3869,7.3707,1.7681,0.0
DHARAN-001,2026-05-30 03:00:00+05:45,5.7299,5.7244,1.3768,0.0
DHARAN-001,2026-05-30 04:00:00+05:45,6.3996,6.3825,1.5254,0.0
DHARAN-001,2026-05-30 05:00:00+05:45,6.8413,6.826,1.6321,0.0
DHARAN-001,2026-05-30 06:00:00+05:45,10.4798,10.4768,2.508,0.0
DHARAN-001,2026-05-30 07:00:00+05:45,11.3986,11.3985,2.7172,0.0
DHARAN-001,2026-05-30 08:00:00+05:45,11.0031,10.9748,2.6317,0.0
DHARAN-001,2026-05-30 09:00:00+05:45,10.8204,10.7967,2.5698,0.0
DHARAN-001,2026-05-30 10:00:00+05:45,6.0423,6.0228,1.4379,0.0
DHARAN-001,2026-05-30 11:00:00+05:45,6.5932,6.5888,1.5664,0.0
DHARAN-001,2026-05-30 12:00:00+05:45,6.7803,6.7625,1.619,0.0
DHARAN-001,2026-05-30 13:00:00+05:45,7.0109,6.9931,1.6629,0.0
DHARAN-001,2026-05-30 14:00:00+05:45,6.8717,6.8447,1.6296,0.0
DHARAN-001,2026-05-30 15:00:00+05:45,6.5099,6.4874,1.5484,0.0
DHARAN-001,2026-05-30 16:00:00+05:45,6.2199,6.201,1.4937,0.0
DHARAN-001,2026-05-30 17:00:00+05:45,6.3684,6.3494,1.5278,0.0
DHARAN-001,2026-05-30 18:00:00+05:45,13.3711,13.3479,3.1991,0.0
DHARAN-001,2026-05-30 19:00:00+05:45,11.4203,11.3906,2.7229,0.0
DHARAN-001,2026-05-30 20:00:00+05:45,12.5531,12.532,2.988,0.0
DHARAN-001,2026-05-30 21:00:00+05:45,11.8528,11.8372,2.8214,0.0
DHARAN-001,2026-05-30 22:00:00+05:45,13.6042,13.5922,3.2509,0.0
DHARAN-001,2026-05-30 23:00:00+05:45,6.0112,5.9872,1.4411,0.0
DHARAN-001,2026-05-31 00:00:00+05:45,6.5117,6.5009,1.5557,0.0
DHARAN-001,2026-05-31 01:00:00+05:45,6.2177,6.2128,1.4849,0.0
DHARAN-001,2026-05-31 02:00:00+05:45,6.3757,6.3668,1.5215,0.0
DHARAN-001,2026-05-31 03:00:00+05:45,6.6082,6.5977,1.5711,0.0
DHARAN-001,2026-05-31 04:00:00+05:45,6.5342,6.5022,1.5352,0.0
DHARAN-001,2026-05-31 05:00:00+05:45,5.9527,5.9461,1.426,0.0
DHARAN-001,2026-05-31 06:00:00+05:45,11.6017,11.5847,2.7661,0.0
DHARAN-001,2026-05-31 07:00:00+05:45,12.0909,12.0703,2.8789,0.0
DHARAN-001,2026-05-31 08:00:00+05:45,11.3236,11.3001,2.7017,0.0
DHARAN-001,2026-05-31 09:00:00+05:45,10.7102,10.6999,2.5373,0.0
DHARAN-001,2026-05-31 10:00:00+05:45,6.2361,6.2285,1.4951,0.0
DHARAN-001,2026-05-31 11:00:00+05:45,6.2082,6.195,1.5013,0.0
DHARAN-001,2026-05-31 12:00:00+05:45,6.2961,6.2777,1.4915,0.0
DHARAN-001,2026-05-31 13:00:00+05:45,6.1455,6.1324,1.4676,0.0
DHARAN-001,2026-05-31 14:00:00+05:45,7.2365,7.2273,1.7308,0.0
DHARAN-001,2026-05-31 15:00:00+05:45,5.8924,5.875,1.4171,0.0
DHARAN-001,2026-05-31 16:00:00+05:45,6.6741,6.6507,1.5768,0.0
DHARAN-001,2026-05-31 17:00:00+05:45,7.7257,7.7128,1.8402,0.0
DHARAN-001,2026-05-31 18:00:00+05:45,12.0875,12.0716,2.8713,0.0
DHARAN-001,2026-05-31 19:00:00+05:45,12.9976,12.9798,3.1055,0.0
DHARAN-001,2026-05-31 20:00:00+05:45,12.824,12.8144,3.052,0.0
DHARAN-001,2026-05-31 21:00:00+05:45,13.3964,13.3903,3.1701,0.0
DHARAN-001,2026-05-31 22:00:00+05:45,12.963,12.9426,3.1138,0.0
DHARAN-001,2026-05-31 23:00:00+05:45,5.5569,5.5524,1.3281,0.0
DHARAN-001,2026-06-01 00:00:00+05:45,6.4454,6.4452,1.5266,0.0
DHARAN-001,2026-06-01 01:00:00+05:45,6.3188,6.2911,1.5094,0.0
DHARAN-001,2026-06-01 02:00:00+05:45,6.691,6.6798,1.6043,0.0
DHARAN-001,2026-06-01 03:00:00+05:45,7.3334,7.3257,1.7392,0.0
DHARAN-001,2026-06-01 04:00:00+05:45,6.3765,6.3658,1.5205,0.0
DHARAN-001,2026-06-01 05:00:00+05:45,5.6314,5.6053,1.3473,0.0
DHARAN-001,2026-06-01 06:00:00+05:45,10.8886,10.8725,2.5935,0.0
DHARAN-001,2026-06-01 07:00:00+05:45,12.2031,12.1794,2.9054,0.0
DHARAN-001,2026-06-01 08:00:00+05:45,10.773,10.7579,2.5675,0.0
DHARAN-001,2026-06-01 09:00:00+05:45,10.6865,10.6644,2.5464,0.0
DHARAN-001,2026-06-01 10:00:00+05:45,6.1171,6.0964,1.4565,0.0
DHARAN-001,2026-06-01 11:00:00+05:45,6.1488,6.1332,1.4536,0.0
DHARAN-001,2026-06-01 12:00:00+05:45,6.357,6.3449,1.5327,0.0
DHARAN-001,2026-06-01 13:00:00+05:45,6.7776,6.7581,1.5971,0.0
DHARAN-001,2026-06-01 14:00:00+05:45,7.0397,7.0258,1.6876,0.0
DHARAN-001,2026-06-01 15:00:00+05:45,7.1002,7.0775,1.699,0.0
DHARAN-001,2026-06-01 16:00:00+05:45,6.9011,6.8887,1.6405,0.0
DHARAN-001,2026-06-01 17:00:00+05:45,6.0944,6.0744,1.4341,0.0
DHARAN-001,2026-06-01 18:00:00+05:45,12.8701,12.8548,3.0682,0.0
DHARAN-001,2026-06-01 19:00:00+05:45,12.814,12.7931,3.0471,0.0
DHARAN-001,2026-06-01 20:00:00+05:45,12.2619,12.2463,2.9335,0.0
DHARAN-001,2026-06-01 21:00:00+05:45,11.8214,11.8105,2.8177,0.0
DHARAN-001,2026-06-01 22:00:00+05:45,13.0421,13.0416,3.0864,0.0
DHARAN-001,2026-06-01 23:00:00+05:45,7.6574,7.6396,1.8254,0.0
DHARAN-001,2026-06-02 00:00:00+05:45,5.8473,5.832,1.3827,0.0
DHARAN-001,2026-06-02 01:00:00+05:45,6.412,6.3964,1.5451,0.0
DHARAN-001,2026-06-02 02:00:00+05:45,6.9373,6.913,1.654,0.0
DHARAN-001,2026-06-02 03:00:00+05:45,7.0658,7.0381,1.6884,0.0
DHARAN-001,2026-06-02 04:00:00+05:45,6.5453,6.5295,1.5579,0.0
DHARAN-001,2026-06-02 05:00:00+05:45,6.4502,6.4367,1.5608,0.0
DHARAN-001,2026-06-02 06:00:00+05:45,10.4625,10.4348,2.4756,0.0
DHARAN-001,2026-06-02 07:00:00+05:45,11.5047,11.4978,2.7415,0.0
DHARAN-001,2026-06-02 08:00:00+05:45,10.8311,10.8217,2.5603,0.0
DHARAN-001,2026-06-02 09:00:00+05:45,9.9388,9.9118,2.3566,0.0
DHARAN-001,2026-06-02 10:00:00+05:45,7.3983,7.3737,1.7516,0.0
DHARAN-001,2026-06-02 11:00:00+05:45,6.4641,6.4489,1.5589,0.0
DHARAN-001,2026-06-02 12:00:00+05:45,6.8284,6.8148,1.6271,0.0
DHARAN-001,2026-06-02 13:00:00+05:45,5.9945,5.9648,1.4368,0.0
DHARAN-001,2026-06-02 14:00:00+05:45,7.4651,7.4478,1.7774,0.0
DHARAN-001,2026-06-02 15:00:00+05:45,6.0519,6.0228,1.4348,0.0
DHARAN-001,2026-06-02 16:00:00+05:45,5.7683,5.749,1.369,0.0
DHARAN-001,2026-06-02 17:00:00+05:45,6.8521,6.8208,1.6158,0.0
DHARAN-001,2026-06-02 18:00:00+05:45,12.6242,12.6086,2.9994,0.0
DHARAN-001,2026-06-02 19:00:00+05:45,12.4072,12.3868,2.9515,0.0
DHARAN-001,2026-06-02 20:00:00+05:45,12.7891,12.7778,3.0534,0.0
DHARAN-001,2026-06-02 21:00:00+05:45,12.4515,12.434,2.9727,0.0
DHARAN-001,2026-06-02 22:00:00+05:45,12.9649,12.9567,3.0775,0.0
DHARAN-001,2026-06-02 23:00:00+05:45,6.2916,6.2779,1.4832,0.0
DHARAN-001,2026-06-03 00:00:00+05:45,6.5287,6.5046,1.5561,0.0
DHARAN-001,2026-06-03 01:00:00+05:45,7.1556,7.1404,1.6931,0.0
DHARAN-001,2026-06-03 02:00:00+05:45,6.1578,6.136,1.4478,0.0
DHARAN-001,2026-06-03 03:00:00+05:45,6.3473,6.3366,1.4977,0.0
DHARAN-001,2026-06-03 04:00:00+05:45,7.2906,7.283,1.7218,0.0
DHARAN-001,2026-06-03 05:00:00+05:45,6.845,6.8091,1.6223,0.0
DHARAN-001,2026-06-03 06:00:00+05:45,10.768,10.7529,2.5502,0.0
DHARAN-001,2026-06-03 07:00:00+05:45,10.4544,10.4394,2.4903,0.0
DHARAN-001,2026-06-03 08:00:00+05:45,10.5637,10.541,2.5122,0.0
DHARAN-001,2026-06-03 09:00:00+05:45,11.1832,11.1694,2.6678,0.0
DHARAN-001,2026-06-03 10:00:00+05:45,6.5269,6.503,1.552,0.0
DHARAN-001,2026-06-03 11:00:00+05:45,6.6014,6.5909,1.5851,0.0
DHARAN-001,2026-06-03 12:00:00+05:45,6.6491,6.6238,1.5724,0.0
DHARAN-001,2026-06-03 13:00:00+05:45,7.4202,7.3991,1.7655,0.0
DHARAN-001,2026-06-03 14:00:00+05:45,5.8046,5.7982,1.378,0.0
DHARAN-001,2026-06-03 15:00:00+05:45,6.6102,6.5927,1.545,0.0
DHARAN-001,2026-06-03 16:00:00+05:45,6.1014,6.0906,1.4488,0.0
DHARAN-001,2026-06-03 17:00:00+05:45,6.1204,6.0969,1.4372,0.0
DHARAN-001,2026-06-03 18:00:00+05:45,12.8735,12.8609,3.0688,0.0
DHARAN-001,2026-06-03 19:00:00+05:45,13.5046,13.495,3.2125,0.0
DHARAN-001,2026-06-03 20:00:00+05:45,13.9425,13.9247,3.3179,0.0
DHARAN-001,2026-06-03 21:00:00+05:45,13.2813,13.2603,3.1578,0.0
DHARAN-001,2026-06-03 22:00:00+05:45,12.4522,12.435,2.9765,0.0
DHARAN-001,2026-06-03 23:00:00+05:45,7.2161,7.2069,1.7243,0.0
DHARAN-001,2026-06-04 00:00:00+05:45,7.1176,7.1059,1.699,0.0
DHARAN-001,2026-06-04 01:00:00+05:45,6.3298,6.3274,1.5077,0.0
DHARAN-001,2026-06-04 02:00:00+05:45,6.2579,6.2411,1.4878,0.0
DHARAN-001,2026-06-04 03:00:00+05:45,7.1777,7.1506,1.6915,0.0
DHARAN-001,2026-06-04 04:00:00+05:45,6.9755,6.9655,1.6623,0.0
DHARAN-001,2026-06-04 05:00:00+05:45,6.5529,6.5314,1.5546,0.0
DHARAN-001,2026-06-04 06:00:00+05:45,11.394,11.3727,2.714,0.0
DHARAN-001,2026-06-04 07:00:00+05:45,11.7555,11.7408,2.7906,0.0
DHARAN-001,2026-06-04 08:00:00+05:45,10.6303,10.6207,2.5392,0.0
DHARAN-001,2026-06-04 09:00:00+05:45,11.2352,11.2315,2.6701,0.0
DHARAN-001,2026-06-04 10:00:00+05:45,6.2762,6.2684,1.492,0.0
DHARAN-001,2026-06-04 11:00:00+05:45,6.7269,6.7177,1.6046,0.0
DHARAN-001,2026-06-04 12:00:00+05:45,6.563,6.5548,1.5589,0.0
DHARAN-001,2026-06-04 13:00:00+05:45,6.4169,6.408,1.5234,0.0
DHARAN-001,2026-06-04 14:00:00+05:45,5.6235,5.6119,1.3536,0.0
DHARAN-001,2026-06-04 15:00:00+05:45,5.8421,5.8138,1.3943,0.0
DHARAN-001,2026-06-04 16:00:00+05:45,5.8144,5.7823,1.3871,0.0
DHARAN-001,2026-06-04 17:00:00+05:45,6.7115,6.6977,1.6015,0.0
DHARAN-001,2026-06-04 18:00:00+05:45,12.9992,12.9885,3.0789,0.0
DHARAN-001,2026-06-04 19:00:00+05:45,12.278,12.2622,2.9365,0.0
DHARAN-001,2026-06-04 20:00:00+05:45,11.988,11.9802,2.8587,0.0
DHARAN-001,2026-06-04 21:00:00+05:45,13.236,13.2178,3.1563,0.0
DHARAN-001,2026-06-04 22:00:00+05:45,11.9118,11.9064,2.8349,0.0
DHARAN-001,2026-06-04 23:00:00+05:45,6.3944,6.372,1.5014,0.0
DHARAN-001,2026-06-05 00:00:00+05:45,6.5837,6.5761,1.5371,0.0
DHARAN-001,2026-06-05 01:00:00+05:45,7.0465,7.0334,1.6923,0.0
DHARAN-001,2026-06-05 02:00:00+05:45,5.8515,5.8361,1.3908,0.0
DHARAN-001,2026-06-05 03:00:00+05:45,6.4091,6.3987,1.5156,0.0
DHARAN-001,2026-06-05 04:00:00+05:45,6.7181,6.7149,1.5917,0.0
DHARAN-001,2026-06-05 05:00:00+05:45,6.1455,6.1254,1.4627,0.0
DHARAN-001,2026-06-05 06:00:00+05:45,11.7925,11.7801,2.8098,0.0
DHARAN-001,2026-06-05 07:00:00+05:45,10.6583,10.6456,2.5345,0.0
DHARAN-001,2026-06-05 08:00:00+05:45,10.943,10.9236,2.6064,0.0
DHARAN-001,2026-06-05 09:00:00+05:45,10.7698,10.7514,2.5716,0.0
DHARAN-001,2026-06-05 10:00:00+05:45,4.9714,4.9656,1.1894,0.0
DHARAN-001,2026-06-05 11:00:00+05:45,7.1093,7.0988,1.6969,0.0
DHARAN-001,2026-06-05 12:00:00+05:45,6.4722,6.4604,1.5467,0.0
DHARAN-001,2026-06-05 13:00:00+05:45,6.5526,6.541,1.5642,0.0
DHARAN-001,2026-06-05 14:00:00+05:45,5.9652,5.9497,1.4313,0.0
DHARAN-001,2026-06-05 15:00:00+05:45,6.6179,6.5968,1.5893,0.0
DHARAN-001,2026-06-05 16:00:00+05:45,6.9446,6.9272,1.6442,0.0
DHARAN-001,2026-06-05 17:00:00+05:45,6.929,6.9164,1.6289,0.0
DHARAN-001,2026-06-05 18:00:00+05:45,12.1266,12.0975,2.9019,0.0
DHARAN-001,2026-06-05 19:00:00+05:45,13.5695,13.5603,3.2396,0.0
DHARAN-001,2026-06-05 20:00:00+05:45,12.6007,12.596,2.9885,0.0
DHARAN-001,2026-06-05 21:00:00+05:45,11.8105,11.793,2.7914,0.0
DHARAN-001,2026-06-05 22:00:00+05:45,12.9358,12.9171,3.0819,0.0
DHARAN-001,2026-06-05 23:00:00+05:45,5.7237,5.7079,1.3708,0.0
DHARAN-001,2026-06-06 00:00:00+05:45,5.3639,5.3518,1.28,0.0
DHARAN-001,2026-06-06 01:00:00+05:45,6.3459,6.3389,1.5162,0.0
DHARAN-001,2026-06-06 02:00:00+05:45,5.608,5.5954,1.3339,0.0
DHARAN-001,2026-06-06 03:00:00+05:45,5.8299,5.8172,1.3875,0.0
DHARAN-001,2026-06-06 04:00:00+05:45,6.2019,6.1814,1.4972,0.0
DHARAN-001,2026-06-06 05:00:00+05:45,5.9016,5.893,1.4045,0.0
DHARAN-001,2026-06-06 06:00:00+05:45,10.935,10.9158,2.5926,0.0
DHARAN-001,2026-06-06 07:00:00+05:45,11.6676,11.6494,2.7749,0.0
DHARAN-001,2026-06-06 08:00:00+05:45,10.1745,10.1613,2.4255,0.0
DHARAN-001,2026-06-06 09:00:00+05:45,11.6813,11.6642,2.7861,0.0
DHARAN-001,2026-06-06 10:00:00+05:45,6.6806,6.6667,1.5796,0.0
DHARAN-001,2026-06-06 11:00:00+05:45,6.8695,6.8674,1.6518,0.0
DHARAN-001,2026-06-06 12:00:00+05:45,5.4011,5.3807,1.2785,0.0
DHARAN-001,2026-06-06 13:00:00+05:45,6.9454,6.9349,1.6601,0.0
DHARAN-001,2026-06-06 14:00:00+05:45,6.5172,6.4887,1.538,0.0
DHARAN-001,2026-06-06 15:00:00+05:45,6.9338,6.9081,1.6478,0.0
DHARAN-001,2026-06-06 16:00:00+05:45,6.3759,6.3619,1.5218,0.0
DHARAN-001,2026-06-06 17:00:00+05:45,6.0202,6.0142,1.4351,0.0
DHARAN-001,2026-06-06 18:00:00+05:45,13.2533,13.2269,3.1504,0.0
DHARAN-001,2026-06-06 19:00:00+05:45,11.9699,11.9675,2.8319,0.0
DHARAN-001,2026-06-06 20:00:00+05:45,12.0862,12.0607,2.8836,0.0
DHARAN-001,2026-06-06 21:00:00+05:45,12.8189,12.8103,3.0544,0.0
DHARAN-001,2026-06-06 22:00:00+05:45,12.0668,12.0454,2.8623,0.0
DHARAN-001,2026-06-06 23:00:00+05:45,7.218,7.2119,1.7148,0.0
DHARAN-001,2026-06-07 00:00:00+05:45,5.9118,5.8998,1.4032,0.0
DHARAN-001,2026-06-07 01:00:00+05:45,6.1947,6.1721,1.4854,0.0
DHARAN-001,2026-06-07 02:00:00+05:45,6.7705,6.7605,1.6072,0.0
DHARAN-001,2026-06-07 03:00:00+05:45,6.5558,6.5419,1.5737,0.0
DHARAN-001,2026-06-07 04:00:00+05:45,5.1837,5.1713,1.2491,0.0
DHARAN-001,2026-06-07 05:00:00+05:45,7.6455,7.6405,1.8375,0.0
DHARAN-001,2026-06-07 06:00:00+05:45,11.2649,11.2483,2.6653,0.0
DHARAN-001,2026-06-07 07:00:00+05:45,11.4252,11.4143,2.7235,0.0
DHARAN-001,2026-06-07 08:00:00+05:45,11.0999,11.0791,2.6491,0.0
DHARAN-001,2026-06-07 09:00:00+05:45,10.3109,10.2956,2.4465,0.0
DHARAN-001,2026-06-07 10:00:00+05:45,6.3466,6.3394,1.5267,0.0
DHARAN-001,2026-06-07 11:00:00+05:45,7.1163,7.099,1.6963,0.0
DHARAN-001,2026-06-07 12:00:00+05:45,6.0761,6.072,1.447,0.0
DHARAN-001,2026-06-07 13:00:00+05:45,6.5857,6.5681,1.5645,0.0
DHARAN-001,2026-06-07 14:00:00+05:45,6.0514,6.0321,1.4441,0.0
DHARAN-001,2026-06-07 15:00:00+05:45,6.4024,6.3722,1.5271,0.0
DHARAN-001,2026-06-07 16:00:00+05:45,6.0844,6.0787,1.4384,0.0
DHARAN-001,2026-06-07 17:00:00+05:45,6.8788,6.8679,1.6311,0.0
DHARAN-001,2026-06-07 18:00:00+05:45,12.0225,12.0125,2.8813,0.0
DHARAN-001,2026-06-07 19:00:00+05:45,12.9371,12.9213,3.0905,0.0
DHARAN-001,2026-06-07 20:00:00+05:45,11.9615,11.9557,2.8502,0.0
DHARAN-001,2026-06-07 21:00:00+05:45,12.6556,12.6502,3.018,0.0
DHARAN-001,2026-06-07 22:00:00+05:45,12.3455,12.341,2.9483,0.0
DHARAN-001,2026-06-07 23:00:00+05:45,7.0518,7.0492,1.6824,0.0
DHARAN-001,2026-06-08 00:00:00+05:45,6.243,6.234,1.4777,0.0
DHARAN-001,2026-06-08 01:00:00+05:45,7.2411,7.2221,1.7322,0.0
DHARAN-001,2026-06-08 02:00:00+05:45,7.061,7.057,1.6769,0.0
DHARAN-001,2026-06-08 03:00:00+05:45,6.0923,6.0837,1.4394,0.0
DHARAN-001,2026-06-08 04:00:00+05:45,6.995,6.9789,1.6696,0.0
DHARAN-001,2026-06-08 05:00:00+05:45,5.7976,5.7896,1.3862,0.0
DHARAN-001,2026-06-08 06:00:00+05:45,11.2023,11.1836,2.6663,0.0
DHARAN-001,2026-06-08 07:00:00+05:45,10.8004,10.784,2.5804,0.0
DHARAN-001,2026-06-08 08:00:00+05:45,10.6091,10.595,2.5157,0.0
DHARAN-001,2026-06-08 09:00:00+05:45,10.939,10.9246,2.6001,0.0
DHARAN-001,2026-06-08 10:00:00+05:45,5.6424,5.6189,1.3535,0.0
DHARAN-001,2026-06-08 11:00:00+05:45,6.4955,6.4777,1.5626,0.0
DHARAN-001,2026-06-08 12:00:00+05:45,6.2037,6.1978,1.4854,0.0
DHARAN-001,2026-06-08 13:00:00+05:45,6.9458,6.9375,1.6725,0.0
DHARAN-001,2026-06-08 14:00:00+05:45,6.6442,6.6247,1.5669,0.0
DHARAN-001,2026-06-08 15:00:00+05:45,6.1553,6.1511,1.451,0.0
DHARAN-001,2026-06-08 16:00:00+05:45,6.6737,6.6658,1.5843,0.0
DHARAN-001,2026-06-08 17:00:00+05:45,6.8515,6.831,1.6362,0.0
DHARAN-001,2026-06-08 18:00:00+05:45,11.8012,11.7895,2.8066,0.0
DHARAN-001,2026-06-08 19:00:00+05:45,13.2927,13.2677,3.1653,0.0
DHARAN-001,2026-06-08 20:00:00+05:45,12.9657,12.9444,3.0883,0.0
DHARAN-001,2026-06-08 21:00:00+05:45,13.1341,13.1307,3.1227,0.0
DHARAN-001,2026-06-08 22:00:00+05:45,12.2751,12.2702,2.9095,0.0
DHARAN-001,2026-06-08 23:00:00+05:45,6.9935,6.9843,1.6584,0.0
DHARAN-001,2026-06-09 00:00:00+05:45,5.4921,5.4605,1.3131,0.0
DHARAN-001,2026-06-09 01:00:00+05:45,6.0536,6.0466,1.4489,0.0
DHARAN-001,2026-06-09 02:00:00+05:45,7.123,7.113,1.6983,0.0
DHARAN-001,2026-06-09 03:00:00+05:45,7.2561,7.2484,1.7221,0.0
DHARAN-001,2026-06-09 04:00:00+05:45,5.9501,5.935,1.4057,0.0
DHARAN-001,2026-06-09 05:00:00+05:45,5.6684,5.6624,1.3666,0.0
DHARAN-001,2026-06-09 06:00:00+05:45,10.3783,10.3721,2.4905,0.0
DHARAN-001,2026-06-09 07:00:00+05:45,10.6031,10.5746,2.529,0.0
DHARAN-001,2026-06-09 08:00:00+05:45,10.9437,10.9246,2.6072,0.0
DHARAN-001,2026-06-09 09:00:00+05:45,10.9812,10.964,2.6108,0.0
DHARAN-001,2026-06-09 10:00:00+05:45,6.6929,6.6707,1.5672,0.0
DHARAN-001,2026-06-09 11:00:00+05:45,5.9901,5.9815,1.4227,0.0
DHARAN-001,2026-06-09 12:00:00+05:45,6.6904,6.6843,1.6061,0.0
DHARAN-001,2026-06-09 13:00:00+05:45,6.7337,6.7147,1.5938,0.0
DHARAN-001,2026-06-09 14:00:00+05:45,6.9659,6.9495,1.655,0.0
DHARAN-001,2026-06-09 15:00:00+05:45,6.2992,6.276,1.4921,0.0
DHARAN-001,2026-06-09 16:00:00+05:45,6.484,6.4563,1.5449,0.0
DHARAN-001,2026-06-09 17:00:00+05:45,6.5132,6.4944,1.55,0.0
DHARAN-001,2026-06-09 18:00:00+05:45,12.6329,12.6148,3.0156,0.0
DHARAN-001,2026-06-09 19:00:00+05:45,12.7691,12.7478,3.0227,0.0
DHARAN-001,2026-06-09 20:00:00+05:45,12.444,12.4266,2.9559,0.0
DHARAN-001,2026-06-09 21:00:00+05:45,13.3539,13.3374,3.1845,0.0
DHARAN-001,2026-06-09 22:00:00+05:45,12.6674,12.6595,3.0155,0.0
DHARAN-001,2026-06-09 23:00:00+05:45,6.8275,6.8022,1.6216,0.0
DHARAN-001,2026-06-10 00:00:00+05:45,6.499,6.4777,1.5513,0.0
DHARAN-001,2026-06-10 01:00:00+05:45,6.1636,6.14,1.4572,0.0
DHARAN-001,2026-06-10 02:00:00+05:45,7.1692,7.1581,1.7034,0.0
DHARAN-001,2026-06-10 03:00:00+05:45,6.5907,6.5802,1.5656,0.0
DHARAN-001,2026-06-10 04:00:00+05:45,7.2156,7.2077,1.7125,0.0
DHARAN-001,2026-06-10 05:00:00+05:45,7.4734,7.4671,1.7784,0.0
DHARAN-001,2026-06-10 06:00:00+05:45,10.7259,10.6963,2.5396,0.0
DHARAN-001,2026-06-10 07:00:00+05:45,11.6464,11.6217,2.7604,0.0
DHARAN-001,2026-06-10 08:00:00+05:45,11.3787,11.3594,2.7061,0.0
DHARAN-001,2026-06-10 09:00:00+05:45,11.4261,11.4053,2.7276,0.0
DHARAN-001,2026-06-10 10:00:00+05:45,7.2474,7.2349,1.7275,0.0
DHARAN-001,2026-06-10 11:00:00+05:45,6.7347,6.7302,1.6097,0.0
DHARAN-001,2026-06-10 12:00:00+05:45,7.0809,7.0658,1.6902,0.0
DHARAN-001,2026-06-10 13:00:00+05:45,6.2641,6.2422,1.4793,0.0
DHARAN-001,2026-06-10 14:00:00+05:45,6.352,6.3397,1.5236,0.0
DHARAN-001,2026-06-10 15:00:00+05:45,6.8154,6.7995,1.6209,0.0
DHARAN-001,2026-06-10 16:00:00+05:45,6.6575,6.6429,1.5779,0.0
DHARAN-001,2026-06-10 17:00:00+05:45,6.7078,6.6724,1.6065,0.0
DHARAN-001,2026-06-10 18:00:00+05:45,12.5801,12.5605,2.9933,0.0
DHARAN-001,2026-06-10 19:00:00+05:45,12.5082,12.4933,2.9781,0.0
DHARAN-001,2026-06-10 20:00:00+05:45,12.2718,12.27,2.9177,0.0
DHARAN-001,2026-06-10 21:00:00+05:45,13.6301,13.6099,3.2377,0.0
DHARAN-001,2026-06-10 22:00:00+05:45,11.808,11.7819,2.819,0.0
DHARAN-001,2026-06-10 23:00:00+05:45,8.6605,8.6372,2.0506,0.0
DHARAN-001,2026-06-11 00:00:00+05:45,6.7512,6.7282,1.6155,0.0
DHARAN-001,2026-06-11 01:00:00+05:45,5.9171,5.9123,1.4204,0.0
DHARAN-001,2026-06-11 02:00:00+05:45,7.01,6.9942,1.6696,0.0
DHARAN-001,2026-06-11 03:00:00+05:45,6.4677,6.4581,1.5507,0.0
DHARAN-001,2026-06-11 04:00:00+05:45,6.1516,6.1406,1.478,0.0
DHARAN-001,2026-06-11 05:00:00+05:45,5.9986,5.9783,1.4227,0.0
DHARAN-001,2026-06-11 06:00:00+05:45,10.421,10.3911,2.484,0.0
DHARAN-001,2026-06-11 07:00:00+05:45,10.6076,10.5918,2.5216,0.0
DHARAN-001,2026-06-11 08:00:00+05:45,11.6475,11.6359,2.7704,0.0
DHARAN-001,2026-06-11 09:00:00+05:45,11.1218,11.1075,2.6473,0.0
DHARAN-001,2026-06-11 10:00:00+05:45,5.9054,5.8819,1.3942,0.0
DHARAN-001,2026-06-11 11:00:00+05:45,5.9822,5.969,1.4272,0.0
DHARAN-001,2026-06-11 12:00:00+05:45,5.8629,5.8533,1.4137,0.0
DHARAN-001,2026-06-11 13:00:00+05:45,6.2832,6.2668,1.5097,0.0
DHARAN-001,2026-06-11 14:00:00+05:45,7.1403,7.1263,1.692,0.0
DHARAN-001,2026-06-11 15:00:00+05:45,5.6216,5.6054,1.3317,0.0
DHARAN-001,2026-06-11 16:00:00+05:45,6.8118,6.8034,1.6034,0.0
DHARAN-001,2026-06-11 17:00:00+05:45,5.0295,5.0106,1.2075,0.0
DHARAN-001,2026-06-11 18:00:00+05:45,12.6799,12.6763,3.0306,0.0
DHARAN-001,2026-06-11 19:00:00+05:45,12.4864,12.4672,2.9848,0.0
DHARAN-001,2026-06-11 20:00:00+05:45,12.4825,12.4736,2.978,0.0
DHARAN-001,2026-06-11 21:00:00+05:45,12.8493,12.8327,3.0589,0.0
DHARAN-001,2026-06-11 22:00:00+05:45,12.8029,12.7961,3.049,0.0
DHARAN-001,2026-06-11 23:00:00+05:45,6.1366,6.1051,1.4649,0.0
DHARAN-001,2026-06-12 00:00:00+05:45,5.8239,5.8081,1.3906,0.0
DHARAN-001,2026-06-12 01:00:00+05:45,6.4106,6.398,1.5161,0.0
DHARAN-001,2026-06-12 02:00:00+05:45,6.4349,6.4054,1.5244,0.0
DHARAN-001,2026-06-12 03:00:00+05:45,7.2244,7.2098,1.7214,0.0
DHARAN-001,2026-06-12 04:00:00+05:45,6.5499,6.5417,1.5581,0.0
DHARAN-001,2026-06-12 05:00:00+05:45,7.0008,6.9862,1.6649,0.0
DHARAN-001,2026-06-12 06:00:00+05:45,10.4467,10.4465,2.4867,0.0
DHARAN-001,2026-06-12 07:00:00+05:45,10.7692,10.7519,2.5695,0.0
DHARAN-001,2026-06-12 08:00:00+05:45,12.0552,12.0286,2.8648,0.0
DHARAN-001,2026-06-12 09:00:00+05:45,11.455,11.4252,2.7167,0.0
DHARAN-001,2026-06-12 10:00:00+05:45,6.1198,6.0994,1.4647,0.0
DHARAN-001,2026-06-12 11:00:00+05:45,6.5275,6.5144,1.5521,0.0
DHARAN-001,2026-06-12 12:00:00+05:45,6.2848,6.2786,1.4809,0.0
DHARAN-001,2026-06-12 13:00:00+05:45,6.8874,6.885,1.6349,0.0
DHARAN-001,2026-06-12 14:00:00+05:45,6.0753,6.0558,1.4528,0.0
DHARAN-001,2026-06-12 15:00:00+05:45,6.3321,6.3288,1.5085,0.0
DHARAN-001,2026-06-12 16:00:00+05:45,7.6956,7.6766,1.8316,0.0
DHARAN-001,2026-06-12 17:00:00+05:45,6.2219,6.1916,1.4876,0.0
DHARAN-001,2026-06-12 18:00:00+05:45,11.7601,11.7548,2.7974,0.0
DHARAN-001,2026-06-12 19:00:00+05:45,12.4853,12.4782,2.9788,0.0
DHARAN-001,2026-06-12 20:00:00+05:45,12.6301,12.6176,3.0316,0.0
DHARAN-001,2026-06-12 21:00:00+05:45,12.6151,12.588,3.0165,0.0
DHARAN-001,2026-06-12 22:00:00+05:45,12.4059,12.3956,2.956,0.0
DHARAN-001,2026-06-12 23:00:00+05:45,6.5317,6.4969,1.5427,0.0
DHARAN-001,2026-06-13 00:00:00+05:45,6.9398,6.9111,1.642,0.0
DHARAN-001,2026-06-13 01:00:00+05:45,6.7087,6.6874,1.5824,0.0
DHARAN-001,2026-06-13 02:00:00+05:45,6.6071,6.6067,1.5698,0.0
DHARAN-001,2026-06-13 03:00:00+05:45,6.606,6.604,1.5876,0.0
DHARAN-001,2026-06-13 04:00:00+05:45,6.5731,6.5582,1.5756,0.0
DHARAN-001,2026-06-13 05:00:00+05:45,6.5976,6.5898,1.5691,0.0
DHARAN-001,2026-06-13 06:00:00+05:45,11.5342,11.5157,2.7471,0.0
DHARAN-001,2026-06-13 07:00:00+05:45,10.4747,10.4509,2.4957,0.0
DHARAN-001,2026-06-13 08:00:00+05:45,11.5419,11.5313,2.7557,0.0
DHARAN-001,2026-06-13 09:00:00+05:45,10.5603,10.5565,2.5206,0.0
DHARAN-001,2026-06-13 10:00:00+05:45,6.4762,6.4675,1.5359,0.0
DHARAN-001,2026-06-13 11:00:00+05:45,6.466,6.4426,1.5416,0.0
DHARAN-001,2026-06-13 12:00:00+05:45,6.1892,6.181,1.4791,0.0
DHARAN-001,2026-06-13 13:00:00+05:45,5.9684,5.9544,1.416,0.0
DHARAN-001,2026-06-13 14:00:00+05:45,6.5991,6.5735,1.5591,0.0
DHARAN-001,2026-06-13 15:00:00+05:45,5.7167,5.6999,1.355,0.0
DHARAN-001,2026-06-13 16:00:00+05:45,6.301,6.2998,1.4971,0.0
DHARAN-001,2026-06-13 17:00:00+05:45,7.2783,7.2702,1.728,0.0
DHARAN-001,2026-06-13 18:00:00+05:45,12.3518,12.3393,2.9571,0.0
DHARAN-001,2026-06-13 19:00:00+05:45,12.4187,12.3975,2.9694,0.0
DHARAN-001,2026-06-13 20:00:00+05:45,13.3574,13.3448,3.1806,0.0
DHARAN-001,2026-06-13 21:00:00+05:45,12.9334,12.9271,3.0796,0.0
DHARAN-001,2026-06-13 22:00:00+05:45,12.3742,12.3572,2.9491,0.0
DHARAN-001,2026-06-13 23:00:00+05:45,6.5336,6.5308,1.5536,0.0
DHARAN-001,2026-06-14 00:00:00+05:45,6.8559,6.8205,1.6323,0.0
DHARAN-001,2026-06-14 01:00:00+05:45,6.3381,6.3004,1.506,0.0
DHARAN-001,2026-06-14 02:00:00+05:45,6.6156,6.6085,1.5758,0.0
DHARAN-001,2026-06-14 03:00:00+05:45,7.2444,7.226,1.7359,0.0
DHARAN-001,2026-06-14 04:00:00+05:45,6.2743,6.2706,1.4957,0.0
DHARAN-001,2026-06-14 05:00:00+05:45,7.1863,7.181,1.7137,0.0
DHARAN-001,2026-06-14 06:00:00+05:45,11.696,11.6784,2.7896,0.0
DHARAN-001,2026-06-14 07:00:00+05:45,11.5279,11.5253,2.7402,0.0
DHARAN-001,2026-06-14 08:00:00+05:45,11.4313,11.4189,2.7227,0.0
DHARAN-001,2026-06-14 09:00:00+05:45,10.9655,10.9489,2.6262,0.0
DHARAN-001,2026-06-14 10:00:00+05:45,5.8214,5.8052,1.3888,0.0
DHARAN-001,2026-06-14 11:00:00+05:45,7.029,7.0024,1.6814,0.0
DHARAN-001,2026-06-14 12:00:00+05:45,6.9805,6.9744,1.6661,0.0
DHARAN-001,2026-06-14 13:00:00+05:45,5.8037,5.7946,1.3792,0.0
DHARAN-001,2026-06-14 14:00:00+05:45,7.0978,7.09,1.6964,0.0
DHARAN-001,2026-06-14 15:00:00+05:45,6.6108,6.5957,1.5805,0.0
DHARAN-001,2026-06-14 16:00:00+05:45,7.0221,7.0062,1.6708,0.0
DHARAN-001,2026-06-14 17:00:00+05:45,6.5562,6.538,1.5771,0.0
DHARAN-001,2026-06-14 18:00:00+05:45,12.8313,12.8114,3.0466,0.0
DHARAN-001,2026-06-14 19:00:00+05:45,12.6545,12.6418,3.0031,0.0
DHARAN-001,2026-06-14 20:00:00+05:45,12.8271,12.8084,3.057,0.0
DHARAN-001,2026-06-14 21:00:00+05:45,12.5911,12.56,2.9822,0.0
DHARAN-001,2026-06-14 22:00:00+05:45,13.2171,13.2144,3.1322,0.0
DHARAN-001,2026-06-14 23:00:00+05:45,5.7913,5.7759,1.3819,0.0
DHARAN-001,2026-06-15 00:00:00+05:45,6.3549,6.3307,1.5287,0.0
DHARAN-001,2026-06-15 01:00:00+05:45,7.6575,7.6338,1.811,0.0
DHARAN-001,2026-06-15 02:00:00+05:45,6.6007,6.5852,1.5796,0.0
DHARAN-001,2026-06-15 03:00:00+05:45,7.5676,7.5563,1.8052,0.0
DHARAN-001,2026-06-15 04:00:00+05:45,7.1255,7.1173,1.6854,0.0
DHARAN-001,2026-06-15 05:00:00+05:45,6.3686,6.3531,1.5211,0.0
DHARAN-001,2026-06-15 06:00:00+05:45,11.6089,11.5852,2.7717,0.0
DHARAN-001,2026-06-15 07:00:00+05:45,11.2291,11.2116,2.6514,0.0
DHARAN-001,2026-06-15 08:00:00+05:45,11.059,11.0467,2.6276,0.0
DHARAN-001,2026-06-15 09:00:00+05:45,10.1704,10.1575,2.4238,0.0
DHARAN-001,2026-06-15 10:00:00+05:45,5.7151,5.7135,1.3614,0.0
DHARAN-001,2026-06-15 11:00:00+05:45,6.355,6.3392,1.5108,0.0
DHARAN-001,2026-06-15 12:00:00+05:45,6.3099,6.3012,1.5032,0.0
DHARAN-001,2026-06-15 13:00:00+05:45,6.5283,6.5205,1.5538,0.0
DHARAN-001,2026-06-15 14:00:00+05:45,6.6659,6.6522,1.5846,0.0
DHARAN-001,2026-06-15 15:00:00+05:45,7.7351,7.7223,1.843,0.0
DHARAN-001,2026-06-15 16:00:00+05:45,6.2688,6.2483,1.5018,0.0
DHARAN-001,2026-06-15 17:00:00+05:45,6.1519,6.1412,1.4702,0.0
DHARAN-001,2026-06-15 18:00:00+05:45,12.1485,12.1372,2.9092,0.0
DHARAN-001,2026-06-15 19:00:00+05:45,13.163,13.1355,3.1322,0.0
DHARAN-001,2026-06-15 20:00:00+05:45,13.1144,13.0844,3.1175,0.0
DHARAN-001,2026-06-15 21:00:00+05:45,12.6685,12.6536,3.0157,0.0
DHARAN-001,2026-06-15 22:00:00+05:45,13.4931,13.4833,3.2126,0.0
DHARAN-001,2026-06-15 23:00:00+05:45,6.784,6.7648,1.623,0.0
DHARAN-001,2026-06-16 00:00:00+05:45,6.7215,6.702,1.6022,0.0
DHARAN-001,2026-06-16 01:00:00+05:45,5.7772,5.7659,1.374,0.0
DHARAN-001,2026-06-16 02:00:00+05:45,7.9693,7.9591,1.896,0.0
DHARAN-001,2026-06-16 03:00:00+05:45,5.8781,5.8659,1.3871,0.0
DHARAN-001,2026-06-16 04:00:00+05:45,6.1351,6.1149,1.4575,0.0
DHARAN-001,2026-06-16 05:00:00+05:45,6.8408,6.8245,1.6286,0.0
DHARAN-001,2026-06-16 06:00:00+05:45,11.2153,11.1969,2.6671,0.0
DHARAN-001,2026-06-16 07:00:00+05:45,11.6387,11.6302,2.7706,0.0
DHARAN-001,2026-06-16 08:00:00+05:45,11.0423,11.0416,2.6219,0.0
DHARAN-001,2026-06-16 09:00:00+05:45,10.2241,10.1969,2.4256,0.0
DHARAN-001,2026-06-16 10:00:00+05:45,5.8869,5.8751,1.4007,0.0
DHARAN-001,2026-06-16 11:00:00+05:45,6.4013,6.3966,1.5212,0.0
DHARAN-001,2026-06-16 12:00:00+05:45,5.9504,5.9366,1.4196,0.0
DHARAN-001,2026-06-16 13:00:00+05:45,5.9846,5.9729,1.4174,0.0
DHARAN-001,2026-06-16 14:00:00+05:45,6.3192,6.3052,1.5019,0.0
DHARAN-001,2026-06-16 15:00:00+05:45,6.9053,6.9014,1.653,0.0
DHARAN-001,2026-06-16 16:00:00+05:45,6.3668,6.3617,1.5153,0.0
DHARAN-001,2026-06-16 17:00:00+05:45,5.8284,5.8194,1.386,0.0
DHARAN-001,2026-06-16 18:00:00+05:45,12.0215,12.0116,2.8531,0.0
DHARAN-001,2026-06-16 19:00:00+05:45,13.2956,13.2783,3.1654,0.0
DHARAN-001,2026-06-16 20:00:00+05:45,12.5022,12.4963,3.002,0.0
DHARAN-001,2026-06-16 21:00:00+05:45,12.6662,12.6655,3.0123,0.0
DHARAN-001,2026-06-16 22:00:00+05:45,12.6431,12.6262,3.0209,0.0
DHARAN-001,2026-06-16 23:00:00+05:45,6.5405,6.5169,1.5502,0.0
DHARAN-001,2026-06-17 00:00:00+05:45,6.7862,6.774,1.6076,0.0
DHARAN-001,2026-06-17 01:00:00+05:45,7.8946,7.8838,1.8913,0.0
DHARAN-001,2026-06-17 02:00:00+05:45,7.0049,6.986,1.6607,0.0
DHARAN-001,2026-06-17 03:00:00+05:45,6.7775,6.7498,1.6335,0.0
DHARAN-001,2026-06-17 04:00:00+05:45,6.4676,6.4663,1.528,0.0
DHARAN-001,2026-06-17 05:00:00+05:45,6.6273,6.6077,1.5833,0.0
DHARAN-001,2026-06-17 06:00:00+05:45,11.2593,11.2528,2.6773,0.0
DHARAN-001,2026-06-17 07:00:00+05:45,11.0489,11.03,2.6324,0.0
DHARAN-001,2026-06-17 08:00:00+05:45,11.5895,11.5847,2.758,0.0
DHARAN-001,2026-06-17 09:00:00+05:45,11.2435,11.2153,2.6522,0.0
DHARAN-001,2026-06-17 10:00:00+05:45,5.0239,5.0015,1.1956,0.0
DHARAN-001,2026-06-17 11:00:00+05:45,6.4102,6.3973,1.5306,0.0
DHARAN-001,2026-06-17 12:00:00+05:45,6.7529,6.7284,1.6188,0.0
DHARAN-001,2026-06-17 13:00:00+05:45,6.4549,6.4309,1.5458,0.0
DHARAN-001,2026-06-17 14:00:00+05:45,5.7195,5.7091,1.3671,0.0
DHARAN-001,2026-06-17 15:00:00+05:45,7.5736,7.5714,1.8098,0.0
DHARAN-001,2026-06-17 16:00:00+05:45,6.2455,6.2242,1.4827,0.0
DHARAN-001,2026-06-17 17:00:00+05:45,7.7242,7.7076,1.8257,0.0
DHARAN-001,2026-06-17 18:00:00+05:45,12.3307,12.3186,2.9204,0.0
DHARAN-001,2026-06-17 19:00:00+05:45,12.3666,12.3616,2.9484,0.0
DHARAN-001,2026-06-17 20:00:00+05:45,12.4713,12.4504,2.9716,0.0
DHARAN-001,2026-06-17 21:00:00+05:45,12.4687,12.4665,2.9808,0.0
DHARAN-001,2026-06-17 22:00:00+05:45,12.8235,12.8129,3.0525,0.0
DHARAN-001,2026-06-17 23:00:00+05:45,6.3004,6.2743,1.4964,0.0
DHARAN-001,2026-06-18 00:00:00+05:45,6.1309,6.1082,1.4589,0.0
DHARAN-001,2026-06-18 01:00:00+05:45,6.1287,6.114,1.4594,0.0
DHARAN-001,2026-06-18 02:00:00+05:45,5.8663,5.8511,1.3951,0.0
DHARAN-001,2026-06-18 03:00:00+05:45,6.7528,6.7377,1.6191,0.0
DHARAN-001,2026-06-18 04:00:00+05:45,7.3,7.2748,1.7183,0.0
DHARAN-001,2026-06-18 05:00:00+05:45,5.9453,5.9342,1.4113,0.0
DHARAN-001,2026-06-18 06:00:00+05:45,11.197,11.1958,2.6733,0.0
DHARAN-001,2026-06-18 07:00:00+05:45,10.9401,10.9228,2.5979,0.0
DHARAN-001,2026-06-18 08:00:00+05:45,11.2966,11.2784,2.6876,0.0
DHARAN-001,2026-06-18 09:00:00+05:45,11.3407,11.3251,2.7028,0.0
DHARAN-001,2026-06-18 10:00:00+05:45,7.4048,7.3894,1.7617,0.0
DHARAN-001,2026-06-18 11:00:00+05:45,6.5636,6.5521,1.5648,0.0
DHARAN-001,2026-06-18 12:00:00+05:45,6.6054,6.5916,1.5775,0.0
DHARAN-001,2026-06-18 13:00:00+05:45,6.1264,6.1067,1.4576,0.0
DHARAN-001,2026-06-18 14:00:00+05:45,6.3334,6.3136,1.5271,0.0
DHARAN-001,2026-06-18 15:00:00+05:45,6.5413,6.5202,1.5669,0.0
DHARAN-001,2026-06-18 16:00:00+05:45,5.8575,5.843,1.3847,0.0
DHARAN-001,2026-06-18 17:00:00+05:45,5.3841,5.3724,1.2802,0.0
DHARAN-001,2026-06-18 18:00:00+05:45,12.4048,12.3908,2.9606,0.0
DHARAN-001,2026-06-18 19:00:00+05:45,12.3962,12.371,2.9692,0.0
DHARAN-001,2026-06-18 20:00:00+05:45,12.5625,12.5566,2.9981,0.0
DHARAN-001,2026-06-18 21:00:00+05:45,13.0515,13.0354,3.1199,0.0
DHARAN-001,2026-06-18 22:00:00+05:45,12.3998,12.3936,2.9573,0.0
DHARAN-001,2026-06-18 23:00:00+05:45,6.2082,6.1913,1.4781,0.0
DHARAN-001,2026-06-19 00:00:00+05:45,6.1209,6.0988,1.4582,0.0
DHARAN-001,2026-06-19 01:00:00+05:45,5.6823,5.6749,1.353,0.0
DHARAN-001,2026-06-19 02:00:00+05:45,6.0004,5.9897,1.4262,0.0
DHARAN-001,2026-06-19 03:00:00+05:45,5.9602,5.9378,1.4065,0.0
DHARAN-001,2026-06-19 04:00:00+05:45,5.4876,5.4679,1.3206,0.0
DHARAN-001,2026-06-19 05:00:00+05:45,6.4369,6.417,1.5183,0.0
DHARAN-001,2026-06-19 06:00:00+05:45,11.1949,11.176,2.6752,0.0
DHARAN-001,2026-06-19 07:00:00+05:45,10.4941,10.4757,2.4862,0.0
DHARAN-001,2026-06-19 08:00:00+05:45,10.7013,10.6684,2.5403,0.0
DHARAN-001,2026-06-19 09:00:00+05:45,10.9972,10.9856,2.6131,0.0
DHARAN-001,2026-06-19 10:00:00+05:45,6.5032,6.4882,1.5627,0.0
DHARAN-001,2026-06-19 11:00:00+05:45,6.6144,6.6138,1.5577,0.0
DHARAN-001,2026-06-19 12:00:00+05:45,6.4305,6.4174,1.5188,0.0
DHARAN-001,2026-06-19 13:00:00+05:45,6.4008,6.3933,1.5319,0.0
DHARAN-001,2026-06-19 14:00:00+05:45,5.5751,5.568,1.3334,0.0
DHARAN-001,2026-06-19 15:00:00+05:45,6.5485,6.5373,1.5667,0.0
DHARAN-001,2026-06-19 16:00:00+05:45,6.2907,6.2799,1.4982,0.0
DHARAN-001,2026-06-19 17:00:00+05:45,5.9888,5.9653,1.4251,0.0
DHARAN-001,2026-06-19 18:00:00+05:45,12.7553,12.7413,3.0428,0.0
DHARAN-001,2026-06-19 19:00:00+05:45,11.6759,11.6641,2.7813,0.0
DHARAN-001,2026-06-19 20:00:00+05:45,12.2144,12.2027,2.9154,0.0
DHARAN-001,2026-06-19 21:00:00+05:45,13.2589,13.2513,3.1465,0.0
DHARAN-001,2026-06-19 22:00:00+05:45,12.4342,12.4127,2.9652,0.0
DHARAN-001,2026-06-19 23:00:00+05:45,6.5975,6.5783,1.57,0.0
DHARAN-001,2026-06-20 00:00:00+05:45,6.2745,6.2595,1.4809,0.0
DHARAN-001,2026-06-20 01:00:00+05:45,6.0799,6.0551,1.4498,0.0
DHARAN-001,2026-06-20 02:00:00+05:45,6.3442,6.3342,1.5015,0.0
DHARAN-001,2026-06-20 03:00:00+05:45,6.161,6.153,1.4606,0.0
DHARAN-001,2026-06-20 04:00:00+05:45,6.9491,6.9411,1.6512,0.0
DHARAN-001,2026-06-20 05:00:00+05:45,6.4625,6.4448,1.5439,0.0
DHARAN-001,2026-06-20 06:00:00+05:45,12.0215,12.0022,2.8658,0.0
DHARAN-001,2026-06-20 07:00:00+05:45,11.0981,11.0845,2.6422,0.0
DHARAN-001,2026-06-20 08:00:00+05:45,10.6661,10.6534,2.5364,0.0
DHARAN-001,2026-06-20 09:00:00+05:45,10.6694,10.6536,2.5307,0.0
DHARAN-001,2026-06-20 10:00:00+05:45,6.4591,6.4588,1.5251,0.0
DHARAN-001,2026-06-20 11:00:00+05:45,7.1268,7.1101,1.7052,0.0
DHARAN-001,2026-06-20 12:00:00+05:45,6.1872,6.1617,1.4819,0.0
DHARAN-001,2026-06-20 13:00:00+05:45,7.4472,7.4295,1.7752,0.0
DHARAN-001,2026-06-20 14:00:00+05:45,6.6184,6.6165,1.5593,0.0
DHARAN-001,2026-06-20 15:00:00+05:45,6.6815,6.6776,1.5978,0.0
DHARAN-001,2026-06-20 16:00:00+05:45,6.4127,6.403,1.5092,0.0
DHARAN-001,2026-06-20 17:00:00+05:45,6.967,6.9521,1.6474,0.0
DHARAN-001,2026-06-20 18:00:00+05:45,12.707,12.6978,3.0418,0.0
DHARAN-001,2026-06-20 19:00:00+05:45,13.1745,13.1566,3.1362,0.0
DHARAN-001,2026-06-20 20:00:00+05:45,12.8698,12.8582,3.0434,0.0
DHARAN-001,2026-06-20 21:00:00+05:45,13.5294,13.5009,3.22,0.0
DHARAN-001,2026-06-20 22:00:00+05:45,12.105,12.0931,2.8804,0.0
DHARAN-001,2026-06-20 23:00:00+05:45,6.6397,6.6217,1.5692,0.0
DHARAN-001,2026-06-21 00:00:00+05:45,7.1088,7.1003,1.6989,0.0
DHARAN-001,2026-06-21 01:00:00+05:45,6.5271,6.5136,1.5544,0.0
DHARAN-001,2026-06-21 02:00:00+05:45,6.0853,6.0732,1.4375,0.0
DHARAN-001,2026-06-21 03:00:00+05:45,7.2398,7.2196,1.7236,0.0
DHARAN-001,2026-06-21 04:00:00+05:45,6.7686,6.7507,1.6194,0.0
DHARAN-001,2026-06-21 05:00:00+05:45,7.5024,7.4802,1.7839,0.0
DHARAN-001,2026-06-21 06:00:00+05:45,11.4465,11.43,2.7224,0.0
DHARAN-001,2026-06-21 07:00:00+05:45,11.3912,11.387,2.7049,0.0
DHARAN-001,2026-06-21 08:00:00+05:45,11.2021,11.1903,2.6689,0.0
DHARAN-001,2026-06-21 09:00:00+05:45,11.7087,11.7048,2.7948,0.0
DHARAN-001,2026-06-21 10:00:00+05:45,6.8647,6.8643,1.648,0.0
DHARAN-001,2026-06-21 11:00:00+05:45,6.9846,6.9658,1.6615,0.0
DHARAN-001,2026-06-21 12:00:00+05:45,6.2421,6.2366,1.4994,0.0
DHARAN-001,2026-06-21 13:00:00+05:45,6.3324,6.315,1.5198,0.0
DHARAN-001,2026-06-21 14:00:00+05:45,6.2948,6.2786,1.497,0.0
DHARAN-001,2026-06-21 15:00:00+05:45,6.7354,6.7232,1.5989,0.0
DHARAN-001,2026-06-21 16:00:00+05:45,6.6227,6.6182,1.5746,0.0
DHARAN-001,2026-06-21 17:00:00+05:45,6.8523,6.8328,1.6301,0.0
DHARAN-001,2026-06-21 18:00:00+05:45,12.0538,12.0475,2.873,0.0
DHARAN-001,2026-06-21 19:00:00+05:45,13.034,13.0265,3.1167,0.0
DHARAN-001,2026-06-21 20:00:00+05:45,12.9591,12.9515,3.0915,0.0
DHARAN-001,2026-06-21 21:00:00+05:45,13.2099,13.1891,3.1362,0.0
DHARAN-001,2026-06-21 22:00:00+05:45,13.1335,13.1201,3.1292,0.0
DHARAN-001,2026-06-21 23:00:00+05:45,6.2006,6.1898,1.4747,0.0
DHARAN-001,2026-06-22 00:00:00+05:45,6.3262,6.3018,1.5005,0.0
DHARAN-001,2026-06-22 01:00:00+05:45,6.793,6.7836,1.6003,0.0
DHARAN-001,2026-06-22 02:00:00+05:45,5.6227,5.6139,1.3319,0.0
DHARAN-001,2026-06-22 03:00:00+05:45,6.3118,6.304,1.5197,0.0
DHARAN-001,2026-06-22 04:00:00+05:45,5.746,5.7342,1.3722,0.0
DHARAN-001,2026-06-22 05:00:00+05:45,6.6154,6.595,1.5633,0.0
DHARAN-001,2026-06-22 06:00:00+05:45,10.2916,10.2757,2.4446,0.0
DHARAN-001,2026-06-22 07:00:00+05:45,11.0346,11.018,2.6275,0.0
DHARAN-001,2026-06-22 08:00:00+05:45,10.7288,10.7044,2.5562,0.0
DHARAN-001,2026-06-22 09:00:00+05:45,10.6889,10.6744,2.5548,0.0
DHARAN-001,2026-06-22 10:00:00+05:45,5.8818,5.8695,1.4168,0.0
DHARAN-001,2026-06-22 11:00:00+05:45,7.2491,7.2326,1.7263,0.0
DHARAN-001,2026-06-22 12:00:00+05:45,5.4644,5.4487,1.2969,0.0
DHARAN-001,2026-06-22 13:00:00+05:45,6.1926,6.1762,1.4727,0.0
DHARAN-001,2026-06-22 14:00:00+05:45,5.9998,5.9752,1.4254,0.0
DHARAN-001,2026-06-22 15:00:00+05:45,6.3709,6.3573,1.5251,0.0
DHARAN-001,2026-06-22 16:00:00+05:45,6.9022,6.8825,1.6551,0.0
DHARAN-001,2026-06-22 17:00:00+05:45,6.1885,6.178,1.4711,0.0
DHARAN-001,2026-06-22 18:00:00+05:45,12.4901,12.4864,2.9593,0.0
DHARAN-001,2026-06-22 19:00:00+05:45,13.0289,13.0084,3.0856,0.0
DHARAN-001,2026-06-22 20:00:00+05:45,11.9928,11.9839,2.8676,0.0
DHARAN-001,2026-06-22 21:00:00+05:45,12.8036,12.7988,3.0463,0.0
DHARAN-001,2026-06-22 22:00:00+05:45,12.2426,12.2291,2.9226,0.0
DHARAN-001,2026-06-22 23:00:00+05:45,7.4835,7.4763,1.7907,0.0
DHARAN-001,2026-06-23 00:00:00+05:45,5.9748,5.9601,1.4165,0.0
DHARAN-001,2026-06-23 01:00:00+05:45,6.0543,6.0456,1.445,0.0
DHARAN-001,2026-06-23 02:00:00+05:45,6.777,6.7576,1.588,0.0
DHARAN-001,2026-06-23 03:00:00+05:45,6.447,6.4428,1.5413,0.0
DHARAN-001,2026-06-23 04:00:00+05:45,6.9175,6.9062,1.6405,0.0
DHARAN-001,2026-06-23 05:00:00+05:45,7.1329,7.1117,1.6981,0.0
DHARAN-001,2026-06-23 06:00:00+05:45,11.227,11.2197,2.6748,0.0
DHARAN-001,2026-06-23 07:00:00+05:45,11.0452,11.0342,2.6218,0.0
DHARAN-001,2026-06-23 08:00:00+05:45,11.2632,11.2419,2.692,0.0
DHARAN-001,2026-06-23 09:00:00+05:45,11.1945,11.1813,2.6768,0.0
DHARAN-001,2026-06-23 10:00:00+05:45,6.9396,6.9332,1.6643,0.0
DHARAN-001,2026-06-23 11:00:00+05:45,6.5708,6.5612,1.5442,0.0
DHARAN-001,2026-06-23 12:00:00+05:45,6.7805,6.7702,1.6119,0.0
DHARAN-001,2026-06-23 13:00:00+05:45,6.5838,6.5717,1.5718,0.0
DHARAN-001,2026-06-23 14:00:00+05:45,5.6822,5.66,1.3531,0.0
DHARAN-001,2026-06-23 15:00:00+05:45,6.5931,6.5734,1.5594,0.0
DHARAN-001,2026-06-23 16:00:00+05:45,6.4654,6.4543,1.5454,0.0
DHARAN-001,2026-06-23 17:00:00+05:45,5.7687,5.7525,1.376,0.0
DHARAN-001,2026-06-23 18:00:00+05:45,13.6007,13.5926,3.2332,0.0
DHARAN-001,2026-06-23 19:00:00+05:45,11.9813,11.9598,2.8547,0.0
DHARAN-001,2026-06-23 20:00:00+05:45,12.6255,12.6119,3.0009,0.0
DHARAN-001,2026-06-23 21:00:00+05:45,13.0125,12.9846,3.1134,0.0
DHARAN-001,2026-06-23 22:00:00+05:45,12.186,12.1732,2.8939,0.0
DHARAN-001,2026-06-23 23:00:00+05:45,6.4525,6.4354,1.5386,0.0
DHARAN-001,2026-06-24 00:00:00+05:45,6.7934,6.7672,1.6074,0.0
DHARAN-001,2026-06-24 01:00:00+05:45,6.7563,6.7405,1.5923,0.0
DHARAN-001,2026-06-24 02:00:00+05:45,7.0807,7.0701,1.6818,0.0
DHARAN-001,2026-06-24 03:00:00+05:45,6.632,6.6172,1.5742,0.0
DHARAN-001,2026-06-24 04:00:00+05:45,6.7632,6.7484,1.602,0.0
DHARAN-001,2026-06-24 05:00:00+05:45,5.1039,5.0913,1.1992,0.0
DHARAN-001,2026-06-24 06:00:00+05:45,10.625,10.6126,2.5405,0.0
DHARAN-001,2026-06-24 07:00:00+05:45,10.7717,10.7622,2.5717,0.0
DHARAN-001,2026-06-24 08:00:00+05:45,11.4331,11.4115,2.7028,0.0
DHARAN-001,2026-06-24 09:00:00+05:45,11.6355,11.6197,2.774,0.0
DHARAN-001,2026-06-24 10:00:00+05:45,6.7091,6.6975,1.6037,0.0
DHARAN-001,2026-06-24 11:00:00+05:45,6.9948,6.9793,1.655,0.0
DHARAN-001,2026-06-24 12:00:00+05:45,5.9063,5.9028,1.4091,0.0
DHARAN-001,2026-06-24 13:00:00+05:45,6.5686,6.5558,1.5615,0.0
DHARAN-001,2026-06-24 14:00:00+05:45,6.659,6.6419,1.5815,0.0
DHARAN-001,2026-06-24 15:00:00+05:45,5.9048,5.8865,1.4083,0.0
DHARAN-001,2026-06-24 16:00:00+05:45,7.3053,7.2859,1.7419,0.0
DHARAN-001,2026-06-24 17:00:00+05:45,6.9552,6.931,1.6579,0.0
DHARAN-001,2026-06-24 18:00:00+05:45,13.3761,13.3574,3.1716,0.0
DHARAN-001,2026-06-24 19:00:00+05:45,13.8799,13.8479,3.3106,0.0
DHARAN-001,2026-06-24 20:00:00+05:45,13.1558,13.1434,3.1196,0.0
DHARAN-001,2026-06-24 21:00:00+05:45,13.1977,13.1914,3.1287,0.0
DHARAN-001,2026-06-24 22:00:00+05:45,12.547,12.5334,3.0078,0.0
DHARAN-001,2026-06-24 23:00:00+05:45,6.1005,6.0621,1.4546,0.0
DHARAN-001,2026-06-25 00:00:00+05:45,7.3287,7.3092,1.7586,0.0
DHARAN-001,2026-06-25 01:00:00+05:45,6.9096,6.8932,1.6484,0.0
DHARAN-001,2026-06-25 02:00:00+05:45,6.6057,6.599,1.5856,0.0
DHARAN-001,2026-06-25 03:00:00+05:45,6.6113,6.602,1.5732,0.0
DHARAN-001,2026-06-25 04:00:00+05:45,6.1165,6.0945,1.4572,0.0
DHARAN-001,2026-06-25 05:00:00+05:45,6.5469,6.5374,1.5433,0.0
DHARAN-001,2026-06-25 06:00:00+05:45,11.168,11.1483,2.6624,0.0
DHARAN-001,2026-06-25 07:00:00+05:45,10.768,10.7666,2.5455,0.0
DHARAN-001,2026-06-25 08:00:00+05:45,11.9531,11.9336,2.8451,0.0
DHARAN-001,2026-06-25 09:00:00+05:45,11.7918,11.7826,2.7994,0.0
DHARAN-001,2026-06-25 10:00:00+05:45,6.8976,6.8897,1.6245,0.0
DHARAN-001,2026-06-25 11:00:00+05:45,7.6036,7.5921,1.8067,0.0
DHARAN-001,2026-06-25 12:00:00+05:45,6.0614,6.0607,1.4453,0.0
DHARAN-001,2026-06-25 13:00:00+05:45,6.3007,6.2943,1.5027,0.0
DHARAN-001,2026-06-25 14:00:00+05:45,6.8887,6.8787,1.6422,0.0
DHARAN-001,2026-06-25 15:00:00+05:45,6.3707,6.3552,1.5135,0.0
DHARAN-001,2026-06-25 16:00:00+05:45,6.1722,6.1576,1.4684,0.0
DHARAN-001,2026-06-25 17:00:00+05:45,5.9347,5.915,1.4158,0.0
DHARAN-001,2026-06-25 18:00:00+05:45,12.9941,12.9737,3.096,0.0
DHARAN-001,2026-06-25 19:00:00+05:45,12.1831,12.1701,2.9098,0.0
DHARAN-001,2026-06-25 20:00:00+05:45,13.4763,13.4635,3.2071,0.0
DHARAN-001,2026-06-25 21:00:00+05:45,13.4817,13.4489,3.2127,0.0
DHARAN-001,2026-06-25 22:00:00+05:45,12.4168,12.4032,2.966,0.0
DHARAN-001,2026-06-25 23:00:00+05:45,6.3627,6.3268,1.5226,0.0
DHARAN-001,2026-06-26 00:00:00+05:45,6.6997,6.6884,1.5907,0.0
DHARAN-001,2026-06-26 01:00:00+05:45,6.2704,6.2688,1.4832,0.0
DHARAN-001,2026-06-26 02:00:00+05:45,5.9346,5.9088,1.4154,0.0
DHARAN-001,2026-06-26 03:00:00+05:45,6.3484,6.3332,1.5076,0.0
DHARAN-001,2026-06-26 04:00:00+05:45,7.1104,7.0895,1.7081,0.0
DHARAN-001,2026-06-26 05:00:00+05:45,6.4573,6.4488,1.5286,0.0
DHARAN-001,2026-06-26 06:00:00+05:45,11.093,11.0861,2.6422,0.0
DHARAN-001,2026-06-26 07:00:00+05:45,10.4163,10.4003,2.4856,0.0
DHARAN-001,2026-06-26 08:00:00+05:45,10.6902,10.6901,2.5484,0.0
DHARAN-001,2026-06-26 09:00:00+05:45,10.939,10.9183,2.5948,0.0
DHARAN-001,2026-06-26 10:00:00+05:45,6.4864,6.4781,1.5421,0.0
DHARAN-001,2026-06-26 11:00:00+05:45,7.4219,7.4056,1.7474,0.0
DHARAN-001,2026-06-26 12:00:00+05:45,7.799,7.794,1.8634,0.0
DHARAN-001,2026-06-26 13:00:00+05:45,6.1541,6.1206,1.4673,0.0
DHARAN-001,2026-06-26 14:00:00+05:45,6.3444,6.3366,1.5188,0.0
DHARAN-001,2026-06-26 15:00:00+05:45,7.135,7.1238,1.6893,0.0
DHARAN-001,2026-06-26 16:00:00+05:45,5.53,5.5012,1.3274,0.0
DHARAN-001,2026-06-26 17:00:00+05:45,6.8703,6.8403,1.6352,0.0
DHARAN-001,2026-06-26 18:00:00+05:45,13.7005,13.6857,3.2624,0.0
DHARAN-001,2026-06-26 19:00:00+05:45,12.4102,12.4071,2.9575,0.0
DHARAN-001,2026-06-26 20:00:00+05:45,11.8949,11.8712,2.8485,0.0
DHARAN-001,2026-06-26 21:00:00+05:45,12.006,11.9969,2.84,0.0
DHARAN-001,2026-06-26 22:00:00+05:45,13.576,13.5735,3.2359,0.0
DHARAN-001,2026-06-26 23:00:00+05:45,7.2236,7.2158,1.7066,0.0
DHARAN-001,2026-06-27 00:00:00+05:45,6.3171,6.3031,1.5127,0.0
DHARAN-001,2026-06-27 01:00:00+05:45,6.5608,6.5603,1.5654,0.0
DHARAN-001,2026-06-27 02:00:00+05:45,6.2559,6.2425,1.4828,0.0
DHARAN-001,2026-06-27 03:00:00+05:45,6.3182,6.3081,1.5132,0.0
DHARAN-001,2026-06-27 04:00:00+05:45,7.185,7.1643,1.7216,0.0
DHARAN-001,2026-06-27 05:00:00+05:45,6.554,6.5449,1.5581,0.0
DHARAN-001,2026-06-27 06:00:00+05:45,10.9073,10.8965,2.597,0.0
DHARAN-001,2026-06-27 07:00:00+05:45,11.2702,11.2378,2.679,0.0
DHARAN-001,2026-06-27 08:00:00+05:45,11.1486,11.1243,2.6726,0.0
DHARAN-001,2026-06-27 09:00:00+05:45,11.0626,11.0358,2.6148,0.0
DHARAN-001,2026-06-27 10:00:00+05:45,6.2947,6.2845,1.4919,0.0
DHARAN-001,2026-06-27 11:00:00+05:45,6.5489,6.525,1.5528,0.0
DHARAN-001,2026-06-27 12:00:00+05:45,6.9747,6.9398,1.6599,0.0
DHARAN-001,2026-06-27 13:00:00+05:45,6.2722,6.2686,1.5087,0.0
DHARAN-001,2026-06-27 14:00:00+05:45,7.2603,7.2441,1.7294,0.0
DHARAN-001,2026-06-27 15:00:00+05:45,6.229,6.2203,1.4874,0.0
DHARAN-001,2026-06-27 16:00:00+05:45,6.7541,6.7356,1.609,0.0
DHARAN-001,2026-06-27 17:00:00+05:45,6.6745,6.6712,1.5932,0.0
DHARAN-001,2026-06-27 18:00:00+05:45,12.057,12.0301,2.8419,0.0
DHARAN-001,2026-06-27 19:00:00+05:45,13.3634,13.3484,3.1882,0.0
DHARAN-001,2026-06-27 20:00:00+05:45,12.2515,12.2413,2.9295,0.0
DHARAN-001,2026-06-27 21:00:00+05:45,13.417,13.4098,3.1865,0.0
DHARAN-001,2026-06-27 22:00:00+05:45,12.5863,12.5758,2.9896,0.0
DHARAN-001,2026-06-27 23:00:00+05:45,6.5767,6.5586,1.5621,0.0
DHARAN-001,2026-06-28 00:00:00+05:45,6.6224,6.6118,1.583,0.0
DHARAN-001,2026-06-28 01:00:00+05:45,5.8867,5.8726,1.4165,0.0
DHARAN-001,2026-06-28 02:00:00+05:45,6.8767,6.8595,1.6505,0.0
DHARAN-001,2026-06-28 03:00:00+05:45,6.8425,6.8296,1.6467,0.0
DHARAN-001,2026-06-28 04:00:00+05:45,7.3723,7.3722,1.75,0.0
DHARAN-001,2026-06-28 05:00:00+05:45,6.8224,6.8019,1.6315,0.0
DHARAN-001,2026-06-28 06:00:00+05:45,10.7349,10.7242,2.5564,0.0
DHARAN-001,2026-06-28 07:00:00+05:45,11.0638,11.0505,2.6396,0.0
DHARAN-001,2026-06-28 08:00:00+05:45,10.512,10.4956,2.4982,0.0
DHARAN-001,2026-06-28 09:00:00+05:45,10.3098,10.2962,2.4453,0.0
DHARAN-001,2026-06-28 10:00:00+05:45,6.6326,6.615,1.5719,0.0
DHARAN-001,2026-06-28 11:00:00+05:45,7.096,7.0728,1.6923,0.0
DHARAN-001,2026-06-28 12:00:00+05:45,6.6028,6.5845,1.5673,0.0
DHARAN-001,2026-06-28 13:00:00+05:45,7.1747,7.1632,1.7014,0.0
DHARAN-001,2026-06-28 14:00:00+05:45,6.1953,6.1864,1.4755,0.0
DHARAN-001,2026-06-28 15:00:00+05:45,5.9051,5.9025,1.4262,0.0
DHARAN-001,2026-06-28 16:00:00+05:45,7.4949,7.4647,1.7907,0.0
DHARAN-001,2026-06-28 17:00:00+05:45,6.7217,6.7187,1.6009,0.0
DHARAN-001,2026-06-28 18:00:00+05:45,12.793,12.7656,3.0279,0.0
DHARAN-001,2026-06-28 19:00:00+05:45,12.8072,12.7999,3.0603,0.0
DHARAN-001,2026-06-28 20:00:00+05:45,12.3364,12.3083,2.9251,0.0
DHARAN-001,2026-06-28 21:00:00+05:45,12.8016,12.7742,3.0509,0.0
DHARAN-001,2026-06-28 22:00:00+05:45,12.2238,12.2051,2.9099,0.0
DHARAN-001,2026-06-28 23:00:00+05:45,6.0602,6.0509,1.449,0.0
DHARAN-001,2026-06-29 00:00:00+05:45,7.3111,7.2952,1.7225,0.0
DHARAN-001,2026-06-29 01:00:00+05:45,6.3613,6.3463,1.5203,0.0
DHARAN-001,2026-06-29 02:00:00+05:45,6.2393,6.221,1.4865,0.0
DHARAN-001,2026-06-29 03:00:00+05:45,6.3086,6.2951,1.5039,0.0
DHARAN-001,2026-06-29 04:00:00+05:45,6.3428,6.3217,1.5144,0.0
DHARAN-001,2026-06-29 05:00:00+05:45,5.691,5.6749,1.34,0.0
DHARAN-001,2026-06-29 06:00:00+05:45,11.4213,11.412,2.7125,0.0
DHARAN-001,2026-06-29 07:00:00+05:45,10.5827,10.5697,2.5295,0.0
DHARAN-001,2026-06-29 08:00:00+05:45,11.4139,11.394,2.7232,0.0
DHARAN-001,2026-06-29 09:00:00+05:45,9.876,9.8517,2.3551,0.0
DHARAN-001,2026-06-29 10:00:00+05:45,6.4012,6.3914,1.532,0.0
DHARAN-001,2026-06-29 11:00:00+05:45,4.9539,4.9304,1.1891,0.0
DHARAN-001,2026-06-29 12:00:00+05:45,6.2083,6.2046,1.4826,0.0
DHARAN-001,2026-06-29 13:00:00+05:45,5.7462,5.7262,1.3568,0.0
DHARAN-001,2026-06-29 14:00:00+05:45,5.8414,5.8266,1.3968,0.0
DHARAN-001,2026-06-29 15:00:00+05:45,5.8375,5.8238,1.409,0.0
DHARAN-001,2026-06-29 16:00:00+05:45,6.8328,6.8108,1.6212,0.0
DHARAN-001,2026-06-29 17:00:00+05:45,5.7398,5.727,1.3661,0.0
DHARAN-001,2026-06-29 18:00:00+05:45,12.6625,12.6528,3.0169,0.0
DHARAN-001,2026-06-29 19:00:00+05:45,11.2405,11.2228,2.6652,0.0
DHARAN-001,2026-06-29 20:00:00+05:45,11.9858,11.9744,2.8493,0.0
DHARAN-001,2026-06-29 21:00:00+05:45,12.4731,12.4538,2.9771,0.0
DHARAN-001,2026-06-29 22:00:00+05:45,12.268,12.2439,2.9314,0.0
DHARAN-001,2026-06-29 23:00:00+05:45,6.4244,6.4039,1.531,0.0
DHARAN-002,2026-01-01 00:00:00+05:45,2.9166,2.8992,0.6989,249.3011
DHARAN-002,2026-01-01 01:00:00+05:45,2.5038,2.4948,0.594,248.7071
DHARAN-002,2026-01-01 02:00:00+05:45,3.7248,3.7065,0.8817,247.8254
DHARAN-002,2026-01-01 03:00:00+05:45,2.4578,2.4522,0.5862,247.2393
DHARAN-002,2026-01-01 04:00:00+05:45,3.1606,3.1579,0.7746,246.4647
DHARAN-002,2026-01-01 05:00:00+05:45,3.8858,3.8737,0.9217,245.543
DHARAN-002,2026-01-01 06:00:00+05:45,5.0607,5.0441,1.2153,244.3277
DHARAN-002,2026-01-01 07:00:00+05:45,5.4507,5.4372,1.2831,243.0447
DHARAN-002,2026-01-01 08:00:00+05:45,5.5361,5.524,1.3313,241.7133
DHARAN-002,2026-01-01 09:00:00+05:45,5.6364,5.6252,1.3455,240.3678
DHARAN-002,2026-01-01 10:00:00+05:45,3.4972,3.481,0.8182,239.5496
DHARAN-002,2026-01-01 11:00:00+05:45,3.8733,3.8497,0.9163,238.6333
DHARAN-002,2026-01-01 12:00:00+05:45,2.9562,2.9428,0.7058,237.9274
DHARAN-002,2026-01-01 13:00:00+05:45,3.5788,3.5628,0.8446,237.0829
DHARAN-002,2026-01-01 14:00:00+05:45,3.6911,3.669,0.8842,236.1987
DHARAN-002,2026-01-01 15:00:00+05:45,3.8109,3.7948,0.9009,235.2978
DHARAN-002,2026-01-01 16:00:00+05:45,3.5956,3.579,0.8646,234.4332
DHARAN-002,2026-01-01 17:00:00+05:45,3.3701,3.3513,0.8151,233.6181
DHARAN-002,2026-01-01 18:00:00+05:45,5.7335,5.7182,1.3692,232.2489
DHARAN-002,2026-01-01 19:00:00+05:45,6.015,5.9995,1.4314,230.8176
DHARAN-002,2026-01-01 20:00:00+05:45,5.9894,5.9805,1.4206,229.3969
DHARAN-002,2026-01-01 21:00:00+05:45,7.5288,7.5231,1.7936,227.6033
DHARAN-002,2026-01-01 22:00:00+05:45,5.9298,5.9181,1.4009,226.2024
DHARAN-002,2026-01-01 23:00:00+05:45,2.6186,2.6069,0.6153,225.587
DHARAN-002,2026-01-02 00:00:00+05:45,3.6385,3.6214,0.8574,224.7296
DHARAN-002,2026-01-02 01:00:00+05:45,4.4103,4.4019,1.0665,223.6631
DHARAN-002,2026-01-02 02:00:00+05:45,3.2332,3.2039,0.7483,222.9148
DHARAN-002,2026-01-02 03:00:00+05:45,3.8895,3.88,0.9336,221.9812
DHARAN-002,2026-01-02 04:00:00+05:45,2.8229,2.7959,0.6796,221.3016
DHARAN-002,2026-01-02 05:00:00+05:45,3.1445,3.1233,0.7497,220.5519
DHARAN-002,2026-01-02 06:00:00+05:45,4.7257,4.7195,1.1247,219.4272
DHARAN-002,2026-01-02 07:00:00+05:45,5.3902,5.3803,1.289,218.1382
DHARAN-002,2026-01-02 08:00:00+05:45,5.6846,5.6714,1.3514,216.7869
DHARAN-002,2026-01-02 09:00:00+05:45,5.7141,5.6937,1.3688,215.4181
DHARAN-002,2026-01-02 10:00:00+05:45,3.1485,3.1399,0.7543,214.6638
DHARAN-002,2026-01-02 11:00:00+05:45,3.225,3.2105,0.75,213.9138
DHARAN-002,2026-01-02 12:00:00+05:45,2.7318,2.7205,0.6417,213.2721
DHARAN-002,2026-01-02 13:00:00+05:45,3.3906,3.3653,0.8131,212.4591
DHARAN-002,2026-01-02 14:00:00+05:45,3.03,3.0234,0.7081,211.751
DHARAN-002,2026-01-02 15:00:00+05:45,3.1802,3.1638,0.7439,211.0071
DHARAN-002,2026-01-02 16:00:00+05:45,4.4059,4.3888,1.0516,209.9555
DHARAN-002,2026-01-02 17:00:00+05:45,4.1714,4.1695,1.0076,208.9479
DHARAN-002,2026-01-02 18:00:00+05:45,6.0116,6.0095,1.4236,207.5243
DHARAN-002,2026-01-02 19:00:00+05:45,6.702,6.6709,1.5907,205.9336
DHARAN-002,2026-01-02 20:00:00+05:45,6.9215,6.8956,1.6445,204.2891
DHARAN-002,2026-01-02 21:00:00+05:45,6.6332,6.6274,1.5837,202.7054
DHARAN-002,2026-01-02 22:00:00+05:45,6.0914,6.075,1.4507,201.2547
DHARAN-002,2026-01-02 23:00:00+05:45,2.1869,2.1717,0.5228,200.7319
DHARAN-002,2026-01-03 00:00:00+05:45,3.6128,3.5963,0.8447,199.8872
DHARAN-002,2026-01-03 01:00:00+05:45,2.7407,2.7202,0.6699,199.2173
DHARAN-002,2026-01-03 02:00:00+05:45,2.8685,2.8423,0.6747,198.5426
DHARAN-002,2026-01-03 03:00:00+05:45,2.5157,2.4904,0.5937,197.9489
DHARAN-002,2026-01-03 04:00:00+05:45,3.7015,3.6934,0.9013,197.0476
DHARAN-002,2026-01-03 05:00:00+05:45,2.6475,2.6292,0.6254,196.4223
DHARAN-002,2026-01-03 06:00:00+05:45,4.1903,4.1689,1.0006,195.4217
DHARAN-002,2026-01-03 07:00:00+05:45,5.6425,5.6304,1.3421,194.0796
DHARAN-002,2026-01-03 08:00:00+05:45,5.0277,5.0123,1.1972,192.8824
DHARAN-002,2026-01-03 09:00:00+05:45,5.9,5.8843,1.3981,191.4843
DHARAN-002,2026-01-03 10:00:00+05:45,3.8086,3.8052,0.9104,190.5739
DHARAN-002,2026-01-03 11:00:00+05:45,3.5173,3.4983,0.8362,189.7377
DHARAN-002,2026-01-03 12:00:00+05:45,2.7061,2.6855,0.6273,189.1104
DHARAN-002,2026-01-03 13:00:00+05:45,3.0892,3.0656,0.7444,188.366
DHARAN-002,2026-01-03 14:00:00+05:45,2.807,2.7969,0.6468,187.7192
DHARAN-002,2026-01-03 15:00:00+05:45,4.1316,4.1039,0.9855,186.7337
DHARAN-002,2026-01-03 16:00:00+05:45,2.9022,2.8807,0.6908,186.0429
DHARAN-002,2026-01-03 17:00:00+05:45,3.6495,3.6384,0.8584,185.1844
DHARAN-002,2026-01-03 18:00:00+05:45,6.4727,6.4633,1.5292,183.6552
DHARAN-002,2026-01-03 19:00:00+05:45,6.6598,6.6432,1.5878,182.0675
DHARAN-002,2026-01-03 20:00:00+05:45,6.3911,6.3782,1.5292,180.5383
DHARAN-002,2026-01-03 21:00:00+05:45,6.4489,6.4214,1.5364,179.0018
DHARAN-002,2026-01-03 22:00:00+05:45,6.9006,6.8917,1.6402,177.3616
DHARAN-002,2026-01-03 23:00:00+05:45,2.9354,2.9285,0.6801,176.6815
DHARAN-002,2026-01-04 00:00:00+05:45,3.3436,3.3311,0.7927,175.8888
DHARAN-002,2026-01-04 01:00:00+05:45,2.7353,2.7247,0.6587,175.2301
DHARAN-002,2026-01-04 02:00:00+05:45,2.9673,2.9524,0.6939,174.5362
DHARAN-002,2026-01-04 03:00:00+05:45,3.0121,2.9917,0.7161,173.8201
DHARAN-002,2026-01-04 04:00:00+05:45,3.1342,3.1294,0.7376,173.0824
DHARAN-002,2026-01-04 05:00:00+05:45,3.8618,3.8472,0.9196,172.1628
DHARAN-002,2026-01-04 06:00:00+05:45,5.1637,5.162,1.2411,170.9217
DHARAN-002,2026-01-04 07:00:00+05:45,5.2011,5.1938,1.2328,169.6889
DHARAN-002,2026-01-04 08:00:00+05:45,4.7453,4.7334,1.1385,168.5505
DHARAN-002,2026-01-04 09:00:00+05:45,5.3828,5.3595,1.2828,167.2676
DHARAN-002,2026-01-04 10:00:00+05:45,3.9816,3.9796,0.9289,166.3387
DHARAN-002,2026-01-04 11:00:00+05:45,2.8684,2.857,0.6763,165.6624
DHARAN-002,2026-01-04 12:00:00+05:45,3.7139,3.6863,0.8823,164.7801
DHARAN-002,2026-01-04 13:00:00+05:45,3.8398,3.8281,0.9041,163.876
DHARAN-002,2026-01-04 14:00:00+05:45,3.2105,3.2075,0.7673,163.1087
DHARAN-002,2026-01-04 15:00:00+05:45,4.0434,4.0311,0.9556,162.1531
DHARAN-002,2026-01-04 16:00:00+05:45,3.9041,3.9038,0.9356,161.2175
DHARAN-002,2026-01-04 17:00:00+05:45,3.7284,3.7149,0.8999,160.3176
DHARAN-002,2026-01-04 18:00:00+05:45,6.4993,6.4775,1.5438,158.7739
DHARAN-002,2026-01-04 19:00:00+05:45,6.6948,6.6861,1.5888,157.1851
DHARAN-002,2026-01-04 20:00:00+05:45,6.4681,6.4406,1.5544,155.6307
DHARAN-002,2026-01-04 21:00:00+05:45,5.6593,5.6548,1.3507,154.28
DHARAN-002,2026-01-04 22:00:00+05:45,6.0125,6.0018,1.4314,152.8486
DHARAN-002,2026-01-04 23:00:00+05:45,3.8576,3.8463,0.9163,151.9323
DHARAN-002,2026-01-05 00:00:00+05:45,3.2533,3.231,0.763,151.1693
DHARAN-002,2026-01-05 01:00:00+05:45,2.6706,2.6518,0.6423,150.5269
DHARAN-002,2026-01-05 02:00:00+05:45,3.4079,3.3869,0.8214,149.7055
DHARAN-002,2026-01-05 03:00:00+05:45,2.875,2.8557,0.6721,149.0334
DHARAN-002,2026-01-05 04:00:00+05:45,2.6801,2.6695,0.6432,148.3903
DHARAN-002,2026-01-05 05:00:00+05:45,3.3442,3.3384,0.7982,147.5921
DHARAN-002,2026-01-05 06:00:00+05:45,4.8813,4.864,1.157,146.4351
DHARAN-002,2026-01-05 07:00:00+05:45,5.6261,5.616,1.337,145.0981
DHARAN-002,2026-01-05 08:00:00+05:45,5.7563,5.7319,1.3464,143.7518
DHARAN-002,2026-01-05 09:00:00+05:45,5.3958,5.3879,1.2897,142.4621
DHARAN-002,2026-01-05 10:00:00+05:45,3.8419,3.8312,0.9072,141.5548
DHARAN-002,2026-01-05 11:00:00+05:45,2.504,2.4855,0.6072,140.9476
DHARAN-002,2026-01-05 12:00:00+05:45,3.2544,3.2387,0.7683,140.1794
DHARAN-002,2026-01-05 13:00:00+05:45,3.7738,3.7522,0.895,139.2843
DHARAN-002,2026-01-05 14:00:00+05:45,2.1692,2.1571,0.5282,138.7561
DHARAN-002,2026-01-05 15:00:00+05:45,3.8911,3.8774,0.9085,137.8476
DHARAN-002,2026-01-05 16:00:00+05:45,2.8854,2.8635,0.7056,137.1419
DHARAN-002,2026-01-05 17:00:00+05:45,3.1128,3.1038,0.713,136.429
DHARAN-002,2026-01-05 18:00:00+05:45,7.471,7.4642,1.7717,134.6573
DHARAN-002,2026-01-05 19:00:00+05:45,6.5279,6.5147,1.5469,133.1104
DHARAN-002,2026-01-05 20:00:00+05:45,6.835,6.8152,1.6196,131.4908
DHARAN-002,2026-01-05 21:00:00+05:45,6.3247,6.3103,1.5171,129.9737
DHARAN-002,2026-01-05 22:00:00+05:45,6.3937,6.3774,1.5402,128.4335
DHARAN-002,2026-01-05 23:00:00+05:45,3.1711,3.1588,0.7674,127.6661
DHARAN-002,2026-01-06 00:00:00+05:45,3.1918,3.1751,0.7416,126.9246
DHARAN-002,2026-01-06 01:00:00+05:45,3.7893,3.7892,0.9033,126.0212
DHARAN-002,2026-01-06 02:00:00+05:45,3.5843,3.572,0.8597,125.1615
DHARAN-002,2026-01-06 03:00:00+05:45,2.744,2.7205,0.6526,124.5089
DHARAN-002,2026-01-06 04:00:00+05:45,3.8053,3.7765,0.8909,123.618
DHARAN-002,2026-01-06 05:00:00+05:45,2.1929,2.1924,0.5335,123.0845
DHARAN-002,2026-01-06 06:00:00+05:45,5.8528,5.8417,1.4001,121.6843
DHARAN-002,2026-01-06 07:00:00+05:45,5.4682,5.4651,1.2983,120.386
DHARAN-002,2026-01-06 08:00:00+05:45,4.9276,4.9031,1.1732,119.2128
DHARAN-002,2026-01-06 09:00:00+05:45,5.5176,5.5154,1.3213,117.8916
DHARAN-002,2026-01-06 10:00:00+05:45,3.7225,3.7167,0.8933,116.9982
DHARAN-002,2026-01-06 11:00:00+05:45,2.3497,2.3424,0.5732,116.4251
DHARAN-002,2026-01-06 12:00:00+05:45,3.1031,3.0866,0.7503,115.6747
DHARAN-002,2026-01-06 13:00:00+05:45,3.2365,3.2351,0.7494,114.9253
DHARAN-002,2026-01-06 14:00:00+05:45,3.3601,3.3534,0.7984,114.1269
DHARAN-002,2026-01-06 15:00:00+05:45,3.3506,3.3348,0.7904,113.3365
DHARAN-002,2026-01-06 16:00:00+05:45,3.8825,3.8742,0.9451,112.3914
DHARAN-002,2026-01-06 17:00:00+05:45,4.0517,4.0324,0.956,111.4354
DHARAN-002,2026-01-06 18:00:00+05:45,6.9249,6.9035,1.667,109.7683
DHARAN-002,2026-01-06 19:00:00+05:45,6.8901,6.8541,1.6468,108.1215
DHARAN-002,2026-01-06 20:00:00+05:45,6.3913,6.3732,1.5426,106.5789
DHARAN-002,2026-01-06 21:00:00+05:45,6.0638,6.0444,1.4327,105.1463
DHARAN-002,2026-01-06 22:00:00+05:45,6.1388,6.1162,1.4473,103.699
DHARAN-002,2026-01-06 23:00:00+05:45,2.8484,2.8293,0.6796,103.0193
DHARAN-002,2026-01-07 00:00:00+05:45,3.0748,3.0595,0.7353,102.284
DHARAN-002,2026-01-07 01:00:00+05:45,2.6453,2.6284,0.6511,101.6329
DHARAN-002,2026-01-07 02:00:00+05:45,2.2297,2.2288,0.5403,101.0926
DHARAN-002,2026-01-07 03:00:00+05:45,2.458,2.4448,0.5812,100.5114
DHARAN-002,2026-01-07 04:00:00+05:45,3.0889,3.0792,0.748,99.7634
DHARAN-002,2026-01-07 05:00:00+05:45,3.4594,3.4379,0.8242,98.9392
DHARAN-002,2026-01-07 06:00:00+05:45,6.0384,6.0382,1.4401,97.4991
DHARAN-002,2026-01-07 07:00:00+05:45,5.1768,5.168,1.2335,96.2656
DHARAN-002,2026-01-07 08:00:00+05:45,5.0333,4.9989,1.1977,95.0679
DHARAN-002,2026-01-07 09:00:00+05:45,5.3159,5.3114,1.2657,93.8022
DHARAN-002,2026-01-07 10:00:00+05:45,3.9335,3.912,0.9282,92.874
DHARAN-002,2026-01-07 11:00:00+05:45,3.94,3.9275,0.9422,91.9318
DHARAN-002,2026-01-07 12:00:00+05:45,4.1589,4.1561,0.9842,90.9476
DHARAN-002,2026-01-07 13:00:00+05:45,3.4778,3.4556,0.8336,90.114
DHARAN-002,2026-01-07 14:00:00+05:45,3.4079,3.3908,0.828,89.286
DHARAN-002,2026-01-07 15:00:00+05:45,3.3925,3.3729,0.8043,88.4818
DHARAN-002,2026-01-07 16:00:00+05:45,4.0423,4.0271,0.9585,87.5232
DHARAN-002,2026-01-07 17:00:00+05:45,3.9401,3.9178,0.9168,86.6065
DHARAN-002,2026-01-07 18:00:00+05:45,6.5012,6.4842,1.5438,85.0627
DHARAN-002,2026-01-07 19:00:00+05:45,6.476,6.4669,1.5213,83.5414
DHARAN-002,2026-01-07 20:00:00+05:45,6.957,6.9539,1.6576,81.8838
DHARAN-002,2026-01-07 21:00:00+05:45,6.2632,6.2436,1.4965,80.3873
DHARAN-002,2026-01-07 22:00:00+05:45,6.3851,6.3584,1.53,78.8573
DHARAN-002,2026-01-07 23:00:00+05:45,3.8847,3.8678,0.9098,77.9475
DHARAN-002,2026-01-08 00:00:00+05:45,3.2819,3.2716,0.7747,77.1728
DHARAN-002,2026-01-08 01:00:00+05:45,3.3303,3.327,0.7946,76.3782
DHARAN-002,2026-01-08 02:00:00+05:45,3.3184,3.3053,0.7943,75.5839
DHARAN-002,2026-01-08 03:00:00+05:45,3.506,3.4978,0.8227,74.7612
DHARAN-002,2026-01-08 04:00:00+05:45,3.0716,3.0632,0.7386,74.0226
DHARAN-002,2026-01-08 05:00:00+05:45,2.9643,2.9446,0.7077,73.315
DHARAN-002,2026-01-08 06:00:00+05:45,5.6813,5.6559,1.3628,71.9522
DHARAN-002,2026-01-08 07:00:00+05:45,6.002,5.9772,1.4376,70.5146
DHARAN-002,2026-01-08 08:00:00+05:45,5.7206,5.7027,1.3635,69.1511
DHARAN-002,2026-01-08 09:00:00+05:45,5.5709,5.5544,1.3212,67.8299
DHARAN-002,2026-01-08 10:00:00+05:45,3.0207,3.0015,0.7385,67.0913
DHARAN-002,2026-01-08 11:00:00+05:45,3.1146,3.0957,0.7342,66.3572
DHARAN-002,2026-01-08 12:00:00+05:45,3.1375,3.1209,0.7373,65.6199
DHARAN-002,2026-01-08 13:00:00+05:45,3.3488,3.3203,0.7986,64.8213
DHARAN-002,2026-01-08 14:00:00+05:45,2.8994,2.8943,0.6934,64.1279
DHARAN-002,2026-01-08 15:00:00+05:45,3.6148,3.6035,0.8662,63.2616
DHARAN-002,2026-01-08 16:00:00+05:45,3.0138,3.0088,0.717,62.5447
DHARAN-002,2026-01-08 17:00:00+05:45,2.1595,2.1576,0.5098,62.0349
DHARAN-002,2026-01-08 18:00:00+05:45,6.8728,6.8592,1.6215,60.4133
DHARAN-002,2026-01-08 19:00:00+05:45,7.034,7.0062,1.675,58.7383
DHARAN-002,2026-01-08 20:00:00+05:45,6.0555,6.0411,1.4643,57.274
DHARAN-002,2026-01-08 21:00:00+05:45,7.2622,7.2513,1.724,55.55
DHARAN-002,2026-01-08 22:00:00+05:45,6.5846,6.5703,1.5585,53.9915
DHARAN-002,2026-01-08 23:00:00+05:45,4.5748,4.5518,1.0942,52.8973
DHARAN-002,2026-01-09 00:00:00+05:45,3.6278,3.6162,0.8704,52.0269
DHARAN-002,2026-01-09 01:00:00+05:45,3.7907,3.773,0.9012,51.1257
DHARAN-002,2026-01-09 02:00:00+05:45,2.4735,2.4562,0.5827,50.5431
DHARAN-002,2026-01-09 03:00:00+05:45,3.254,3.2423,0.7713,49.7717
DHARAN-002,2026-01-09 04:00:00+05:45,2.9638,2.9525,0.708,49.0637
DHARAN-002,2026-01-09 05:00:00+05:45,4.4073,4.4,1.0407,48.0231
DHARAN-002,2026-01-09 06:00:00+05:45,6.571,6.5558,1.5687,46.4544
DHARAN-002,2026-01-09 07:00:00+05:45,5.9356,5.9225,1.432,45.0224
DHARAN-002,2026-01-09 08:00:00+05:45,5.2813,5.2633,1.2555,43.7669
DHARAN-002,2026-01-09 09:00:00+05:45,5.5182,5.4947,1.315,42.4519
DHARAN-002,2026-01-09 10:00:00+05:45,3.4254,3.4092,0.8152,41.6367
DHARAN-002,2026-01-09 11:00:00+05:45,4.204,4.1931,0.9993,40.6374
DHARAN-002,2026-01-09 12:00:00+05:45,2.2523,2.241,0.5499,40.0875
DHARAN-002,2026-01-09 13:00:00+05:45,3.195,3.1771,0.766,39.3215
DHARAN-002,2026-01-09 14:00:00+05:45,2.9487,2.9288,0.7108,38.6107
DHARAN-002,2026-01-09 15:00:00+05:45,3.9177,3.9007,0.9433,37.6674
DHARAN-002,2026-01-09 16:00:00+05:45,2.2527,2.2424,0.5504,37.117
DHARAN-002,2026-01-09 17:00:00+05:45,3.8126,3.8042,0.9152,36.2018
DHARAN-002,2026-01-09 18:00:00+05:45,6.3997,6.391,1.5234,34.6784
DHARAN-002,2026-01-09 19:00:00+05:45,7.3705,7.3545,1.7574,32.921
DHARAN-002,2026-01-09 20:00:00+05:45,6.1951,6.1702,1.4708,31.4502
DHARAN-002,2026-01-09 21:00:00+05:45,7.188,7.1642,1.7187,29.7315
DHARAN-002,2026-01-09 22:00:00+05:45,6.696,6.6818,1.585,28.1465
DHARAN-002,2026-01-09 23:00:00+05:45,3.215,3.1923,0.7566,27.3899
DHARAN-002,2026-01-10 00:00:00+05:45,4.0689,4.0547,0.9669,26.4231
DHARAN-002,2026-01-10 01:00:00+05:45,1.9676,1.9557,0.4838,25.9392
DHARAN-002,2026-01-10 02:00:00+05:45,2.7494,2.7449,0.6469,25.2924
DHARAN-002,2026-01-10 03:00:00+05:45,3.0007,2.976,0.7188,24.5735
DHARAN-002,2026-01-10 04:00:00+05:45,2.9833,2.9668,0.706,23.8675
DHARAN-002,2026-01-10 05:00:00+05:45,3.7611,3.7463,0.8874,22.9801
DHARAN-002,2026-01-10 06:00:00+05:45,4.6979,4.683,1.1207,21.8594
DHARAN-002,2026-01-10 07:00:00+05:45,5.6767,5.6526,1.3586,20.5008
DHARAN-002,2026-01-10 08:00:00+05:45,5.5321,5.5208,1.3259,19.1748
DHARAN-002,2026-01-10 09:00:00+05:45,6.5606,6.5372,1.5557,17.6191
DHARAN-002,2026-01-10 10:00:00+05:45,2.7193,2.7097,0.654,16.9651
DHARAN-002,2026-01-10 11:00:00+05:45,3.3578,3.3467,0.8011,16.164
DHARAN-002,2026-01-10 12:00:00+05:45,3.0565,3.043,0.7353,15.4286
DHARAN-002,2026-01-10 13:00:00+05:45,3.7723,3.7546,0.9126,14.5161
DHARAN-002,2026-01-10 14:00:00+05:45,3.96,3.9493,0.9446,13.5714
DHARAN-002,2026-01-10 15:00:00+05:45,3.6982,3.6834,0.8899,12.6815
DHARAN-002,2026-01-10 16:00:00+05:45,2.6729,2.6591,0.6542,12.0273
DHARAN-002,2026-01-10 17:00:00+05:45,2.6346,2.6107,0.6274,11.3999
DHARAN-002,2026-01-10 18:00:00+05:45,7.3183,7.2951,1.7416,9.6584
DHARAN-002,2026-01-10 19:00:00+05:45,6.5658,6.5654,1.5669,8.0914
DHARAN-002,2026-01-10 20:00:00+05:45,7.1578,7.1317,1.7142,6.3772
DHARAN-002,2026-01-10 21:00:00+05:45,6.6115,6.594,1.5835,4.7937
DHARAN-002,2026-01-10 22:00:00+05:45,7.5164,7.5055,1.775,3.0187
DHARAN-002,2026-01-10 23:00:00+05:45,2.917,2.9033,0.6936,2.3252
DHARAN-002,2026-01-11 00:00:00+05:45,3.9061,3.9046,0.923,1.4022
DHARAN-002,2026-01-11 01:00:00+05:45,3.4958,3.4805,0.834,0.5682
DHARAN-002,2026-01-11 02:00:00+05:45,3.4452,3.4224,0.8089,0.0
DHARAN-002,2026-01-11 03:00:00+05:45,2.8916,2.8802,0.689,0.0
DHARAN-002,2026-01-11 04:00:00+05:45,2.4198,2.39,0.5772,0.0
DHARAN-002,2026-01-11 05:00:00+05:45,2.408,2.3934,0.5736,0.0
DHARAN-002,2026-01-11 06:00:00+05:45,5.6686,5.665,1.3588,0.0
DHARAN-002,2026-01-11 07:00:00+05:45,4.9205,4.9133,1.1589,0.0
DHARAN-002,2026-01-11 08:00:00+05:45,5.3945,5.3853,1.2644,0.0
DHARAN-002,2026-01-11 09:00:00+05:45,5.7772,5.7541,1.3654,0.0
DHARAN-002,2026-01-11 10:00:00+05:45,2.5722,2.5547,0.6192,0.0
DHARAN-002,2026-01-11 11:00:00+05:45,4.2136,4.2025,1.0105,0.0
DHARAN-002,2026-01-11 12:00:00+05:45,3.5081,3.4876,0.8293,0.0
DHARAN-002,2026-01-11 13:00:00+05:45,2.824,2.8072,0.6774,0.0
DHARAN-002,2026-01-11 14:00:00+05:45,3.8985,3.8836,0.9305,0.0
DHARAN-002,2026-01-11 15:00:00+05:45,2.8293,2.813,0.6559,0.0
DHARAN-002,2026-01-11 16:00:00+05:45,3.8162,3.8005,0.9083,0.0
DHARAN-002,2026-01-11 17:00:00+05:45,2.4296,2.4046,0.599,0.0
DHARAN-002,2026-01-11 18:00:00+05:45,6.4276,6.4226,1.5284,0.0
DHARAN-002,2026-01-11 19:00:00+05:45,5.9674,5.9384,1.4107,0.0
DHARAN-002,2026-01-11 20:00:00+05:45,6.0937,6.0772,1.4445,0.0
DHARAN-002,2026-01-11 21:00:00+05:45,6.3933,6.382,1.5046,0.0
DHARAN-002,2026-01-11 22:00:00+05:45,7.0206,7.0057,1.6679,0.0
DHARAN-002,2026-01-11 23:00:00+05:45,3.9749,3.9607,0.9436,0.0
DHARAN-002,2026-01-12 00:00:00+05:45,4.017,3.9924,0.9445,0.0
DHARAN-002,2026-01-12 01:00:00+05:45,1.33,1.3133,0.3125,0.0
DHARAN-002,2026-01-12 02:00:00+05:45,3.2786,3.2615,0.7748,0.0
DHARAN-002,2026-01-12 03:00:00+05:45,3.6027,3.5757,0.8603,0.0
DHARAN-002,2026-01-12 04:00:00+05:45,3.6861,3.6671,0.8725,0.0
DHARAN-002,2026-01-12 05:00:00+05:45,3.8959,3.8818,0.9179,0.0
DHARAN-002,2026-01-12 06:00:00+05:45,6.0681,6.0378,1.4431,0.0
DHARAN-002,2026-01-12 07:00:00+05:45,6.0903,6.0566,1.456,0.0
DHARAN-002,2026-01-12 08:00:00+05:45,4.5281,4.5187,1.0721,0.0
DHARAN-002,2026-01-12 09:00:00+05:45,6.5208,6.5121,1.5502,0.0
DHARAN-002,2026-01-12 10:00:00+05:45,3.1089,3.0964,0.747,0.0
DHARAN-002,2026-01-12 11:00:00+05:45,3.0761,3.059,0.7396,0.0
DHARAN-002,2026-01-12 12:00:00+05:45,3.4291,3.4274,0.8259,0.0
DHARAN-002,2026-01-12 13:00:00+05:45,3.4498,3.429,0.8163,0.0
DHARAN-002,2026-01-12 14:00:00+05:45,3.6125,3.5895,0.8451,0.0
DHARAN-002,2026-01-12 15:00:00+05:45,4.7465,4.7455,1.1006,0.0
DHARAN-002,2026-01-12 16:00:00+05:45,2.1641,2.1451,0.5153,0.0
DHARAN-002,2026-01-12 17:00:00+05:45,3.2617,3.2489,0.7699,0.0
DHARAN-002,2026-01-12 18:00:00+05:45,6.0085,5.9951,1.4358,0.0
DHARAN-002,2026-01-12 19:00:00+05:45,6.7857,6.773,1.6203,0.0
DHARAN-002,2026-01-12 20:00:00+05:45,6.6594,6.6355,1.5875,0.0
DHARAN-002,2026-01-12 21:00:00+05:45,5.8711,5.8537,1.4087,0.0
DHARAN-002,2026-01-12 22:00:00+05:45,6.5492,6.5234,1.5676,0.0
DHARAN-002,2026-01-12 23:00:00+05:45,4.2169,4.19,1.01,0.0
DHARAN-002,2026-01-13 00:00:00+05:45,2.1142,2.1061,0.4931,0.0
DHARAN-002,2026-01-13 01:00:00+05:45,3.7253,3.7108,0.8961,0.0
DHARAN-002,2026-01-13 02:00:00+05:45,2.8549,2.8253,0.6818,0.0
DHARAN-002,2026-01-13 03:00:00+05:45,3.3018,3.2899,0.766,0.0
DHARAN-002,2026-01-13 04:00:00+05:45,3.9586,3.9459,0.958,0.0
DHARAN-002,2026-01-13 05:00:00+05:45,3.0631,3.0466,0.7147,0.0
DHARAN-002,2026-01-13 06:00:00+05:45,4.4573,4.4504,1.0737,0.0
DHARAN-002,2026-01-13 07:00:00+05:45,6.065,6.0524,1.4364,0.0
DHARAN-002,2026-01-13 08:00:00+05:45,5.3143,5.3083,1.2585,0.0
DHARAN-002,2026-01-13 09:00:00+05:45,5.8076,5.7948,1.3792,0.0
DHARAN-002,2026-01-13 10:00:00+05:45,3.4763,3.4573,0.8267,0.0
DHARAN-002,2026-01-13 11:00:00+05:45,2.624,2.6008,0.6189,0.0
DHARAN-002,2026-01-13 12:00:00+05:45,3.4576,3.4435,0.8175,0.0
DHARAN-002,2026-01-13 13:00:00+05:45,3.7236,3.7178,0.886,0.0
DHARAN-002,2026-01-13 14:00:00+05:45,3.6198,3.6026,0.8774,0.0
DHARAN-002,2026-01-13 15:00:00+05:45,3.0602,3.0439,0.7329,0.0
DHARAN-002,2026-01-13 16:00:00+05:45,2.9348,2.9194,0.6939,0.0
DHARAN-002,2026-01-13 17:00:00+05:45,3.0142,2.9976,0.7049,0.0
DHARAN-002,2026-01-13 18:00:00+05:45,6.7546,6.7284,1.5947,0.0
DHARAN-002,2026-01-13 19:00:00+05:45,6.6601,6.6566,1.5886,0.0
DHARAN-002,2026-01-13 20:00:00+05:45,6.528,6.5101,1.5439,0.0
DHARAN-002,2026-01-13 21:00:00+05:45,4.6787,4.6563,1.1057,0.0
DHARAN-002,2026-01-13 22:00:00+05:45,6.2677,6.2477,1.4829,0.0
DHARAN-002,2026-01-13 23:00:00+05:45,2.9772,2.9723,0.6967,0.0
DHARAN-002,2026-01-14 00:00:00+05:45,3.2367,3.2283,0.7721,0.0
DHARAN-002,2026-01-14 01:00:00+05:45,3.4773,3.4523,0.8155,0.0
DHARAN-002,2026-01-14 02:00:00+05:45,3.5687,3.5644,0.8658,0.0
DHARAN-002,2026-01-14 03:00:00+05:45,3.3542,3.3432,0.7989,0.0
DHARAN-002,2026-01-14 04:00:00+05:45,4.2363,4.217,1.0076,0.0
DHARAN-002,2026-01-14 05:00:00+05:45,3.7719,3.7362,0.8975,0.0
DHARAN-002,2026-01-14 06:00:00+05:45,5.0639,5.0564,1.2115,0.0
DHARAN-002,2026-01-14 07:00:00+05:45,6.3817,6.3711,1.5118,0.0
DHARAN-002,2026-01-14 08:00:00+05:45,5.1821,5.1642,1.2206,0.0
DHARAN-002,2026-01-14 09:00:00+05:45,6.2705,6.2514,1.4936,0.0
DHARAN-002,2026-01-14 10:00:00+05:45,3.3982,3.3843,0.815,0.0
DHARAN-002,2026-01-14 11:00:00+05:45,2.6947,2.6736,0.6369,0.0
DHARAN-002,2026-01-14 12:00:00+05:45,3.7975,3.7835,0.8978,0.0
DHARAN-002,2026-01-14 13:00:00+05:45,4.0897,4.0636,0.9652,0.0
DHARAN-002,2026-01-14 14:00:00+05:45,3.9982,3.9801,0.9532,0.0
DHARAN-002,2026-01-14 15:00:00+05:45,3.6162,3.6102,0.8719,0.0
DHARAN-002,2026-01-14 16:00:00+05:45,2.6126,2.6003,0.6231,0.0
DHARAN-002,2026-01-14 17:00:00+05:45,2.5542,2.54,0.6067,0.0
DHARAN-002,2026-01-14 18:00:00+05:45,7.0564,7.0377,1.6609,0.0
DHARAN-002,2026-01-14 19:00:00+05:45,6.0548,6.0397,1.4355,0.0
DHARAN-002,2026-01-14 20:00:00+05:45,6.2245,6.2132,1.4902,0.0
DHARAN-002,2026-01-14 21:00:00+05:45,6.3226,6.3035,1.4977,0.0
DHARAN-002,2026-01-14 22:00:00+05:45,7.3271,7.3087,1.7381,0.0
DHARAN-002,2026-01-14 23:00:00+05:45,3.076,3.0655,0.7423,0.0
DHARAN-002,2026-01-15 00:00:00+05:45,2.8166,2.8097,0.695,0.0
DHARAN-002,2026-01-15 01:00:00+05:45,4.0941,4.0821,0.9713,0.0
DHARAN-002,2026-01-15 02:00:00+05:45,3.3945,3.3772,0.8268,0.0
DHARAN-002,2026-01-15 03:00:00+05:45,3.9108,3.91,0.9323,0.0
DHARAN-002,2026-01-15 04:00:00+05:45,3.1143,3.0973,0.7293,0.0
DHARAN-002,2026-01-15 05:00:00+05:45,2.6517,2.6467,0.6088,0.0
DHARAN-002,2026-01-15 06:00:00+05:45,5.3981,5.3914,1.2951,0.0
DHARAN-002,2026-01-15 07:00:00+05:45,5.3596,5.3343,1.27,0.0
DHARAN-002,2026-01-15 08:00:00+05:45,5.327,5.3082,1.278,0.0
DHARAN-002,2026-01-15 09:00:00+05:45,5.8277,5.8105,1.3853,0.0
DHARAN-002,2026-01-15 10:00:00+05:45,3.219,3.2054,0.7655,0.0
DHARAN-002,2026-01-15 11:00:00+05:45,3.9003,3.8839,0.9074,0.0
DHARAN-002,2026-01-15 12:00:00+05:45,3.2787,3.269,0.7782,0.0
DHARAN-002,2026-01-15 13:00:00+05:45,3.675,3.6634,0.8708,0.0
DHARAN-002,2026-01-15 14:00:00+05:45,3.7272,3.72,0.8872,0.0
DHARAN-002,2026-01-15 15:00:00+05:45,3.4585,3.4358,0.8212,0.0
DHARAN-002,2026-01-15 16:00:00+05:45,3.6865,3.6753,0.8788,0.0
DHARAN-002,2026-01-15 17:00:00+05:45,3.2872,3.2683,0.7792,0.0
DHARAN-002,2026-01-15 18:00:00+05:45,6.5283,6.5053,1.5552,0.0
DHARAN-002,2026-01-15 19:00:00+05:45,6.1393,6.1182,1.4381,0.0
DHARAN-002,2026-01-15 20:00:00+05:45,5.8192,5.798,1.3838,0.0
DHARAN-002,2026-01-15 21:00:00+05:45,6.1441,6.1374,1.4771,0.0
DHARAN-002,2026-01-15 22:00:00+05:45,6.583,6.5796,1.5841,0.0
DHARAN-002,2026-01-15 23:00:00+05:45,3.5335,3.524,0.8434,0.0
DHARAN-002,2026-01-16 00:00:00+05:45,2.9636,2.9447,0.7196,0.0
DHARAN-002,2026-01-16 01:00:00+05:45,2.8439,2.8261,0.6822,0.0
DHARAN-002,2026-01-16 02:00:00+05:45,3.1143,3.1134,0.7482,0.0
DHARAN-002,2026-01-16 03:00:00+05:45,3.4601,3.4493,0.8231,0.0
DHARAN-002,2026-01-16 04:00:00+05:45,2.7495,2.7306,0.6545,0.0
DHARAN-002,2026-01-16 05:00:00+05:45,3.3866,3.366,0.7907,0.0
DHARAN-002,2026-01-16 06:00:00+05:45,5.5375,5.5221,1.3114,0.0
DHARAN-002,2026-01-16 07:00:00+05:45,5.6367,5.6289,1.3297,0.0
DHARAN-002,2026-01-16 08:00:00+05:45,5.6214,5.6039,1.3271,0.0
DHARAN-002,2026-01-16 09:00:00+05:45,5.3078,5.3046,1.28,0.0
DHARAN-002,2026-01-16 10:00:00+05:45,4.3305,4.3202,1.0281,0.0
DHARAN-002,2026-01-16 11:00:00+05:45,3.41,3.3977,0.8209,0.0
DHARAN-002,2026-01-16 12:00:00+05:45,2.741,2.7392,0.6661,0.0
DHARAN-002,2026-01-16 13:00:00+05:45,2.5074,2.5003,0.5873,0.0
DHARAN-002,2026-01-16 14:00:00+05:45,3.5797,3.5645,0.8432,0.0
DHARAN-002,2026-01-16 15:00:00+05:45,3.1266,3.115,0.7432,0.0
DHARAN-002,2026-01-16 16:00:00+05:45,3.9536,3.927,0.9235,0.0
DHARAN-002,2026-01-16 17:00:00+05:45,2.1699,2.1549,0.5208,0.0
DHARAN-002,2026-01-16 18:00:00+05:45,6.5443,6.5432,1.5746,0.0
DHARAN-002,2026-01-16 19:00:00+05:45,7.0163,7.0132,1.6759,0.0
DHARAN-002,2026-01-16 20:00:00+05:45,5.8394,5.831,1.3866,0.0
DHARAN-002,2026-01-16 21:00:00+05:45,6.4626,6.4616,1.548,0.0
DHARAN-002,2026-01-16 22:00:00+05:45,7.1138,7.1015,1.69,0.0
DHARAN-002,2026-01-16 23:00:00+05:45,3.0676,3.0479,0.7164,0.0
DHARAN-002,2026-01-17 00:00:00+05:45,3.8264,3.811,0.9166,0.0
DHARAN-002,2026-01-17 01:00:00+05:45,3.4525,3.4383,0.8273,0.0
DHARAN-002,2026-01-17 02:00:00+05:45,2.9936,2.9892,0.709,0.0
DHARAN-002,2026-01-17 03:00:00+05:45,3.5725,3.5591,0.8476,0.0
DHARAN-002,2026-01-17 04:00:00+05:45,3.4838,3.4741,0.8329,0.0
DHARAN-002,2026-01-17 05:00:00+05:45,3.5693,3.5584,0.8442,0.0
DHARAN-002,2026-01-17 06:00:00+05:45,5.2558,5.2453,1.2531,0.0
DHARAN-002,2026-01-17 07:00:00+05:45,6.3434,6.3283,1.5073,0.0
DHARAN-002,2026-01-17 08:00:00+05:45,5.1215,5.1114,1.2124,0.0
DHARAN-002,2026-01-17 09:00:00+05:45,5.264,5.2459,1.246,0.0
DHARAN-002,2026-01-17 10:00:00+05:45,2.0038,1.9877,0.4786,0.0
DHARAN-002,2026-01-17 11:00:00+05:45,3.1071,3.1065,0.7382,0.0
DHARAN-002,2026-01-17 12:00:00+05:45,1.8059,1.7887,0.4393,0.0
DHARAN-002,2026-01-17 13:00:00+05:45,1.6127,1.6123,0.392,0.0
DHARAN-002,2026-01-17 14:00:00+05:45,3.2278,3.2146,0.7499,0.0
DHARAN-002,2026-01-17 15:00:00+05:45,3.2512,3.236,0.7661,0.0
DHARAN-002,2026-01-17 16:00:00+05:45,3.2005,3.1817,0.7532,0.0
DHARAN-002,2026-01-17 17:00:00+05:45,3.4117,3.3995,0.8136,0.0
DHARAN-002,2026-01-17 18:00:00+05:45,6.8288,6.804,1.6291,0.0
DHARAN-002,2026-01-17 19:00:00+05:45,5.9096,5.8908,1.3934,0.0
DHARAN-002,2026-01-17 20:00:00+05:45,5.9122,5.9024,1.4028,0.0
DHARAN-002,2026-01-17 21:00:00+05:45,6.3774,6.3635,1.5231,0.0
DHARAN-002,2026-01-17 22:00:00+05:45,6.8752,6.8692,1.632,0.0
DHARAN-002,2026-01-17 23:00:00+05:45,2.7443,2.7266,0.6508,0.0
DHARAN-002,2026-01-18 00:00:00+05:45,2.9955,2.974,0.6981,0.0
DHARAN-002,2026-01-18 01:00:00+05:45,2.9276,2.9144,0.7039,0.0
DHARAN-002,2026-01-18 02:00:00+05:45,3.1548,3.1319,0.7392,0.0
DHARAN-002,2026-01-18 03:00:00+05:45,3.3166,3.295,0.7832,0.0
DHARAN-002,2026-01-18 04:00:00+05:45,3.3173,3.2975,0.786,0.0
DHARAN-002,2026-01-18 05:00:00+05:45,3.4864,3.4768,0.8375,0.0
DHARAN-002,2026-01-18 06:00:00+05:45,5.3883,5.3851,1.2897,0.0
DHARAN-002,2026-01-18 07:00:00+05:45,5.9166,5.9123,1.4054,0.0
DHARAN-002,2026-01-18 08:00:00+05:45,5.4333,5.4168,1.2954,0.0
DHARAN-002,2026-01-18 09:00:00+05:45,4.9626,4.9435,1.1945,0.0
DHARAN-002,2026-01-18 10:00:00+05:45,2.4894,2.477,0.5949,0.0
DHARAN-002,2026-01-18 11:00:00+05:45,3.2198,3.192,0.7642,0.0
DHARAN-002,2026-01-18 12:00:00+05:45,2.5007,2.4956,0.5871,0.0
DHARAN-002,2026-01-18 13:00:00+05:45,3.8925,3.858,0.9462,0.0
DHARAN-002,2026-01-18 14:00:00+05:45,3.127,3.1033,0.7322,0.0
DHARAN-002,2026-01-18 15:00:00+05:45,3.0374,3.0291,0.7266,0.0
DHARAN-002,2026-01-18 16:00:00+05:45,3.6517,3.6432,0.8735,0.0
DHARAN-002,2026-01-18 17:00:00+05:45,3.5067,3.4943,0.8435,0.0
DHARAN-002,2026-01-18 18:00:00+05:45,6.4083,6.3972,1.5319,0.0
DHARAN-002,2026-01-18 19:00:00+05:45,7.1455,7.1333,1.7032,0.0
DHARAN-002,2026-01-18 20:00:00+05:45,6.3099,6.3032,1.498,0.0
DHARAN-002,2026-01-18 21:00:00+05:45,6.6056,6.6049,1.5703,0.0
DHARAN-002,2026-01-18 22:00:00+05:45,7.3427,7.3342,1.7344,0.0
DHARAN-002,2026-01-18 23:00:00+05:45,2.7152,2.7116,0.6443,0.0
DHARAN-002,2026-01-19 00:00:00+05:45,3.9407,3.9127,0.9427,0.0
DHARAN-002,2026-01-19 01:00:00+05:45,2.8518,2.8267,0.6801,0.0
DHARAN-002,2026-01-19 02:00:00+05:45,3.1198,3.096,0.7402,0.0
DHARAN-002,2026-01-19 03:00:00+05:45,2.9411,2.9378,0.7123,0.0
DHARAN-002,2026-01-19 04:00:00+05:45,3.5814,3.5579,0.849,0.0
DHARAN-002,2026-01-19 05:00:00+05:45,3.0765,3.0726,0.7461,0.0
DHARAN-002,2026-01-19 06:00:00+05:45,7.0286,7.0125,1.6685,0.0
DHARAN-002,2026-01-19 07:00:00+05:45,5.6452,5.6366,1.3577,0.0
DHARAN-002,2026-01-19 08:00:00+05:45,6.467,6.4581,1.5335,0.0
DHARAN-002,2026-01-19 09:00:00+05:45,4.9231,4.9106,1.1771,0.0
DHARAN-002,2026-01-19 10:00:00+05:45,4.297,4.2916,1.0249,0.0
DHARAN-002,2026-01-19 11:00:00+05:45,3.2528,3.2481,0.772,0.0
DHARAN-002,2026-01-19 12:00:00+05:45,3.5228,3.5067,0.8273,0.0
DHARAN-002,2026-01-19 13:00:00+05:45,2.8489,2.8472,0.6834,0.0
DHARAN-002,2026-01-19 14:00:00+05:45,3.2168,3.209,0.7629,0.0
DHARAN-002,2026-01-19 15:00:00+05:45,4.2811,4.2804,1.0118,0.0
DHARAN-002,2026-01-19 16:00:00+05:45,2.3392,2.3116,0.5663,0.0
DHARAN-002,2026-01-19 17:00:00+05:45,3.7858,3.7707,0.8859,0.0
DHARAN-002,2026-01-19 18:00:00+05:45,6.2245,6.2067,1.4939,0.0
DHARAN-002,2026-01-19 19:00:00+05:45,6.2718,6.2438,1.4955,0.0
DHARAN-002,2026-01-19 20:00:00+05:45,6.3696,6.3673,1.5039,0.0
DHARAN-002,2026-01-19 21:00:00+05:45,7.7199,7.6992,1.8416,0.0
DHARAN-002,2026-01-19 22:00:00+05:45,6.7967,6.7752,1.623,0.0
DHARAN-002,2026-01-19 23:00:00+05:45,3.6823,3.6729,0.8835,0.0
DHARAN-002,2026-01-20 00:00:00+05:45,3.29,3.2639,0.7844,0.0
DHARAN-002,2026-01-20 01:00:00+05:45,3.6231,3.6033,0.8633,0.0
DHARAN-002,2026-01-20 02:00:00+05:45,2.2157,2.1984,0.5334,0.0
DHARAN-002,2026-01-20 03:00:00+05:45,3.8419,3.8153,0.9128,0.0
DHARAN-002,2026-01-20 04:00:00+05:45,3.6897,3.6758,0.8832,0.0
DHARAN-002,2026-01-20 05:00:00+05:45,3.4597,3.4324,0.828,0.0
DHARAN-002,2026-01-20 06:00:00+05:45,5.0159,4.995,1.1913,0.0
DHARAN-002,2026-01-20 07:00:00+05:45,5.3825,5.3681,1.2867,0.0
DHARAN-002,2026-01-20 08:00:00+05:45,5.9513,5.9449,1.4217,0.0
DHARAN-002,2026-01-20 09:00:00+05:45,6.1579,6.1349,1.4624,0.0
DHARAN-002,2026-01-20 10:00:00+05:45,3.7417,3.7178,0.8701,0.0
DHARAN-002,2026-01-20 11:00:00+05:45,2.9257,2.9151,0.6921,0.0
DHARAN-002,2026-01-20 12:00:00+05:45,2.9864,2.9737,0.7245,0.0
DHARAN-002,2026-01-20 13:00:00+05:45,3.5439,3.5377,0.8444,0.0
DHARAN-002,2026-01-20 14:00:00+05:45,2.5887,2.5711,0.5962,0.0
DHARAN-002,2026-01-20 15:00:00+05:45,2.8749,2.8424,0.6801,0.0
DHARAN-002,2026-01-20 16:00:00+05:45,3.473,3.4368,0.8535,0.0
DHARAN-002,2026-01-20 17:00:00+05:45,2.3315,2.3256,0.5571,0.0
DHARAN-002,2026-01-20 18:00:00+05:45,6.0184,6.0169,1.4302,0.0
DHARAN-002,2026-01-20 19:00:00+05:45,6.3804,6.3722,1.5082,0.0
DHARAN-002,2026-01-20 20:00:00+05:45,5.6737,5.6614,1.3522,0.0
DHARAN-002,2026-01-20 21:00:00+05:45,6.0325,6.0133,1.4476,0.0
DHARAN-002,2026-01-20 22:00:00+05:45,6.6374,6.6298,1.5905,0.0
DHARAN-002,2026-01-20 23:00:00+05:45,3.302,3.2856,0.7954,0.0
DHARAN-002,2026-01-21 00:00:00+05:45,4.0093,4.004,0.9552,0.0
DHARAN-002,2026-01-21 01:00:00+05:45,3.4623,3.4485,0.8261,0.0
DHARAN-002,2026-01-21 02:00:00+05:45,3.539,3.5237,0.836,0.0
DHARAN-002,2026-01-21 03:00:00+05:45,3.3238,3.2992,0.7717,0.0
DHARAN-002,2026-01-21 04:00:00+05:45,3.6972,3.6902,0.879,0.0
DHARAN-002,2026-01-21 05:00:00+05:45,3.8458,3.8354,0.9143,0.0
DHARAN-002,2026-01-21 06:00:00+05:45,5.4009,5.3774,1.2951,0.0
DHARAN-002,2026-01-21 07:00:00+05:45,5.9136,5.8989,1.4063,0.0
DHARAN-002,2026-01-21 08:00:00+05:45,5.1338,5.1301,1.2426,0.0
DHARAN-002,2026-01-21 09:00:00+05:45,5.152,5.1347,1.2352,0.0
DHARAN-002,2026-01-21 10:00:00+05:45,3.6757,3.6494,0.8764,0.0
DHARAN-002,2026-01-21 11:00:00+05:45,2.8718,2.8572,0.6851,0.0
DHARAN-002,2026-01-21 12:00:00+05:45,3.8265,3.8104,0.9101,0.0
DHARAN-002,2026-01-21 13:00:00+05:45,2.4018,2.378,0.5804,0.0
DHARAN-002,2026-01-21 14:00:00+05:45,2.2795,2.2605,0.53,0.0
DHARAN-002,2026-01-21 15:00:00+05:45,2.8618,2.8316,0.6893,0.0
DHARAN-002,2026-01-21 16:00:00+05:45,3.9784,3.9623,0.9484,0.0
DHARAN-002,2026-01-21 17:00:00+05:45,2.9515,2.9419,0.7015,0.0
DHARAN-002,2026-01-21 18:00:00+05:45,6.4128,6.3986,1.5096,0.0
DHARAN-002,2026-01-21 19:00:00+05:45,5.7972,5.7811,1.3933,0.0
DHARAN-002,2026-01-21 20:00:00+05:45,6.0064,6.0043,1.4277,0.0
DHARAN-002,2026-01-21 21:00:00+05:45,6.6855,6.6701,1.6019,0.0
DHARAN-002,2026-01-21 22:00:00+05:45,6.2782,6.2619,1.4785,0.0
DHARAN-002,2026-01-21 23:00:00+05:45,4.2747,4.2483,1.0125,0.0
DHARAN-002,2026-01-22 00:00:00+05:45,3.1804,3.1556,0.7539,0.0
DHARAN-002,2026-01-22 01:00:00+05:45,3.7491,3.7368,0.8876,0.0
DHARAN-002,2026-01-22 02:00:00+05:45,3.2373,3.2115,0.7599,0.0
DHARAN-002,2026-01-22 03:00:00+05:45,2.9432,2.9355,0.7079,0.0
DHARAN-002,2026-01-22 04:00:00+05:45,3.6528,3.6312,0.8786,0.0
DHARAN-002,2026-01-22 05:00:00+05:45,3.525,3.4975,0.8445,0.0
DHARAN-002,2026-01-22 06:00:00+05:45,4.8915,4.8739,1.1488,0.0
DHARAN-002,2026-01-22 07:00:00+05:45,4.5807,4.5579,1.0755,0.0
DHARAN-002,2026-01-22 08:00:00+05:45,5.3077,5.3052,1.2729,0.0
DHARAN-002,2026-01-22 09:00:00+05:45,6.7425,6.7376,1.6142,0.0
DHARAN-002,2026-01-22 10:00:00+05:45,3.3413,3.3342,0.8112,0.0
DHARAN-002,2026-01-22 11:00:00+05:45,3.7918,3.7799,0.8984,0.0
DHARAN-002,2026-01-22 12:00:00+05:45,3.2633,3.2488,0.7812,0.0
DHARAN-002,2026-01-22 13:00:00+05:45,2.8646,2.8545,0.6876,0.0
DHARAN-002,2026-01-22 14:00:00+05:45,2.9477,2.9266,0.6919,0.0
DHARAN-002,2026-01-22 15:00:00+05:45,2.7541,2.7404,0.6671,0.0
DHARAN-002,2026-01-22 16:00:00+05:45,4.317,4.3032,1.0376,0.0
DHARAN-002,2026-01-22 17:00:00+05:45,3.3122,3.3008,0.7896,0.0
DHARAN-002,2026-01-22 18:00:00+05:45,6.9803,6.9586,1.6577,0.0
DHARAN-002,2026-01-22 19:00:00+05:45,6.7128,6.6851,1.5898,0.0
DHARAN-002,2026-01-22 20:00:00+05:45,7.1438,7.1191,1.6788,0.0
DHARAN-002,2026-01-22 21:00:00+05:45,6.0765,6.0558,1.4387,0.0
DHARAN-002,2026-01-22 22:00:00+05:45,7.3092,7.2897,1.7495,0.0
DHARAN-002,2026-01-22 23:00:00+05:45,2.949,2.9358,0.6973,0.0
DHARAN-002,2026-01-23 00:00:00+05:45,3.457,3.4357,0.8365,0.0
DHARAN-002,2026-01-23 01:00:00+05:45,3.3817,3.3511,0.8037,0.0
DHARAN-002,2026-01-23 02:00:00+05:45,3.0927,3.0769,0.7331,0.0
DHARAN-002,2026-01-23 03:00:00+05:45,3.4605,3.445,0.8028,0.0
DHARAN-002,2026-01-23 04:00:00+05:45,3.0607,3.0482,0.7109,0.0
DHARAN-002,2026-01-23 05:00:00+05:45,2.4332,2.4281,0.5864,0.0
DHARAN-002,2026-01-23 06:00:00+05:45,4.6404,4.6259,1.1083,0.0
DHARAN-002,2026-01-23 07:00:00+05:45,6.1822,6.1626,1.466,0.0
DHARAN-002,2026-01-23 08:00:00+05:45,5.1473,5.1211,1.2171,0.0
DHARAN-002,2026-01-23 09:00:00+05:45,5.7778,5.7729,1.3716,0.0
DHARAN-002,2026-01-23 10:00:00+05:45,3.8745,3.8569,0.9055,0.0
DHARAN-002,2026-01-23 11:00:00+05:45,2.9658,2.9541,0.7077,0.0
DHARAN-002,2026-01-23 12:00:00+05:45,3.1161,3.0988,0.7357,0.0
DHARAN-002,2026-01-23 13:00:00+05:45,3.7926,3.7845,0.8995,0.0
DHARAN-002,2026-01-23 14:00:00+05:45,2.9969,2.9834,0.7189,0.0
DHARAN-002,2026-01-23 15:00:00+05:45,4.2545,4.2328,0.9944,0.0
DHARAN-002,2026-01-23 16:00:00+05:45,3.2772,3.2604,0.7933,0.0
DHARAN-002,2026-01-23 17:00:00+05:45,2.9389,2.9367,0.6842,0.0
DHARAN-002,2026-01-23 18:00:00+05:45,6.5388,6.5239,1.5652,0.0
DHARAN-002,2026-01-23 19:00:00+05:45,6.7566,6.7421,1.599,0.0
DHARAN-002,2026-01-23 20:00:00+05:45,6.7372,6.7202,1.6104,0.0
DHARAN-002,2026-01-23 21:00:00+05:45,6.8984,6.8876,1.6393,0.0
DHARAN-002,2026-01-23 22:00:00+05:45,6.28,6.2737,1.4856,0.0
DHARAN-002,2026-01-23 23:00:00+05:45,2.8199,2.8084,0.6657,0.0
DHARAN-002,2026-01-24 00:00:00+05:45,2.5935,2.5873,0.6046,0.0
DHARAN-002,2026-01-24 01:00:00+05:45,3.1465,3.1339,0.7551,0.0
DHARAN-002,2026-01-24 02:00:00+05:45,2.8545,2.8386,0.6728,0.0
DHARAN-002,2026-01-24 03:00:00+05:45,3.7432,3.7111,0.897,0.0
DHARAN-002,2026-01-24 04:00:00+05:45,2.2485,2.2194,0.5504,0.0
DHARAN-002,2026-01-24 05:00:00+05:45,3.5244,3.5059,0.8359,0.0
DHARAN-002,2026-01-24 06:00:00+05:45,5.8619,5.8547,1.3928,0.0
DHARAN-002,2026-01-24 07:00:00+05:45,6.0009,5.9744,1.4225,0.0
DHARAN-002,2026-01-24 08:00:00+05:45,6.4645,6.4593,1.536,0.0
DHARAN-002,2026-01-24 09:00:00+05:45,6.4147,6.397,1.537,0.0
DHARAN-002,2026-01-24 10:00:00+05:45,3.1252,3.1041,0.7482,0.0
DHARAN-002,2026-01-24 11:00:00+05:45,3.4155,3.4071,0.8083,0.0
DHARAN-002,2026-01-24 12:00:00+05:45,3.1533,3.1399,0.7581,0.0
DHARAN-002,2026-01-24 13:00:00+05:45,3.2857,3.2728,0.7647,0.0
DHARAN-002,2026-01-24 14:00:00+05:45,2.2563,2.2377,0.5239,0.0
DHARAN-002,2026-01-24 15:00:00+05:45,3.1883,3.1809,0.7633,0.0
DHARAN-002,2026-01-24 16:00:00+05:45,4.2507,4.2496,1.0116,0.0
DHARAN-002,2026-01-24 17:00:00+05:45,3.4852,3.469,0.8183,0.0
DHARAN-002,2026-01-24 18:00:00+05:45,5.886,5.8783,1.4109,0.0
DHARAN-002,2026-01-24 19:00:00+05:45,7.1441,7.1425,1.7016,0.0
DHARAN-002,2026-01-24 20:00:00+05:45,6.5793,6.5678,1.5651,0.0
DHARAN-002,2026-01-24 21:00:00+05:45,5.8232,5.7995,1.3966,0.0
DHARAN-002,2026-01-24 22:00:00+05:45,6.5239,6.5069,1.5488,0.0
DHARAN-002,2026-01-24 23:00:00+05:45,3.4182,3.4049,0.8183,0.0
DHARAN-002,2026-01-25 00:00:00+05:45,3.9155,3.9103,0.9188,0.0
DHARAN-002,2026-01-25 01:00:00+05:45,3.2004,3.1704,0.754,0.0
DHARAN-002,2026-01-25 02:00:00+05:45,4.1381,4.1129,0.9928,0.0
DHARAN-002,2026-01-25 03:00:00+05:45,3.3431,3.3218,0.786,0.0
DHARAN-002,2026-01-25 04:00:00+05:45,2.6568,2.6337,0.6273,0.0
DHARAN-002,2026-01-25 05:00:00+05:45,3.2518,3.2494,0.7766,0.0
DHARAN-002,2026-01-25 06:00:00+05:45,5.915,5.9073,1.4063,0.0
DHARAN-002,2026-01-25 07:00:00+05:45,5.404,5.3935,1.2852,0.0
DHARAN-002,2026-01-25 08:00:00+05:45,5.4934,5.4676,1.3246,0.0
DHARAN-002,2026-01-25 09:00:00+05:45,5.5261,5.5214,1.3262,0.0
DHARAN-002,2026-01-25 10:00:00+05:45,3.8128,3.7961,0.9025,0.0
DHARAN-002,2026-01-25 11:00:00+05:45,3.7415,3.725,0.8826,0.0
DHARAN-002,2026-01-25 12:00:00+05:45,3.127,3.1086,0.7485,0.0
DHARAN-002,2026-01-25 13:00:00+05:45,3.9718,3.945,0.9466,0.0
DHARAN-002,2026-01-25 14:00:00+05:45,3.4751,3.4409,0.8238,0.0
DHARAN-002,2026-01-25 15:00:00+05:45,4.1719,4.1633,0.9773,0.0
DHARAN-002,2026-01-25 16:00:00+05:45,4.3734,4.3602,1.0421,0.0
DHARAN-002,2026-01-25 17:00:00+05:45,2.1966,2.1903,0.5199,0.0
DHARAN-002,2026-01-25 18:00:00+05:45,6.5393,6.5099,1.568,0.0
DHARAN-002,2026-01-25 19:00:00+05:45,6.7492,6.7424,1.5852,0.0
DHARAN-002,2026-01-25 20:00:00+05:45,7.0887,7.072,1.705,0.0
DHARAN-002,2026-01-25 21:00:00+05:45,6.0438,6.0329,1.4433,0.0
DHARAN-002,2026-01-25 22:00:00+05:45,5.8686,5.8571,1.4093,0.0
DHARAN-002,2026-01-25 23:00:00+05:45,3.3768,3.3595,0.7929,0.0
DHARAN-002,2026-01-26 00:00:00+05:45,3.8006,3.7891,0.919,0.0
DHARAN-002,2026-01-26 01:00:00+05:45,3.6439,3.6358,0.8643,0.0
DHARAN-002,2026-01-26 02:00:00+05:45,3.7213,3.7125,0.8911,0.0
DHARAN-002,2026-01-26 03:00:00+05:45,3.5175,3.5067,0.8374,0.0
DHARAN-002,2026-01-26 04:00:00+05:45,2.9483,2.9365,0.7122,0.0
DHARAN-002,2026-01-26 05:00:00+05:45,3.836,3.8133,0.911,0.0
DHARAN-002,2026-01-26 06:00:00+05:45,5.7977,5.7959,1.3862,0.0
DHARAN-002,2026-01-26 07:00:00+05:45,5.0681,5.0591,1.2131,0.0
DHARAN-002,2026-01-26 08:00:00+05:45,6.0953,6.0626,1.442,0.0
DHARAN-002,2026-01-26 09:00:00+05:45,5.241,5.2133,1.2327,0.0
DHARAN-002,2026-01-26 10:00:00+05:45,3.1737,3.1488,0.7511,0.0
DHARAN-002,2026-01-26 11:00:00+05:45,3.2366,3.2267,0.7719,0.0
DHARAN-002,2026-01-26 12:00:00+05:45,2.0852,2.0758,0.4958,0.0
DHARAN-002,2026-01-26 13:00:00+05:45,2.7467,2.7433,0.65,0.0
DHARAN-002,2026-01-26 14:00:00+05:45,3.6974,3.6856,0.8757,0.0
DHARAN-002,2026-01-26 15:00:00+05:45,3.1923,3.1713,0.7714,0.0
DHARAN-002,2026-01-26 16:00:00+05:45,3.3767,3.3577,0.8015,0.0
DHARAN-002,2026-01-26 17:00:00+05:45,2.8873,2.8646,0.7019,0.0
DHARAN-002,2026-01-26 18:00:00+05:45,6.7057,6.6874,1.6017,0.0
DHARAN-002,2026-01-26 19:00:00+05:45,7.0596,7.0491,1.67,0.0
DHARAN-002,2026-01-26 20:00:00+05:45,5.577,5.5645,1.3404,0.0
DHARAN-002,2026-01-26 21:00:00+05:45,7.0879,7.0777,1.6945,0.0
DHARAN-002,2026-01-26 22:00:00+05:45,6.0478,6.0329,1.445,0.0
DHARAN-002,2026-01-26 23:00:00+05:45,2.67,2.6562,0.6254,0.0
DHARAN-002,2026-01-27 00:00:00+05:45,4.4743,4.4466,1.0765,0.0
DHARAN-002,2026-01-27 01:00:00+05:45,3.9566,3.9447,0.946,0.0
DHARAN-002,2026-01-27 02:00:00+05:45,2.7711,2.7561,0.6684,0.0
DHARAN-002,2026-01-27 03:00:00+05:45,3.2181,3.1848,0.7815,0.0
DHARAN-002,2026-01-27 04:00:00+05:45,3.1436,3.1336,0.7479,0.0
DHARAN-002,2026-01-27 05:00:00+05:45,3.1229,3.1079,0.747,0.0
DHARAN-002,2026-01-27 06:00:00+05:45,5.5869,5.5701,1.3225,0.0
DHARAN-002,2026-01-27 07:00:00+05:45,5.9166,5.8998,1.4088,0.0
DHARAN-002,2026-01-27 08:00:00+05:45,5.4806,5.463,1.2953,0.0
DHARAN-002,2026-01-27 09:00:00+05:45,5.4749,5.4607,1.3053,0.0
DHARAN-002,2026-01-27 10:00:00+05:45,3.2849,3.2744,0.7827,0.0
DHARAN-002,2026-01-27 11:00:00+05:45,3.6904,3.6612,0.8708,0.0
DHARAN-002,2026-01-27 12:00:00+05:45,2.9942,2.994,0.7066,0.0
DHARAN-002,2026-01-27 13:00:00+05:45,3.6314,3.6242,0.8785,0.0
DHARAN-002,2026-01-27 14:00:00+05:45,3.4144,3.4054,0.8189,0.0
DHARAN-002,2026-01-27 15:00:00+05:45,3.0566,3.0491,0.7208,0.0
DHARAN-002,2026-01-27 16:00:00+05:45,3.2294,3.2078,0.7725,0.0
DHARAN-002,2026-01-27 17:00:00+05:45,3.6257,3.6024,0.8808,0.0
DHARAN-002,2026-01-27 18:00:00+05:45,6.0816,6.0742,1.4458,0.0
DHARAN-002,2026-01-27 19:00:00+05:45,6.6691,6.6531,1.5636,0.0
DHARAN-002,2026-01-27 20:00:00+05:45,6.139,6.1357,1.4639,0.0
DHARAN-002,2026-01-27 21:00:00+05:45,7.1228,7.1162,1.6929,0.0
DHARAN-002,2026-01-27 22:00:00+05:45,5.8684,5.8459,1.3971,0.0
DHARAN-002,2026-01-27 23:00:00+05:45,2.7362,2.722,0.6409,0.0
DHARAN-002,2026-01-28 00:00:00+05:45,2.7842,2.7553,0.6674,0.0
DHARAN-002,2026-01-28 01:00:00+05:45,2.5429,2.5202,0.6124,0.0
DHARAN-002,2026-01-28 02:00:00+05:45,3.3492,3.3265,0.805,0.0
DHARAN-002,2026-01-28 03:00:00+05:45,3.7953,3.7852,0.9005,0.0
DHARAN-002,2026-01-28 04:00:00+05:45,3.0522,3.0477,0.724,0.0
DHARAN-002,2026-01-28 05:00:00+05:45,4.009,3.9959,0.9383,0.0
DHARAN-002,2026-01-28 06:00:00+05:45,5.789,5.7583,1.367,0.0
DHARAN-002,2026-01-28 07:00:00+05:45,6.2774,6.2649,1.5111,0.0
DHARAN-002,2026-01-28 08:00:00+05:45,5.7946,5.7654,1.3844,0.0
DHARAN-002,2026-01-28 09:00:00+05:45,6.3506,6.3369,1.5198,0.0
DHARAN-002,2026-01-28 10:00:00+05:45,2.8862,2.873,0.6891,0.0
DHARAN-002,2026-01-28 11:00:00+05:45,3.7172,3.7113,0.8935,0.0
DHARAN-002,2026-01-28 12:00:00+05:45,2.422,2.4122,0.5865,0.0
DHARAN-002,2026-01-28 13:00:00+05:45,3.3229,3.3176,0.8015,0.0
DHARAN-002,2026-01-28 14:00:00+05:45,2.7587,2.7482,0.6675,0.0
DHARAN-002,2026-01-28 15:00:00+05:45,2.9983,2.9912,0.7073,0.0
DHARAN-002,2026-01-28 16:00:00+05:45,3.0698,3.0483,0.7361,0.0
DHARAN-002,2026-01-28 17:00:00+05:45,3.2361,3.2303,0.7605,0.0
DHARAN-002,2026-01-28 18:00:00+05:45,6.3321,6.3269,1.5131,0.0
DHARAN-002,2026-01-28 19:00:00+05:45,6.4153,6.4071,1.5109,0.0
DHARAN-002,2026-01-28 20:00:00+05:45,6.2633,6.26,1.5038,0.0
DHARAN-002,2026-01-28 21:00:00+05:45,5.9652,5.9535,1.4246,0.0
DHARAN-002,2026-01-28 22:00:00+05:45,6.2002,6.1902,1.4919,0.0
DHARAN-002,2026-01-28 23:00:00+05:45,3.4704,3.4582,0.8392,0.0
DHARAN-002,2026-01-29 00:00:00+05:45,3.3881,3.3704,0.8141,0.0
DHARAN-002,2026-01-29 01:00:00+05:45,2.5407,2.5228,0.5965,0.0
DHARAN-002,2026-01-29 02:00:00+05:45,3.3448,3.3325,0.7857,0.0
DHARAN-002,2026-01-29 03:00:00+05:45,3.0153,2.9856,0.7049,0.0
DHARAN-002,2026-01-29 04:00:00+05:45,2.9178,2.8944,0.6958,0.0
DHARAN-002,2026-01-29 05:00:00+05:45,3.2562,3.235,0.7696,0.0
DHARAN-002,2026-01-29 06:00:00+05:45,5.2954,5.2805,1.2568,0.0
DHARAN-002,2026-01-29 07:00:00+05:45,4.9092,4.8994,1.1783,0.0
DHARAN-002,2026-01-29 08:00:00+05:45,6.0685,6.0475,1.4357,0.0
DHARAN-002,2026-01-29 09:00:00+05:45,5.8004,5.7832,1.3771,0.0
DHARAN-002,2026-01-29 10:00:00+05:45,3.4962,3.4925,0.8279,0.0
DHARAN-002,2026-01-29 11:00:00+05:45,2.8324,2.8085,0.6842,0.0
DHARAN-002,2026-01-29 12:00:00+05:45,4.0187,3.9912,0.9775,0.0
DHARAN-002,2026-01-29 13:00:00+05:45,3.356,3.337,0.7894,0.0
DHARAN-002,2026-01-29 14:00:00+05:45,4.0061,4.0021,0.9518,0.0
DHARAN-002,2026-01-29 15:00:00+05:45,3.2392,3.2259,0.7663,0.0
DHARAN-002,2026-01-29 16:00:00+05:45,3.6007,3.5904,0.8579,0.0
DHARAN-002,2026-01-29 17:00:00+05:45,2.7088,2.6922,0.6487,0.0
DHARAN-002,2026-01-29 18:00:00+05:45,5.3613,5.3603,1.2839,0.0
DHARAN-002,2026-01-29 19:00:00+05:45,6.1169,6.1114,1.445,0.0
DHARAN-002,2026-01-29 20:00:00+05:45,6.8484,6.8217,1.6034,0.0
DHARAN-002,2026-01-29 21:00:00+05:45,6.4816,6.4776,1.5351,0.0
DHARAN-002,2026-01-29 22:00:00+05:45,5.5882,5.57,1.3302,0.0
DHARAN-002,2026-01-29 23:00:00+05:45,3.8006,3.7841,0.9103,0.0
DHARAN-002,2026-01-30 00:00:00+05:45,3.3467,3.3323,0.7981,0.0
DHARAN-002,2026-01-30 01:00:00+05:45,2.8522,2.8357,0.6764,0.0
DHARAN-002,2026-01-30 02:00:00+05:45,3.0767,3.0534,0.7262,0.0
DHARAN-002,2026-01-30 03:00:00+05:45,3.5715,3.5557,0.8603,0.0
DHARAN-002,2026-01-30 04:00:00+05:45,2.8163,2.8086,0.6696,0.0
DHARAN-002,2026-01-30 05:00:00+05:45,3.9468,3.9226,0.9323,0.0
DHARAN-002,2026-01-30 06:00:00+05:45,6.0813,6.0697,1.4505,0.0
DHARAN-002,2026-01-30 07:00:00+05:45,6.4333,6.4291,1.5333,0.0
DHARAN-002,2026-01-30 08:00:00+05:45,6.0756,6.0485,1.4452,0.0
DHARAN-002,2026-01-30 09:00:00+05:45,5.6837,5.6565,1.3535,0.0
DHARAN-002,2026-01-30 10:00:00+05:45,2.473,2.4651,0.5944,0.0
DHARAN-002,2026-01-30 11:00:00+05:45,2.2004,2.1899,0.5156,0.0
DHARAN-002,2026-01-30 12:00:00+05:45,3.7437,3.7238,0.8876,0.0
DHARAN-002,2026-01-30 13:00:00+05:45,3.0117,2.996,0.7244,0.0
DHARAN-002,2026-01-30 14:00:00+05:45,3.733,3.7237,0.8893,0.0
DHARAN-002,2026-01-30 15:00:00+05:45,2.6757,2.6651,0.6351,0.0
DHARAN-002,2026-01-30 16:00:00+05:45,3.2261,3.2146,0.7704,0.0
DHARAN-002,2026-01-30 17:00:00+05:45,3.4421,3.4113,0.8143,0.0
DHARAN-002,2026-01-30 18:00:00+05:45,6.8258,6.8173,1.61,0.0
DHARAN-002,2026-01-30 19:00:00+05:45,5.5726,5.5507,1.3269,0.0
DHARAN-002,2026-01-30 20:00:00+05:45,6.7819,6.7766,1.6032,0.0
DHARAN-002,2026-01-30 21:00:00+05:45,7.0249,7.0223,1.6694,0.0
DHARAN-002,2026-01-30 22:00:00+05:45,6.7514,6.7334,1.6059,0.0
DHARAN-002,2026-01-30 23:00:00+05:45,3.7926,3.7893,0.8989,0.0
DHARAN-002,2026-01-31 00:00:00+05:45,3.135,3.1148,0.7618,0.0
DHARAN-002,2026-01-31 01:00:00+05:45,3.9267,3.9171,0.9468,0.0
DHARAN-002,2026-01-31 02:00:00+05:45,2.8089,2.7906,0.6731,0.0
DHARAN-002,2026-01-31 03:00:00+05:45,3.0746,3.0511,0.7258,0.0
DHARAN-002,2026-01-31 04:00:00+05:45,3.7824,3.7563,0.9112,0.0
DHARAN-002,2026-01-31 05:00:00+05:45,4.0728,4.0591,0.9549,0.0
DHARAN-002,2026-01-31 06:00:00+05:45,5.1438,5.1376,1.2341,0.0
DHARAN-002,2026-01-31 07:00:00+05:45,5.6019,5.5764,1.3257,0.0
DHARAN-002,2026-01-31 08:00:00+05:45,5.3158,5.3016,1.266,0.0
DHARAN-002,2026-01-31 09:00:00+05:45,5.2713,5.2534,1.2481,0.0
DHARAN-002,2026-01-31 10:00:00+05:45,3.3576,3.3377,0.796,0.0
DHARAN-002,2026-01-31 11:00:00+05:45,3.5434,3.5212,0.8517,0.0
DHARAN-002,2026-01-31 12:00:00+05:45,3.3831,3.3662,0.8096,0.0
DHARAN-002,2026-01-31 13:00:00+05:45,3.4887,3.4821,0.8203,0.0
DHARAN-002,2026-01-31 14:00:00+05:45,3.9405,3.9296,0.938,0.0
DHARAN-002,2026-01-31 15:00:00+05:45,2.9612,2.9601,0.7146,0.0
DHARAN-002,2026-01-31 16:00:00+05:45,3.6924,3.6904,0.8603,0.0
DHARAN-002,2026-01-31 17:00:00+05:45,2.8228,2.8082,0.6649,0.0
DHARAN-002,2026-01-31 18:00:00+05:45,6.7965,6.7861,1.6192,0.0
DHARAN-002,2026-01-31 19:00:00+05:45,6.1709,6.165,1.4919,0.0
DHARAN-002,2026-01-31 20:00:00+05:45,6.9056,6.8794,1.6328,0.0
DHARAN-002,2026-01-31 21:00:00+05:45,6.512,6.502,1.572,0.0
DHARAN-002,2026-01-31 22:00:00+05:45,7.1126,7.0867,1.678,0.0
DHARAN-002,2026-01-31 23:00:00+05:45,3.1005,3.0858,0.7506,0.0
DHARAN-002,2026-02-01 00:00:00+05:45,3.3419,3.3251,0.7808,0.0
DHARAN-002,2026-02-01 01:00:00+05:45,3.2831,3.2649,0.781,0.0
DHARAN-002,2026-02-01 02:00:00+05:45,3.5585,3.552,0.8542,0.0
DHARAN-002,2026-02-01 03:00:00+05:45,3.8969,3.8688,0.9435,0.0
DHARAN-002,2026-02-01 04:00:00+05:45,2.2854,2.2627,0.5497,0.0
DHARAN-002,2026-02-01 05:00:00+05:45,3.2193,3.2009,0.779,0.0
DHARAN-002,2026-02-01 06:00:00+05:45,5.5872,5.5772,1.3323,0.0
DHARAN-002,2026-02-01 07:00:00+05:45,5.5213,5.4869,1.3201,0.0
DHARAN-002,2026-02-01 08:00:00+05:45,5.4261,5.4155,1.2955,0.0
DHARAN-002,2026-02-01 09:00:00+05:45,6.3921,6.3742,1.5375,0.0
DHARAN-002,2026-02-01 10:00:00+05:45,3.0943,3.0858,0.7503,0.0
DHARAN-002,2026-02-01 11:00:00+05:45,3.397,3.3799,0.817,0.0
DHARAN-002,2026-02-01 12:00:00+05:45,4.1501,4.1467,0.9865,0.0
DHARAN-002,2026-02-01 13:00:00+05:45,2.8336,2.8214,0.6774,0.0
DHARAN-002,2026-02-01 14:00:00+05:45,3.3609,3.3321,0.7972,0.0
DHARAN-002,2026-02-01 15:00:00+05:45,3.2238,3.1996,0.7786,0.0
DHARAN-002,2026-02-01 16:00:00+05:45,3.9177,3.9046,0.9306,0.0
DHARAN-002,2026-02-01 17:00:00+05:45,3.5771,3.5757,0.8537,0.0
DHARAN-002,2026-02-01 18:00:00+05:45,6.6997,6.6732,1.5867,0.0
DHARAN-002,2026-02-01 19:00:00+05:45,6.0208,6.0038,1.4314,0.0
DHARAN-002,2026-02-01 20:00:00+05:45,6.4276,6.4123,1.5293,0.0
DHARAN-002,2026-02-01 21:00:00+05:45,6.5164,6.4916,1.5445,0.0
DHARAN-002,2026-02-01 22:00:00+05:45,5.9919,5.9803,1.4283,0.0
DHARAN-002,2026-02-01 23:00:00+05:45,2.9221,2.9069,0.7111,0.0
DHARAN-002,2026-02-02 00:00:00+05:45,3.5072,3.4922,0.8365,0.0
DHARAN-002,2026-02-02 01:00:00+05:45,3.5391,3.5275,0.8292,0.0
DHARAN-002,2026-02-02 02:00:00+05:45,2.6777,2.6476,0.6384,0.0
DHARAN-002,2026-02-02 03:00:00+05:45,2.7127,2.6884,0.6397,0.0
DHARAN-002,2026-02-02 04:00:00+05:45,2.096,2.0762,0.4951,0.0
DHARAN-002,2026-02-02 05:00:00+05:45,3.1112,3.1009,0.7469,0.0
DHARAN-002,2026-02-02 06:00:00+05:45,5.3844,5.3733,1.2849,0.0
DHARAN-002,2026-02-02 07:00:00+05:45,5.4361,5.4308,1.283,0.0
DHARAN-002,2026-02-02 08:00:00+05:45,4.7288,4.7153,1.1144,0.0
DHARAN-002,2026-02-02 09:00:00+05:45,5.3619,5.3453,1.2777,0.0
DHARAN-002,2026-02-02 10:00:00+05:45,3.0279,3.0206,0.7161,0.0
DHARAN-002,2026-02-02 11:00:00+05:45,3.0311,3.0067,0.7428,0.0
DHARAN-002,2026-02-02 12:00:00+05:45,3.2099,3.191,0.7579,0.0
DHARAN-002,2026-02-02 13:00:00+05:45,3.5486,3.5305,0.845,0.0
DHARAN-002,2026-02-02 14:00:00+05:45,2.7405,2.7263,0.6636,0.0
DHARAN-002,2026-02-02 15:00:00+05:45,2.9862,2.9682,0.6974,0.0
DHARAN-002,2026-02-02 16:00:00+05:45,2.8998,2.8838,0.693,0.0
DHARAN-002,2026-02-02 17:00:00+05:45,3.2484,3.2328,0.7708,0.0
DHARAN-002,2026-02-02 18:00:00+05:45,5.5931,5.5811,1.3522,0.0
DHARAN-002,2026-02-02 19:00:00+05:45,6.648,6.6231,1.5863,0.0
DHARAN-002,2026-02-02 20:00:00+05:45,6.4107,6.3865,1.5134,0.0
DHARAN-002,2026-02-02 21:00:00+05:45,6.8617,6.8466,1.6452,0.0
DHARAN-002,2026-02-02 22:00:00+05:45,7.0072,6.9877,1.6658,0.0
DHARAN-002,2026-02-02 23:00:00+05:45,2.6491,2.6404,0.6125,0.0
DHARAN-002,2026-02-03 00:00:00+05:45,2.2526,2.248,0.5397,0.0
DHARAN-002,2026-02-03 01:00:00+05:45,2.8272,2.8153,0.6488,0.0
DHARAN-002,2026-02-03 02:00:00+05:45,2.5532,2.5454,0.6077,0.0
DHARAN-002,2026-02-03 03:00:00+05:45,3.6719,3.6548,0.8827,0.0
DHARAN-002,2026-02-03 04:00:00+05:45,2.7976,2.7786,0.6414,0.0
DHARAN-002,2026-02-03 05:00:00+05:45,3.1867,3.1762,0.7615,0.0
DHARAN-002,2026-02-03 06:00:00+05:45,5.147,5.1186,1.233,0.0
DHARAN-002,2026-02-03 07:00:00+05:45,5.1984,5.1927,1.258,0.0
DHARAN-002,2026-02-03 08:00:00+05:45,6.0195,6.0056,1.4356,0.0
DHARAN-002,2026-02-03 09:00:00+05:45,6.1206,6.1005,1.4647,0.0
DHARAN-002,2026-02-03 10:00:00+05:45,2.9582,2.9464,0.6989,0.0
DHARAN-002,2026-02-03 11:00:00+05:45,3.1829,3.1619,0.75,0.0
DHARAN-002,2026-02-03 12:00:00+05:45,3.1696,3.1418,0.7591,0.0
DHARAN-002,2026-02-03 13:00:00+05:45,3.5532,3.5434,0.8497,0.0
DHARAN-002,2026-02-03 14:00:00+05:45,3.793,3.7793,0.902,0.0
DHARAN-002,2026-02-03 15:00:00+05:45,3.3433,3.3287,0.7928,0.0
DHARAN-002,2026-02-03 16:00:00+05:45,3.9288,3.9096,0.9234,0.0
DHARAN-002,2026-02-03 17:00:00+05:45,3.965,3.9445,0.944,0.0
DHARAN-002,2026-02-03 18:00:00+05:45,6.927,6.9047,1.6396,0.0
DHARAN-002,2026-02-03 19:00:00+05:45,6.7764,6.7657,1.5948,0.0
DHARAN-002,2026-02-03 20:00:00+05:45,6.2932,6.2811,1.5004,0.0
DHARAN-002,2026-02-03 21:00:00+05:45,5.4327,5.4259,1.2804,0.0
DHARAN-002,2026-02-03 22:00:00+05:45,6.4087,6.3888,1.5394,0.0
DHARAN-002,2026-02-03 23:00:00+05:45,2.8305,2.814,0.6848,0.0
DHARAN-002,2026-02-04 00:00:00+05:45,2.8957,2.8793,0.6949,0.0
DHARAN-002,2026-02-04 01:00:00+05:45,3.6423,3.6352,0.875,0.0
DHARAN-002,2026-02-04 02:00:00+05:45,3.3052,3.2785,0.7818,0.0
DHARAN-002,2026-02-04 03:00:00+05:45,2.7191,2.6947,0.6504,0.0
DHARAN-002,2026-02-04 04:00:00+05:45,4.2265,4.2174,1.0158,0.0
DHARAN-002,2026-02-04 05:00:00+05:45,3.4408,3.4318,0.8247,0.0
DHARAN-002,2026-02-04 06:00:00+05:45,5.7472,5.7427,1.3536,0.0
DHARAN-002,2026-02-04 07:00:00+05:45,6.2942,6.2765,1.5041,0.0
DHARAN-002,2026-02-04 08:00:00+05:45,6.3769,6.3642,1.5152,0.0
DHARAN-002,2026-02-04 09:00:00+05:45,5.9171,5.8979,1.4105,0.0
DHARAN-002,2026-02-04 10:00:00+05:45,3.2031,3.1992,0.7544,0.0
DHARAN-002,2026-02-04 11:00:00+05:45,2.7046,2.6901,0.6574,0.0
DHARAN-002,2026-02-04 12:00:00+05:45,2.4732,2.4671,0.5955,0.0
DHARAN-002,2026-02-04 13:00:00+05:45,3.9779,3.9732,0.9566,0.0
DHARAN-002,2026-02-04 14:00:00+05:45,3.4644,3.4504,0.8088,0.0
DHARAN-002,2026-02-04 15:00:00+05:45,3.3039,3.2819,0.7744,0.0
DHARAN-002,2026-02-04 16:00:00+05:45,3.4629,3.4443,0.83,0.0
DHARAN-002,2026-02-04 17:00:00+05:45,2.561,2.5346,0.6157,0.0
DHARAN-002,2026-02-04 18:00:00+05:45,7.0537,7.0533,1.6753,0.0
DHARAN-002,2026-02-04 19:00:00+05:45,5.7439,5.7303,1.3741,0.0
DHARAN-002,2026-02-04 20:00:00+05:45,5.74,5.7108,1.369,0.0
DHARAN-002,2026-02-04 21:00:00+05:45,6.5908,6.5839,1.5672,0.0
DHARAN-002,2026-02-04 22:00:00+05:45,5.5048,5.5033,1.3224,0.0
DHARAN-002,2026-02-04 23:00:00+05:45,3.325,3.3177,0.788,0.0
DHARAN-002,2026-02-05 00:00:00+05:45,3.4051,3.3744,0.7968,0.0
DHARAN-002,2026-02-05 01:00:00+05:45,3.6531,3.6322,0.8714,0.0
DHARAN-002,2026-02-05 02:00:00+05:45,3.8728,3.846,0.9412,0.0
DHARAN-002,2026-02-05 03:00:00+05:45,2.9759,2.9638,0.7136,0.0
DHARAN-002,2026-02-05 04:00:00+05:45,3.3887,3.376,0.8174,0.0
DHARAN-002,2026-02-05 05:00:00+05:45,3.5453,3.5272,0.842,0.0
DHARAN-002,2026-02-05 06:00:00+05:45,5.4265,5.4031,1.2854,0.0
DHARAN-002,2026-02-05 07:00:00+05:45,6.0814,6.0589,1.4439,0.0
DHARAN-002,2026-02-05 08:00:00+05:45,6.1081,6.0834,1.4288,0.0
DHARAN-002,2026-02-05 09:00:00+05:45,5.4809,5.468,1.3137,0.0
DHARAN-002,2026-02-05 10:00:00+05:45,3.125,3.1156,0.7392,0.0
DHARAN-002,2026-02-05 11:00:00+05:45,3.8171,3.8151,0.9221,0.0
DHARAN-002,2026-02-05 12:00:00+05:45,3.17,3.1651,0.7628,0.0
DHARAN-002,2026-02-05 13:00:00+05:45,2.9203,2.9052,0.7026,0.0
DHARAN-002,2026-02-05 14:00:00+05:45,2.9375,2.9226,0.7045,0.0
DHARAN-002,2026-02-05 15:00:00+05:45,3.8418,3.8256,0.9007,0.0
DHARAN-002,2026-02-05 16:00:00+05:45,3.3781,3.3593,0.8061,0.0
DHARAN-002,2026-02-05 17:00:00+05:45,3.5215,3.5214,0.8258,0.0
DHARAN-002,2026-02-05 18:00:00+05:45,6.2754,6.2606,1.4909,0.0
DHARAN-002,2026-02-05 19:00:00+05:45,5.8547,5.8332,1.4063,0.0
DHARAN-002,2026-02-05 20:00:00+05:45,5.9283,5.9065,1.4282,0.0
DHARAN-002,2026-02-05 21:00:00+05:45,6.6067,6.599,1.5741,0.0
DHARAN-002,2026-02-05 22:00:00+05:45,6.3715,6.3694,1.5054,0.0
DHARAN-002,2026-02-05 23:00:00+05:45,2.4584,2.4437,0.5913,0.0
DHARAN-002,2026-02-06 00:00:00+05:45,3.0474,3.0237,0.7194,0.0
DHARAN-002,2026-02-06 01:00:00+05:45,3.4347,3.4175,0.8125,0.0
DHARAN-002,2026-02-06 02:00:00+05:45,3.2248,3.2181,0.7801,0.0
DHARAN-002,2026-02-06 03:00:00+05:45,2.585,2.5681,0.6169,0.0
DHARAN-002,2026-02-06 04:00:00+05:45,2.5443,2.5363,0.6051,0.0
DHARAN-002,2026-02-06 05:00:00+05:45,2.7079,2.7019,0.6507,0.0
DHARAN-002,2026-02-06 06:00:00+05:45,5.8611,5.8396,1.3971,0.0
DHARAN-002,2026-02-06 07:00:00+05:45,5.3223,5.2923,1.2711,0.0
DHARAN-002,2026-02-06 08:00:00+05:45,4.7954,4.7672,1.1295,0.0
DHARAN-002,2026-02-06 09:00:00+05:45,5.9348,5.9084,1.4162,0.0
DHARAN-002,2026-02-06 10:00:00+05:45,3.0814,3.0695,0.7404,0.0
DHARAN-002,2026-02-06 11:00:00+05:45,2.9466,2.9227,0.7106,0.0
DHARAN-002,2026-02-06 12:00:00+05:45,2.8808,2.8773,0.6862,0.0
DHARAN-002,2026-02-06 13:00:00+05:45,3.2411,3.2355,0.7827,0.0
DHARAN-002,2026-02-06 14:00:00+05:45,3.259,3.2405,0.7659,0.0
DHARAN-002,2026-02-06 15:00:00+05:45,3.5232,3.5109,0.8401,0.0
DHARAN-002,2026-02-06 16:00:00+05:45,3.648,3.6263,0.8739,0.0
DHARAN-002,2026-02-06 17:00:00+05:45,3.8611,3.8516,0.9273,0.0
DHARAN-002,2026-02-06 18:00:00+05:45,6.0463,6.0351,1.4536,0.0
DHARAN-002,2026-02-06 19:00:00+05:45,6.9941,6.9685,1.6752,0.0
DHARAN-002,2026-02-06 20:00:00+05:45,6.2461,6.2366,1.467,0.0
DHARAN-002,2026-02-06 21:00:00+05:45,6.271,6.2615,1.5018,0.0
DHARAN-002,2026-02-06 22:00:00+05:45,7.0734,7.0502,1.6796,0.0
DHARAN-002,2026-02-06 23:00:00+05:45,2.6349,2.6277,0.6211,0.0
DHARAN-002,2026-02-07 00:00:00+05:45,2.6073,2.5905,0.6185,0.0
DHARAN-002,2026-02-07 01:00:00+05:45,3.3274,3.3054,0.7854,0.0
DHARAN-002,2026-02-07 02:00:00+05:45,3.9649,3.9379,0.9554,0.0
DHARAN-002,2026-02-07 03:00:00+05:45,4.2058,4.2042,1.0049,0.0
DHARAN-002,2026-02-07 04:00:00+05:45,2.556,2.5249,0.613,0.0
DHARAN-002,2026-02-07 05:00:00+05:45,3.2557,3.2462,0.781,0.0
DHARAN-002,2026-02-07 06:00:00+05:45,4.9304,4.9161,1.1656,0.0
DHARAN-002,2026-02-07 07:00:00+05:45,6.6455,6.6239,1.5763,0.0
DHARAN-002,2026-02-07 08:00:00+05:45,5.3964,5.3884,1.2952,0.0
DHARAN-002,2026-02-07 09:00:00+05:45,4.9084,4.8965,1.16,0.0
DHARAN-002,2026-02-07 10:00:00+05:45,3.7573,3.7446,0.8933,0.0
DHARAN-002,2026-02-07 11:00:00+05:45,2.6944,2.6811,0.6386,0.0
DHARAN-002,2026-02-07 12:00:00+05:45,3.6979,3.678,0.8873,0.0
DHARAN-002,2026-02-07 13:00:00+05:45,4.1097,4.0884,0.9759,0.0
DHARAN-002,2026-02-07 14:00:00+05:45,3.636,3.618,0.8476,0.0
DHARAN-002,2026-02-07 15:00:00+05:45,3.6231,3.6143,0.863,0.0
DHARAN-002,2026-02-07 16:00:00+05:45,2.7136,2.7066,0.634,0.0
DHARAN-002,2026-02-07 17:00:00+05:45,3.6644,3.642,0.8685,0.0
DHARAN-002,2026-02-07 18:00:00+05:45,6.089,6.0709,1.4573,0.0
DHARAN-002,2026-02-07 19:00:00+05:45,6.1834,6.1529,1.484,0.0
DHARAN-002,2026-02-07 20:00:00+05:45,5.9414,5.9283,1.4241,0.0
DHARAN-002,2026-02-07 21:00:00+05:45,6.9248,6.9004,1.6694,0.0
DHARAN-002,2026-02-07 22:00:00+05:45,5.9312,5.9216,1.4097,0.0
DHARAN-002,2026-02-07 23:00:00+05:45,4.2807,4.2714,1.018,0.0
DHARAN-002,2026-02-08 00:00:00+05:45,3.1236,3.1072,0.7429,0.0
DHARAN-002,2026-02-08 01:00:00+05:45,3.4929,3.4889,0.8317,0.0
DHARAN-002,2026-02-08 02:00:00+05:45,3.1246,3.1149,0.7382,0.0
DHARAN-002,2026-02-08 03:00:00+05:45,3.6122,3.5989,0.8597,0.0
DHARAN-002,2026-02-08 04:00:00+05:45,3.8041,3.7945,0.9223,0.0
DHARAN-002,2026-02-08 05:00:00+05:45,3.9661,3.9329,0.9269,0.0
DHARAN-002,2026-02-08 06:00:00+05:45,5.6058,5.5842,1.3303,0.0
DHARAN-002,2026-02-08 07:00:00+05:45,6.2172,6.1948,1.4773,0.0
DHARAN-002,2026-02-08 08:00:00+05:45,5.8147,5.807,1.3795,0.0
DHARAN-002,2026-02-08 09:00:00+05:45,5.3752,5.3697,1.2848,0.0
DHARAN-002,2026-02-08 10:00:00+05:45,2.4224,2.4096,0.5808,0.0
DHARAN-002,2026-02-08 11:00:00+05:45,3.347,3.3305,0.7916,0.0
DHARAN-002,2026-02-08 12:00:00+05:45,3.1057,3.0837,0.7482,0.0
DHARAN-002,2026-02-08 13:00:00+05:45,3.2031,3.1896,0.7668,0.0
DHARAN-002,2026-02-08 14:00:00+05:45,2.8813,2.8708,0.6911,0.0
DHARAN-002,2026-02-08 15:00:00+05:45,3.1532,3.135,0.7445,0.0
DHARAN-002,2026-02-08 16:00:00+05:45,4.0998,4.0692,0.9646,0.0
DHARAN-002,2026-02-08 17:00:00+05:45,3.5753,3.5642,0.8461,0.0
DHARAN-002,2026-02-08 18:00:00+05:45,6.7701,6.7668,1.6182,0.0
DHARAN-002,2026-02-08 19:00:00+05:45,7.0993,7.0808,1.7022,0.0
DHARAN-002,2026-02-08 20:00:00+05:45,5.9814,5.9563,1.4134,0.0
DHARAN-002,2026-02-08 21:00:00+05:45,6.6966,6.6815,1.5826,0.0
DHARAN-002,2026-02-08 22:00:00+05:45,7.5359,7.5281,1.7872,0.0
DHARAN-002,2026-02-08 23:00:00+05:45,3.3008,3.2878,0.7874,0.0
DHARAN-002,2026-02-09 00:00:00+05:45,2.4521,2.4482,0.5801,0.0
DHARAN-002,2026-02-09 01:00:00+05:45,1.9852,1.9763,0.476,0.0
DHARAN-002,2026-02-09 02:00:00+05:45,2.7135,2.7053,0.6756,0.0
DHARAN-002,2026-02-09 03:00:00+05:45,3.1589,3.1408,0.7582,0.0
DHARAN-002,2026-02-09 04:00:00+05:45,3.9944,3.9711,0.9461,0.0
DHARAN-002,2026-02-09 05:00:00+05:45,3.79,3.7715,0.9121,0.0
DHARAN-002,2026-02-09 06:00:00+05:45,6.0462,6.0375,1.4437,0.0
DHARAN-002,2026-02-09 07:00:00+05:45,5.7701,5.7638,1.3879,0.0
DHARAN-002,2026-02-09 08:00:00+05:45,5.244,5.2273,1.2443,0.0
DHARAN-002,2026-02-09 09:00:00+05:45,6.0455,6.0383,1.4482,0.0
DHARAN-002,2026-02-09 10:00:00+05:45,3.5039,3.4937,0.8419,0.0
DHARAN-002,2026-02-09 11:00:00+05:45,2.3476,2.3203,0.5562,0.0
DHARAN-002,2026-02-09 12:00:00+05:45,2.7939,2.7794,0.6555,0.0
DHARAN-002,2026-02-09 13:00:00+05:45,2.3462,2.3389,0.5672,0.0
DHARAN-002,2026-02-09 14:00:00+05:45,3.1291,3.0993,0.741,0.0
DHARAN-002,2026-02-09 15:00:00+05:45,2.5311,2.5233,0.6073,0.0
DHARAN-002,2026-02-09 16:00:00+05:45,2.6366,2.6215,0.6268,0.0
DHARAN-002,2026-02-09 17:00:00+05:45,2.3584,2.353,0.5613,0.0
DHARAN-002,2026-02-09 18:00:00+05:45,6.4368,6.418,1.5205,0.0
DHARAN-002,2026-02-09 19:00:00+05:45,6.4483,6.4328,1.5404,0.0
DHARAN-002,2026-02-09 20:00:00+05:45,6.6825,6.6683,1.5866,0.0
DHARAN-002,2026-02-09 21:00:00+05:45,6.4369,6.4278,1.5451,0.0
DHARAN-002,2026-02-09 22:00:00+05:45,6.7703,6.7546,1.604,0.0
DHARAN-002,2026-02-09 23:00:00+05:45,4.0375,4.0244,0.9565,0.0
DHARAN-002,2026-02-10 00:00:00+05:45,2.7146,2.6934,0.6326,0.0
DHARAN-002,2026-02-10 01:00:00+05:45,4.2648,4.2601,0.9948,0.0
DHARAN-002,2026-02-10 02:00:00+05:45,2.51,2.4876,0.6249,0.0
DHARAN-002,2026-02-10 03:00:00+05:45,3.6066,3.6014,0.8578,0.0
DHARAN-002,2026-02-10 04:00:00+05:45,3.2343,3.2131,0.7683,0.0
DHARAN-002,2026-02-10 05:00:00+05:45,3.4359,3.4219,0.8118,0.0
DHARAN-002,2026-02-10 06:00:00+05:45,6.1828,6.1773,1.4661,0.0
DHARAN-002,2026-02-10 07:00:00+05:45,6.3112,6.2925,1.491,0.0
DHARAN-002,2026-02-10 08:00:00+05:45,5.7699,5.768,1.358,0.0
DHARAN-002,2026-02-10 09:00:00+05:45,6.1686,6.1448,1.4732,0.0
DHARAN-002,2026-02-10 10:00:00+05:45,3.2828,3.2717,0.7934,0.0
DHARAN-002,2026-02-10 11:00:00+05:45,3.7783,3.7683,0.9016,0.0
DHARAN-002,2026-02-10 12:00:00+05:45,2.9809,2.9519,0.7036,0.0
DHARAN-002,2026-02-10 13:00:00+05:45,2.3048,2.2882,0.5221,0.0
DHARAN-002,2026-02-10 14:00:00+05:45,3.5468,3.5318,0.8486,0.0
DHARAN-002,2026-02-10 15:00:00+05:45,3.3269,3.3183,0.8021,0.0
DHARAN-002,2026-02-10 16:00:00+05:45,3.8067,3.7882,0.9211,0.0
DHARAN-002,2026-02-10 17:00:00+05:45,3.0466,3.0159,0.7345,0.0
DHARAN-002,2026-02-10 18:00:00+05:45,5.8537,5.8402,1.4045,0.0
DHARAN-002,2026-02-10 19:00:00+05:45,5.9929,5.9767,1.4268,0.0
DHARAN-002,2026-02-10 20:00:00+05:45,6.4933,6.4839,1.5472,0.0
DHARAN-002,2026-02-10 21:00:00+05:45,6.6998,6.6888,1.5963,0.0
DHARAN-002,2026-02-10 22:00:00+05:45,7.1211,7.0973,1.6966,0.0
DHARAN-002,2026-02-10 23:00:00+05:45,3.9416,3.9211,0.9262,0.0
DHARAN-002,2026-02-11 00:00:00+05:45,3.2689,3.2559,0.7789,0.0
DHARAN-002,2026-02-11 01:00:00+05:45,2.2084,2.1915,0.519,0.0
DHARAN-002,2026-02-11 02:00:00+05:45,3.6832,3.6629,0.8781,0.0
DHARAN-002,2026-02-11 03:00:00+05:45,2.5308,2.526,0.6137,0.0
DHARAN-002,2026-02-11 04:00:00+05:45,3.1732,3.1654,0.7629,0.0
DHARAN-002,2026-02-11 05:00:00+05:45,3.4234,3.4199,0.8192,0.0
DHARAN-002,2026-02-11 06:00:00+05:45,6.8431,6.8368,1.6297,0.0
DHARAN-002,2026-02-11 07:00:00+05:45,5.2175,5.2039,1.2439,0.0
DHARAN-002,2026-02-11 08:00:00+05:45,6.2152,6.1853,1.4806,0.0
DHARAN-002,2026-02-11 09:00:00+05:45,5.3612,5.338,1.2724,0.0
DHARAN-002,2026-02-11 10:00:00+05:45,3.9266,3.9138,0.9224,0.0
DHARAN-002,2026-02-11 11:00:00+05:45,3.1699,3.1564,0.7783,0.0
DHARAN-002,2026-02-11 12:00:00+05:45,3.8577,3.8434,0.91,0.0
DHARAN-002,2026-02-11 13:00:00+05:45,4.1128,4.1035,0.9829,0.0
DHARAN-002,2026-02-11 14:00:00+05:45,2.9909,2.971,0.7228,0.0
DHARAN-002,2026-02-11 15:00:00+05:45,3.4416,3.4299,0.8136,0.0
DHARAN-002,2026-02-11 16:00:00+05:45,3.1554,3.1374,0.772,0.0
DHARAN-002,2026-02-11 17:00:00+05:45,3.2776,3.2634,0.7909,0.0
DHARAN-002,2026-02-11 18:00:00+05:45,6.3206,6.3141,1.4881,0.0
DHARAN-002,2026-02-11 19:00:00+05:45,6.5034,6.4929,1.5588,0.0
DHARAN-002,2026-02-11 20:00:00+05:45,6.5111,6.4961,1.5523,0.0
DHARAN-002,2026-02-11 21:00:00+05:45,6.528,6.5059,1.559,0.0
DHARAN-002,2026-02-11 22:00:00+05:45,6.2221,6.2043,1.4824,0.0
DHARAN-002,2026-02-11 23:00:00+05:45,3.412,3.3944,0.8062,0.0
DHARAN-002,2026-02-12 00:00:00+05:45,3.4952,3.4887,0.8353,0.0
DHARAN-002,2026-02-12 01:00:00+05:45,2.4854,2.4563,0.6077,0.0
DHARAN-002,2026-02-12 02:00:00+05:45,2.2043,2.1959,0.5135,0.0
DHARAN-002,2026-02-12 03:00:00+05:45,3.7817,3.7685,0.9214,0.0
DHARAN-002,2026-02-12 04:00:00+05:45,4.0332,4.0209,0.9535,0.0
DHARAN-002,2026-02-12 05:00:00+05:45,2.2396,2.2135,0.5458,0.0
DHARAN-002,2026-02-12 06:00:00+05:45,5.3837,5.3664,1.2825,0.0
DHARAN-002,2026-02-12 07:00:00+05:45,4.9217,4.9101,1.168,0.0
DHARAN-002,2026-02-12 08:00:00+05:45,5.687,5.6845,1.3595,0.0
DHARAN-002,2026-02-12 09:00:00+05:45,5.3723,5.3541,1.273,0.0
DHARAN-002,2026-02-12 10:00:00+05:45,3.3233,3.3099,0.7827,0.0
DHARAN-002,2026-02-12 11:00:00+05:45,3.281,3.2583,0.7858,0.0
DHARAN-002,2026-02-12 12:00:00+05:45,3.3965,3.3934,0.814,0.0
DHARAN-002,2026-02-12 13:00:00+05:45,3.7989,3.7834,0.9116,0.0
DHARAN-002,2026-02-12 14:00:00+05:45,4.4896,4.4617,1.0613,0.0
DHARAN-002,2026-02-12 15:00:00+05:45,3.0434,3.0282,0.7144,0.0
DHARAN-002,2026-02-12 16:00:00+05:45,3.5371,3.5243,0.8229,0.0
DHARAN-002,2026-02-12 17:00:00+05:45,3.2454,3.2233,0.7813,0.0
DHARAN-002,2026-02-12 18:00:00+05:45,6.1384,6.1366,1.4518,0.0
DHARAN-002,2026-02-12 19:00:00+05:45,6.6308,6.6099,1.5849,0.0
DHARAN-002,2026-02-12 20:00:00+05:45,6.3518,6.3399,1.5174,0.0
DHARAN-002,2026-02-12 21:00:00+05:45,5.9849,5.9783,1.417,0.0
DHARAN-002,2026-02-12 22:00:00+05:45,6.2592,6.2313,1.487,0.0
DHARAN-002,2026-02-12 23:00:00+05:45,3.2574,3.2402,0.7779,0.0
DHARAN-002,2026-02-13 00:00:00+05:45,2.1788,2.1668,0.5302,0.0
DHARAN-002,2026-02-13 01:00:00+05:45,2.8484,2.8266,0.6934,0.0
DHARAN-002,2026-02-13 02:00:00+05:45,3.4083,3.3989,0.8102,0.0
DHARAN-002,2026-02-13 03:00:00+05:45,3.3324,3.3195,0.7885,0.0
DHARAN-002,2026-02-13 04:00:00+05:45,3.464,3.4482,0.8323,0.0
DHARAN-002,2026-02-13 05:00:00+05:45,3.8969,3.8713,0.9161,0.0
DHARAN-002,2026-02-13 06:00:00+05:45,5.7073,5.6958,1.3586,0.0
DHARAN-002,2026-02-13 07:00:00+05:45,4.5973,4.5836,1.1074,0.0
DHARAN-002,2026-02-13 08:00:00+05:45,5.564,5.5385,1.3113,0.0
DHARAN-002,2026-02-13 09:00:00+05:45,5.2488,5.2376,1.2419,0.0
DHARAN-002,2026-02-13 10:00:00+05:45,3.6481,3.6231,0.8609,0.0
DHARAN-002,2026-02-13 11:00:00+05:45,3.0641,3.0641,0.7199,0.0
DHARAN-002,2026-02-13 12:00:00+05:45,3.9241,3.9091,0.9345,0.0
DHARAN-002,2026-02-13 13:00:00+05:45,2.2294,2.2035,0.5345,0.0
DHARAN-002,2026-02-13 14:00:00+05:45,3.0853,3.07,0.7278,0.0
DHARAN-002,2026-02-13 15:00:00+05:45,3.815,3.8075,0.9065,0.0
DHARAN-002,2026-02-13 16:00:00+05:45,3.3643,3.3453,0.7858,0.0
DHARAN-002,2026-02-13 17:00:00+05:45,3.3033,3.2791,0.765,0.0
DHARAN-002,2026-02-13 18:00:00+05:45,6.8043,6.7835,1.6171,0.0
DHARAN-002,2026-02-13 19:00:00+05:45,6.6771,6.659,1.6106,0.0
DHARAN-002,2026-02-13 20:00:00+05:45,6.279,6.2655,1.4998,0.0
DHARAN-002,2026-02-13 21:00:00+05:45,5.5237,5.4987,1.3323,0.0
DHARAN-002,2026-02-13 22:00:00+05:45,6.5164,6.506,1.5745,0.0
DHARAN-002,2026-02-13 23:00:00+05:45,3.7044,3.6794,0.8847,0.0
DHARAN-002,2026-02-14 00:00:00+05:45,3.7466,3.7328,0.905,0.0
DHARAN-002,2026-02-14 01:00:00+05:45,2.9904,2.987,0.7252,0.0
DHARAN-002,2026-02-14 02:00:00+05:45,2.8399,2.8227,0.6823,0.0
DHARAN-002,2026-02-14 03:00:00+05:45,3.8186,3.7976,0.9043,0.0
DHARAN-002,2026-02-14 04:00:00+05:45,3.1615,3.1477,0.747,0.0
DHARAN-002,2026-02-14 05:00:00+05:45,3.1252,3.1215,0.726,0.0
DHARAN-002,2026-02-14 06:00:00+05:45,4.6332,4.6203,1.0995,0.0
DHARAN-002,2026-02-14 07:00:00+05:45,4.7956,4.788,1.1519,0.0
DHARAN-002,2026-02-14 08:00:00+05:45,6.0603,6.0322,1.4314,0.0
DHARAN-002,2026-02-14 09:00:00+05:45,4.7065,4.703,1.1336,0.0
DHARAN-002,2026-02-14 10:00:00+05:45,3.9381,3.9224,0.9337,0.0
DHARAN-002,2026-02-14 11:00:00+05:45,3.3853,3.3792,0.8066,0.0
DHARAN-002,2026-02-14 12:00:00+05:45,3.523,3.5176,0.8406,0.0
DHARAN-002,2026-02-14 13:00:00+05:45,3.5442,3.5274,0.8479,0.0
DHARAN-002,2026-02-14 14:00:00+05:45,3.2445,3.2277,0.764,0.0
DHARAN-002,2026-02-14 15:00:00+05:45,2.8393,2.8215,0.673,0.0
DHARAN-002,2026-02-14 16:00:00+05:45,3.5709,3.5609,0.8404,0.0
DHARAN-002,2026-02-14 17:00:00+05:45,3.5394,3.5254,0.8592,0.0
DHARAN-002,2026-02-14 18:00:00+05:45,6.2995,6.2857,1.4861,0.0
DHARAN-002,2026-02-14 19:00:00+05:45,6.616,6.6038,1.592,0.0
DHARAN-002,2026-02-14 20:00:00+05:45,6.0525,6.0428,1.4175,0.0
DHARAN-002,2026-02-14 21:00:00+05:45,6.422,6.4197,1.5278,0.0
DHARAN-002,2026-02-14 22:00:00+05:45,6.1311,6.1154,1.4559,0.0
DHARAN-002,2026-02-14 23:00:00+05:45,2.0897,2.0665,0.503,0.0
DHARAN-002,2026-02-15 00:00:00+05:45,3.617,3.6099,0.8496,0.0
DHARAN-002,2026-02-15 01:00:00+05:45,3.9156,3.8879,0.9327,0.0
DHARAN-002,2026-02-15 02:00:00+05:45,3.1916,3.1698,0.7794,0.0
DHARAN-002,2026-02-15 03:00:00+05:45,3.0332,3.0298,0.7258,0.0
DHARAN-002,2026-02-15 04:00:00+05:45,4.0685,4.0409,0.9737,0.0
DHARAN-002,2026-02-15 05:00:00+05:45,3.0173,2.9918,0.7273,0.0
DHARAN-002,2026-02-15 06:00:00+05:45,5.5226,5.5178,1.3155,0.0
DHARAN-002,2026-02-15 07:00:00+05:45,5.3486,5.344,1.2694,0.0
DHARAN-002,2026-02-15 08:00:00+05:45,5.2735,5.258,1.2596,0.0
DHARAN-002,2026-02-15 09:00:00+05:45,6.2958,6.2863,1.5018,0.0
DHARAN-002,2026-02-15 10:00:00+05:45,4.6386,4.6252,1.1086,0.0
DHARAN-002,2026-02-15 11:00:00+05:45,3.0804,3.0648,0.7361,0.0
DHARAN-002,2026-02-15 12:00:00+05:45,3.752,3.7284,0.8895,0.0
DHARAN-002,2026-02-15 13:00:00+05:45,3.8063,3.7883,0.9043,0.0
DHARAN-002,2026-02-15 14:00:00+05:45,3.7862,3.7512,0.912,0.0
DHARAN-002,2026-02-15 15:00:00+05:45,2.9994,2.9941,0.7175,0.0
DHARAN-002,2026-02-15 16:00:00+05:45,2.715,2.6818,0.6371,0.0
DHARAN-002,2026-02-15 17:00:00+05:45,2.9998,2.983,0.7109,0.0
DHARAN-002,2026-02-15 18:00:00+05:45,6.9729,6.9457,1.6391,0.0
DHARAN-002,2026-02-15 19:00:00+05:45,6.2809,6.2609,1.4904,0.0
DHARAN-002,2026-02-15 20:00:00+05:45,6.326,6.3174,1.5166,0.0
DHARAN-002,2026-02-15 21:00:00+05:45,7.0087,6.9954,1.6568,0.0
DHARAN-002,2026-02-15 22:00:00+05:45,6.5595,6.5581,1.5504,0.0
DHARAN-002,2026-02-15 23:00:00+05:45,3.1276,3.1102,0.7254,0.0
DHARAN-002,2026-02-16 00:00:00+05:45,2.7074,2.6842,0.6435,0.0
DHARAN-002,2026-02-16 01:00:00+05:45,1.9954,1.9834,0.4734,0.0
DHARAN-002,2026-02-16 02:00:00+05:45,2.4475,2.4336,0.582,0.0
DHARAN-002,2026-02-16 03:00:00+05:45,3.2457,3.2389,0.7761,0.0
DHARAN-002,2026-02-16 04:00:00+05:45,2.511,2.4891,0.6044,0.0
DHARAN-002,2026-02-16 05:00:00+05:45,3.3865,3.3798,0.807,0.0
DHARAN-002,2026-02-16 06:00:00+05:45,5.4031,5.3841,1.2794,0.0
DHARAN-002,2026-02-16 07:00:00+05:45,5.2171,5.2075,1.267,0.0
DHARAN-002,2026-02-16 08:00:00+05:45,5.2825,5.2708,1.2664,0.0
DHARAN-002,2026-02-16 09:00:00+05:45,5.9721,5.9492,1.4223,0.0
DHARAN-002,2026-02-16 10:00:00+05:45,2.4994,2.4989,0.598,0.0
DHARAN-002,2026-02-16 11:00:00+05:45,3.015,2.9897,0.7278,0.0
DHARAN-002,2026-02-16 12:00:00+05:45,3.5189,3.5073,0.8282,0.0
DHARAN-002,2026-02-16 13:00:00+05:45,2.7158,2.6987,0.6566,0.0
DHARAN-002,2026-02-16 14:00:00+05:45,4.2006,4.1886,0.9962,0.0
DHARAN-002,2026-02-16 15:00:00+05:45,3.1754,3.1442,0.7563,0.0
DHARAN-002,2026-02-16 16:00:00+05:45,3.9039,3.8881,0.927,0.0
DHARAN-002,2026-02-16 17:00:00+05:45,3.4424,3.4308,0.8149,0.0
DHARAN-002,2026-02-16 18:00:00+05:45,5.9959,5.9807,1.4178,0.0
DHARAN-002,2026-02-16 19:00:00+05:45,6.924,6.9049,1.6329,0.0
DHARAN-002,2026-02-16 20:00:00+05:45,6.6887,6.6721,1.5621,0.0
DHARAN-002,2026-02-16 21:00:00+05:45,5.8191,5.7917,1.3882,0.0
DHARAN-002,2026-02-16 22:00:00+05:45,5.6977,5.6738,1.3637,0.0
DHARAN-002,2026-02-16 23:00:00+05:45,3.1305,3.1069,0.7464,0.0
DHARAN-002,2026-02-17 00:00:00+05:45,2.8518,2.8479,0.693,0.0
DHARAN-002,2026-02-17 01:00:00+05:45,3.5754,3.5659,0.8488,0.0
DHARAN-002,2026-02-17 02:00:00+05:45,2.6769,2.653,0.6399,0.0
DHARAN-002,2026-02-17 03:00:00+05:45,2.824,2.8186,0.6787,0.0
DHARAN-002,2026-02-17 04:00:00+05:45,3.1001,3.0682,0.7349,0.0
DHARAN-002,2026-02-17 05:00:00+05:45,3.3794,3.3575,0.8051,0.0
DHARAN-002,2026-02-17 06:00:00+05:45,5.8898,5.8564,1.4078,0.0
DHARAN-002,2026-02-17 07:00:00+05:45,5.5592,5.5398,1.3214,0.0
DHARAN-002,2026-02-17 08:00:00+05:45,5.7974,5.7871,1.3658,0.0
DHARAN-002,2026-02-17 09:00:00+05:45,5.9635,5.9406,1.4183,0.0
DHARAN-002,2026-02-17 10:00:00+05:45,3.1494,3.1286,0.7532,0.0
DHARAN-002,2026-02-17 11:00:00+05:45,3.4194,3.3937,0.822,0.0
DHARAN-002,2026-02-17 12:00:00+05:45,3.638,3.6268,0.8669,0.0
DHARAN-002,2026-02-17 13:00:00+05:45,3.4817,3.4795,0.8227,0.0
DHARAN-002,2026-02-17 14:00:00+05:45,3.4872,3.4834,0.8241,0.0
DHARAN-002,2026-02-17 15:00:00+05:45,3.3985,3.3788,0.8025,0.0
DHARAN-002,2026-02-17 16:00:00+05:45,3.6631,3.6565,0.8753,0.0
DHARAN-002,2026-02-17 17:00:00+05:45,2.4084,2.3878,0.563,0.0
DHARAN-002,2026-02-17 18:00:00+05:45,6.9399,6.9185,1.6593,0.0
DHARAN-002,2026-02-17 19:00:00+05:45,5.5879,5.5719,1.3387,0.0
DHARAN-002,2026-02-17 20:00:00+05:45,6.7814,6.7683,1.5986,0.0
DHARAN-002,2026-02-17 21:00:00+05:45,5.907,5.8975,1.4152,0.0
DHARAN-002,2026-02-17 22:00:00+05:45,7.5297,7.5058,1.7856,0.0
DHARAN-002,2026-02-17 23:00:00+05:45,3.1513,3.1307,0.7503,0.0
DHARAN-002,2026-02-18 00:00:00+05:45,3.0052,2.9956,0.7183,0.0
DHARAN-002,2026-02-18 01:00:00+05:45,3.0482,3.0398,0.7253,0.0
DHARAN-002,2026-02-18 02:00:00+05:45,3.4273,3.4138,0.8133,0.0
DHARAN-002,2026-02-18 03:00:00+05:45,2.859,2.848,0.6797,0.0
DHARAN-002,2026-02-18 04:00:00+05:45,3.3392,3.3342,0.7846,0.0
DHARAN-002,2026-02-18 05:00:00+05:45,4.3643,4.346,1.0398,0.0
DHARAN-002,2026-02-18 06:00:00+05:45,5.2284,5.2144,1.234,0.0
DHARAN-002,2026-02-18 07:00:00+05:45,5.3404,5.3276,1.277,0.0
DHARAN-002,2026-02-18 08:00:00+05:45,5.7798,5.7651,1.3745,0.0
DHARAN-002,2026-02-18 09:00:00+05:45,5.1727,5.1614,1.2389,0.0
DHARAN-002,2026-02-18 10:00:00+05:45,3.5303,3.5089,0.8342,0.0
DHARAN-002,2026-02-18 11:00:00+05:45,3.2864,3.2728,0.7788,0.0
DHARAN-002,2026-02-18 12:00:00+05:45,2.385,2.373,0.5699,0.0
DHARAN-002,2026-02-18 13:00:00+05:45,2.7254,2.7093,0.6543,0.0
DHARAN-002,2026-02-18 14:00:00+05:45,2.6722,2.6448,0.643,0.0
DHARAN-002,2026-02-18 15:00:00+05:45,2.4567,2.451,0.5867,0.0
DHARAN-002,2026-02-18 16:00:00+05:45,2.8851,2.878,0.6888,0.0
DHARAN-002,2026-02-18 17:00:00+05:45,3.6151,3.5934,0.8479,0.0
DHARAN-002,2026-02-18 18:00:00+05:45,6.8412,6.8282,1.642,0.0
DHARAN-002,2026-02-18 19:00:00+05:45,6.6504,6.6214,1.5751,0.0
DHARAN-002,2026-02-18 20:00:00+05:45,6.9547,6.9186,1.6473,0.0
DHARAN-002,2026-02-18 21:00:00+05:45,6.417,6.4006,1.5306,0.0
DHARAN-002,2026-02-18 22:00:00+05:45,5.9215,5.9203,1.4092,0.0
DHARAN-002,2026-02-18 23:00:00+05:45,3.0003,2.9777,0.7155,0.0
DHARAN-002,2026-02-19 00:00:00+05:45,3.7932,3.7616,0.9123,0.0
DHARAN-002,2026-02-19 01:00:00+05:45,3.3562,3.3541,0.7968,0.0
DHARAN-002,2026-02-19 02:00:00+05:45,3.0013,2.9849,0.7046,0.0
DHARAN-002,2026-02-19 03:00:00+05:45,3.3352,3.3318,0.7919,0.0
DHARAN-002,2026-02-19 04:00:00+05:45,3.2794,3.2557,0.7674,0.0
DHARAN-002,2026-02-19 05:00:00+05:45,3.2712,3.2663,0.764,0.0
DHARAN-002,2026-02-19 06:00:00+05:45,5.1469,5.1272,1.2077,0.0
DHARAN-002,2026-02-19 07:00:00+05:45,5.4142,5.4057,1.2896,0.0
DHARAN-002,2026-02-19 08:00:00+05:45,5.7094,5.6942,1.3575,0.0
DHARAN-002,2026-02-19 09:00:00+05:45,4.9881,4.9774,1.1851,0.0
DHARAN-002,2026-02-19 10:00:00+05:45,2.8255,2.7932,0.6607,0.0
DHARAN-002,2026-02-19 11:00:00+05:45,4.2769,4.264,1.0121,0.0
DHARAN-002,2026-02-19 12:00:00+05:45,3.2526,3.2409,0.7706,0.0
DHARAN-002,2026-02-19 13:00:00+05:45,3.8551,3.8424,0.9373,0.0
DHARAN-002,2026-02-19 14:00:00+05:45,3.6417,3.6287,0.8751,0.0
DHARAN-002,2026-02-19 15:00:00+05:45,3.6317,3.6271,0.8502,0.0
DHARAN-002,2026-02-19 16:00:00+05:45,2.5444,2.5417,0.6148,0.0
DHARAN-002,2026-02-19 17:00:00+05:45,2.4938,2.469,0.603,0.0
DHARAN-002,2026-02-19 18:00:00+05:45,6.224,6.2166,1.4816,0.0
DHARAN-002,2026-02-19 19:00:00+05:45,6.7743,6.7664,1.5951,0.0
DHARAN-002,2026-02-19 20:00:00+05:45,7.2639,7.2487,1.726,0.0
DHARAN-002,2026-02-19 21:00:00+05:45,6.5973,6.5674,1.5671,0.0
DHARAN-002,2026-02-19 22:00:00+05:45,6.6638,6.6522,1.5815,0.0
DHARAN-002,2026-02-19 23:00:00+05:45,3.6564,3.6405,0.8797,0.0
DHARAN-002,2026-02-20 00:00:00+05:45,4.6248,4.6079,1.125,0.0
DHARAN-002,2026-02-20 01:00:00+05:45,3.3996,3.3862,0.8116,0.0
DHARAN-002,2026-02-20 02:00:00+05:45,3.3078,3.291,0.79,0.0
DHARAN-002,2026-02-20 03:00:00+05:45,3.1069,3.094,0.7205,0.0
DHARAN-002,2026-02-20 04:00:00+05:45,3.5321,3.5097,0.8474,0.0
DHARAN-002,2026-02-20 05:00:00+05:45,3.6582,3.6515,0.867,0.0
DHARAN-002,2026-02-20 06:00:00+05:45,5.2503,5.2414,1.234,0.0
DHARAN-002,2026-02-20 07:00:00+05:45,5.8473,5.8242,1.4012,0.0
DHARAN-002,2026-02-20 08:00:00+05:45,5.1776,5.1683,1.2419,0.0
DHARAN-002,2026-02-20 09:00:00+05:45,5.2991,5.2836,1.2578,0.0
DHARAN-002,2026-02-20 10:00:00+05:45,2.7187,2.7129,0.6476,0.0
DHARAN-002,2026-02-20 11:00:00+05:45,3.6292,3.6144,0.8562,0.0
DHARAN-002,2026-02-20 12:00:00+05:45,3.4788,3.4651,0.8116,0.0
DHARAN-002,2026-02-20 13:00:00+05:45,2.8191,2.8131,0.6657,0.0
DHARAN-002,2026-02-20 14:00:00+05:45,3.1417,3.1323,0.7537,0.0
DHARAN-002,2026-02-20 15:00:00+05:45,3.1818,3.1579,0.749,0.0
DHARAN-002,2026-02-20 16:00:00+05:45,3.7521,3.7391,0.8901,0.0
DHARAN-002,2026-02-20 17:00:00+05:45,2.0982,2.0949,0.4961,0.0
DHARAN-002,2026-02-20 18:00:00+05:45,5.4042,5.387,1.2882,0.0
DHARAN-002,2026-02-20 19:00:00+05:45,6.2141,6.1954,1.4649,0.0
DHARAN-002,2026-02-20 20:00:00+05:45,6.3098,6.2822,1.4891,0.0
DHARAN-002,2026-02-20 21:00:00+05:45,6.6073,6.5967,1.5806,0.0
DHARAN-002,2026-02-20 22:00:00+05:45,5.6492,5.6426,1.3454,0.0
DHARAN-002,2026-02-20 23:00:00+05:45,3.1164,3.1155,0.7395,0.0
DHARAN-002,2026-02-21 00:00:00+05:45,2.6146,2.6,0.6274,0.0
DHARAN-002,2026-02-21 01:00:00+05:45,3.0121,3.0027,0.7197,0.0
DHARAN-002,2026-02-21 02:00:00+05:45,2.5199,2.5066,0.6051,0.0
DHARAN-002,2026-02-21 03:00:00+05:45,3.1198,3.1015,0.7418,0.0
DHARAN-002,2026-02-21 04:00:00+05:45,3.59,3.5877,0.8608,0.0
DHARAN-002,2026-02-21 05:00:00+05:45,3.9281,3.9207,0.9316,0.0
DHARAN-002,2026-02-21 06:00:00+05:45,5.7447,5.7159,1.3576,0.0
DHARAN-002,2026-02-21 07:00:00+05:45,5.7308,5.7254,1.3544,0.0
DHARAN-002,2026-02-21 08:00:00+05:45,5.5306,5.5128,1.32,0.0
DHARAN-002,2026-02-21 09:00:00+05:45,6.3841,6.3766,1.5176,0.0
DHARAN-002,2026-02-21 10:00:00+05:45,2.7009,2.6817,0.6274,0.0
DHARAN-002,2026-02-21 11:00:00+05:45,3.4839,3.4667,0.8328,0.0
DHARAN-002,2026-02-21 12:00:00+05:45,2.7899,2.7843,0.6606,0.0
DHARAN-002,2026-02-21 13:00:00+05:45,3.065,3.0539,0.7359,0.0
DHARAN-002,2026-02-21 14:00:00+05:45,3.0611,3.0478,0.7374,0.0
DHARAN-002,2026-02-21 15:00:00+05:45,3.3434,3.3259,0.7792,0.0
DHARAN-002,2026-02-21 16:00:00+05:45,3.46,3.438,0.8191,0.0
DHARAN-002,2026-02-21 17:00:00+05:45,3.512,3.4913,0.8335,0.0
DHARAN-002,2026-02-21 18:00:00+05:45,5.2405,5.2128,1.2279,0.0
DHARAN-002,2026-02-21 19:00:00+05:45,6.4329,6.4082,1.5451,0.0
DHARAN-002,2026-02-21 20:00:00+05:45,6.0516,6.0469,1.4358,0.0
DHARAN-002,2026-02-21 21:00:00+05:45,7.4444,7.4289,1.7862,0.0
DHARAN-002,2026-02-21 22:00:00+05:45,5.3088,5.2972,1.2644,0.0
DHARAN-002,2026-02-21 23:00:00+05:45,3.8279,3.8038,0.9155,0.0
DHARAN-002,2026-02-22 00:00:00+05:45,2.7444,2.7315,0.6561,0.0
DHARAN-002,2026-02-22 01:00:00+05:45,3.5363,3.5155,0.8385,0.0
DHARAN-002,2026-02-22 02:00:00+05:45,3.4327,3.4249,0.811,0.0
DHARAN-002,2026-02-22 03:00:00+05:45,3.5321,3.5305,0.8257,0.0
DHARAN-002,2026-02-22 04:00:00+05:45,3.5453,3.5186,0.8377,0.0
DHARAN-002,2026-02-22 05:00:00+05:45,3.6417,3.6233,0.8661,0.0
DHARAN-002,2026-02-22 06:00:00+05:45,5.1761,5.1718,1.2361,0.0
DHARAN-002,2026-02-22 07:00:00+05:45,6.3295,6.3219,1.5027,0.0
DHARAN-002,2026-02-22 08:00:00+05:45,5.7452,5.7223,1.3569,0.0
DHARAN-002,2026-02-22 09:00:00+05:45,4.9692,4.951,1.213,0.0
DHARAN-002,2026-02-22 10:00:00+05:45,2.8497,2.8271,0.6726,0.0
DHARAN-002,2026-02-22 11:00:00+05:45,3.9029,3.878,0.9126,0.0
DHARAN-002,2026-02-22 12:00:00+05:45,4.2087,4.182,0.9889,0.0
DHARAN-002,2026-02-22 13:00:00+05:45,3.1996,3.1648,0.7741,0.0
DHARAN-002,2026-02-22 14:00:00+05:45,3.3527,3.3421,0.7866,0.0
DHARAN-002,2026-02-22 15:00:00+05:45,3.6598,3.6481,0.8947,0.0
DHARAN-002,2026-02-22 16:00:00+05:45,3.2407,3.2171,0.7672,0.0
DHARAN-002,2026-02-22 17:00:00+05:45,2.7468,2.7219,0.6477,0.0
DHARAN-002,2026-02-22 18:00:00+05:45,7.5906,7.5793,1.8006,0.0
DHARAN-002,2026-02-22 19:00:00+05:45,5.8122,5.7913,1.3664,0.0
DHARAN-002,2026-02-22 20:00:00+05:45,6.3041,6.2966,1.5164,0.0
DHARAN-002,2026-02-22 21:00:00+05:45,6.7123,6.7118,1.5948,0.0
DHARAN-002,2026-02-22 22:00:00+05:45,6.6361,6.6103,1.595,0.0
DHARAN-002,2026-02-22 23:00:00+05:45,3.3584,3.3355,0.804,0.0
DHARAN-002,2026-02-23 00:00:00+05:45,3.503,3.4873,0.8214,0.0
DHARAN-002,2026-02-23 01:00:00+05:45,3.3304,3.3133,0.7957,0.0
DHARAN-002,2026-02-23 02:00:00+05:45,4.1075,4.0873,0.9828,0.0
DHARAN-002,2026-02-23 03:00:00+05:45,2.7454,2.7287,0.6733,0.0
DHARAN-002,2026-02-23 04:00:00+05:45,3.4541,3.4511,0.8234,0.0
DHARAN-002,2026-02-23 05:00:00+05:45,3.4358,3.4279,0.8155,0.0
DHARAN-002,2026-02-23 06:00:00+05:45,4.8698,4.8496,1.1619,0.0
DHARAN-002,2026-02-23 07:00:00+05:45,5.7368,5.7207,1.3743,0.0
DHARAN-002,2026-02-23 08:00:00+05:45,5.9623,5.9468,1.4308,0.0
DHARAN-002,2026-02-23 09:00:00+05:45,6.1862,6.162,1.4851,0.0
DHARAN-002,2026-02-23 10:00:00+05:45,4.079,4.0667,0.9733,0.0
DHARAN-002,2026-02-23 11:00:00+05:45,3.785,3.7812,0.903,0.0
DHARAN-002,2026-02-23 12:00:00+05:45,3.2408,3.2199,0.7671,0.0
DHARAN-002,2026-02-23 13:00:00+05:45,2.8172,2.7944,0.6733,0.0
DHARAN-002,2026-02-23 14:00:00+05:45,3.1804,3.1555,0.7718,0.0
DHARAN-002,2026-02-23 15:00:00+05:45,3.2075,3.2037,0.7533,0.0
DHARAN-002,2026-02-23 16:00:00+05:45,3.2312,3.2169,0.7645,0.0
DHARAN-002,2026-02-23 17:00:00+05:45,2.5801,2.5529,0.637,0.0
DHARAN-002,2026-02-23 18:00:00+05:45,6.5517,6.5293,1.5488,0.0
DHARAN-002,2026-02-23 19:00:00+05:45,6.668,6.649,1.5907,0.0
DHARAN-002,2026-02-23 20:00:00+05:45,7.1053,7.0751,1.691,0.0
DHARAN-002,2026-02-23 21:00:00+05:45,5.56,5.5371,1.3391,0.0
DHARAN-002,2026-02-23 22:00:00+05:45,6.0491,6.0234,1.4208,0.0
DHARAN-002,2026-02-23 23:00:00+05:45,4.1073,4.0997,0.9695,0.0
DHARAN-002,2026-02-24 00:00:00+05:45,2.4953,2.4923,0.5799,0.0
DHARAN-002,2026-02-24 01:00:00+05:45,4.0974,4.083,0.9692,0.0
DHARAN-002,2026-02-24 02:00:00+05:45,3.5132,3.4998,0.832,0.0
DHARAN-002,2026-02-24 03:00:00+05:45,4.046,4.0298,0.9501,0.0
DHARAN-002,2026-02-24 04:00:00+05:45,3.0216,3.0205,0.707,0.0
DHARAN-002,2026-02-24 05:00:00+05:45,3.5251,3.5167,0.8323,0.0
DHARAN-002,2026-02-24 06:00:00+05:45,6.0518,6.0412,1.4412,0.0
DHARAN-002,2026-02-24 07:00:00+05:45,6.0041,5.9821,1.4399,0.0
DHARAN-002,2026-02-24 08:00:00+05:45,4.5744,4.559,1.0864,0.0
DHARAN-002,2026-02-24 09:00:00+05:45,5.3056,5.2913,1.2595,0.0
DHARAN-002,2026-02-24 10:00:00+05:45,3.8258,3.8072,0.9056,0.0
DHARAN-002,2026-02-24 11:00:00+05:45,3.4,3.3874,0.814,0.0
DHARAN-002,2026-02-24 12:00:00+05:45,3.39,3.3661,0.8088,0.0
DHARAN-002,2026-02-24 13:00:00+05:45,3.3339,3.3302,0.7902,0.0
DHARAN-002,2026-02-24 14:00:00+05:45,3.7239,3.7173,0.8922,0.0
DHARAN-002,2026-02-24 15:00:00+05:45,4.1294,4.1066,0.9765,0.0
DHARAN-002,2026-02-24 16:00:00+05:45,3.4971,3.4844,0.8335,0.0
DHARAN-002,2026-02-24 17:00:00+05:45,3.7098,3.6953,0.8725,0.0
DHARAN-002,2026-02-24 18:00:00+05:45,7.4167,7.4128,1.7678,0.0
DHARAN-002,2026-02-24 19:00:00+05:45,5.4449,5.4332,1.3125,0.0
DHARAN-002,2026-02-24 20:00:00+05:45,6.2904,6.2756,1.4912,0.0
DHARAN-002,2026-02-24 21:00:00+05:45,6.8069,6.7918,1.6203,0.0
DHARAN-002,2026-02-24 22:00:00+05:45,6.1458,6.1431,1.4497,0.0
DHARAN-002,2026-02-24 23:00:00+05:45,3.4164,3.3951,0.8152,0.0
DHARAN-002,2026-02-25 00:00:00+05:45,3.2616,3.2488,0.7765,0.0
DHARAN-002,2026-02-25 01:00:00+05:45,3.9741,3.9433,0.9462,0.0
DHARAN-002,2026-02-25 02:00:00+05:45,3.4099,3.396,0.8117,0.0
DHARAN-002,2026-02-25 03:00:00+05:45,3.5326,3.5165,0.8467,0.0
DHARAN-002,2026-02-25 04:00:00+05:45,3.2889,3.2711,0.78,0.0
DHARAN-002,2026-02-25 05:00:00+05:45,3.4782,3.4507,0.8272,0.0
DHARAN-002,2026-02-25 06:00:00+05:45,5.8793,5.8639,1.375,0.0
DHARAN-002,2026-02-25 07:00:00+05:45,6.0163,5.9901,1.4394,0.0
DHARAN-002,2026-02-25 08:00:00+05:45,5.2253,5.2125,1.2398,0.0
DHARAN-002,2026-02-25 09:00:00+05:45,5.7805,5.7718,1.3785,0.0
DHARAN-002,2026-02-25 10:00:00+05:45,3.1966,3.1778,0.7464,0.0
DHARAN-002,2026-02-25 11:00:00+05:45,2.666,2.6582,0.6243,0.0
DHARAN-002,2026-02-25 12:00:00+05:45,3.6686,3.6486,0.8682,0.0
DHARAN-002,2026-02-25 13:00:00+05:45,4.1727,4.1528,1.0014,0.0
DHARAN-002,2026-02-25 14:00:00+05:45,3.8809,3.8719,0.9302,0.0
DHARAN-002,2026-02-25 15:00:00+05:45,3.14,3.1363,0.7445,0.0
DHARAN-002,2026-02-25 16:00:00+05:45,3.4934,3.468,0.8452,0.0
DHARAN-002,2026-02-25 17:00:00+05:45,3.6073,3.5869,0.8407,0.0
DHARAN-002,2026-02-25 18:00:00+05:45,6.1945,6.1776,1.4825,0.0
DHARAN-002,2026-02-25 19:00:00+05:45,6.4122,6.4046,1.5154,0.0
DHARAN-002,2026-02-25 20:00:00+05:45,7.4495,7.4362,1.7616,0.0
DHARAN-002,2026-02-25 21:00:00+05:45,7.2548,7.2381,1.7348,0.0
DHARAN-002,2026-02-25 22:00:00+05:45,5.8105,5.8087,1.3659,0.0
DHARAN-002,2026-02-25 23:00:00+05:45,2.5204,2.4949,0.6061,0.0
DHARAN-002,2026-02-26 00:00:00+05:45,3.7579,3.7348,0.8936,0.0
DHARAN-002,2026-02-26 01:00:00+05:45,3.2305,3.2023,0.7652,0.0
DHARAN-002,2026-02-26 02:00:00+05:45,3.1168,3.0981,0.7494,0.0
DHARAN-002,2026-02-26 03:00:00+05:45,3.6493,3.6263,0.8678,0.0
DHARAN-002,2026-02-26 04:00:00+05:45,3.1755,3.1575,0.7548,0.0
DHARAN-002,2026-02-26 05:00:00+05:45,3.4812,3.4632,0.8135,0.0
DHARAN-002,2026-02-26 06:00:00+05:45,5.43,5.4069,1.2878,0.0
DHARAN-002,2026-02-26 07:00:00+05:45,5.981,5.978,1.4172,0.0
DHARAN-002,2026-02-26 08:00:00+05:45,4.3568,4.3383,1.0252,0.0
DHARAN-002,2026-02-26 09:00:00+05:45,5.579,5.5485,1.3217,0.0
DHARAN-002,2026-02-26 10:00:00+05:45,4.0227,4.0148,0.9486,0.0
DHARAN-002,2026-02-26 11:00:00+05:45,2.7949,2.7749,0.6882,0.0
DHARAN-002,2026-02-26 12:00:00+05:45,3.8782,3.8578,0.912,0.0
DHARAN-002,2026-02-26 13:00:00+05:45,3.1716,3.1632,0.7605,0.0
DHARAN-002,2026-02-26 14:00:00+05:45,3.1503,3.1213,0.7594,0.0
DHARAN-002,2026-02-26 15:00:00+05:45,2.6075,2.607,0.6227,0.0
DHARAN-002,2026-02-26 16:00:00+05:45,3.4212,3.409,0.8146,0.0
DHARAN-002,2026-02-26 17:00:00+05:45,2.8018,2.7911,0.6671,0.0
DHARAN-002,2026-02-26 18:00:00+05:45,6.3893,6.3729,1.5026,0.0
DHARAN-002,2026-02-26 19:00:00+05:45,6.63,6.6213,1.583,0.0
DHARAN-002,2026-02-26 20:00:00+05:45,6.4686,6.4559,1.5163,0.0
DHARAN-002,2026-02-26 21:00:00+05:45,6.529,6.522,1.5624,0.0
DHARAN-002,2026-02-26 22:00:00+05:45,6.0772,6.0574,1.4243,0.0
DHARAN-002,2026-02-26 23:00:00+05:45,4.0849,4.0811,0.9759,0.0
DHARAN-002,2026-02-27 00:00:00+05:45,2.7289,2.712,0.646,0.0
DHARAN-002,2026-02-27 01:00:00+05:45,3.2453,3.2228,0.7777,0.0
DHARAN-002,2026-02-27 02:00:00+05:45,3.0314,3.0149,0.7188,0.0
DHARAN-002,2026-02-27 03:00:00+05:45,3.0508,3.0392,0.7348,0.0
DHARAN-002,2026-02-27 04:00:00+05:45,4.2606,4.2374,1.0038,0.0
DHARAN-002,2026-02-27 05:00:00+05:45,2.8179,2.7941,0.6846,0.0
DHARAN-002,2026-02-27 06:00:00+05:45,6.0236,6.0115,1.4329,0.0
DHARAN-002,2026-02-27 07:00:00+05:45,4.8589,4.8344,1.1486,0.0
DHARAN-002,2026-02-27 08:00:00+05:45,5.1893,5.1644,1.2428,0.0
DHARAN-002,2026-02-27 09:00:00+05:45,5.3097,5.2956,1.2473,0.0
DHARAN-002,2026-02-27 10:00:00+05:45,3.0788,3.0669,0.7326,0.0
DHARAN-002,2026-02-27 11:00:00+05:45,3.8748,3.8511,0.9141,0.0
DHARAN-002,2026-02-27 12:00:00+05:45,3.3465,3.3316,0.8011,0.0
DHARAN-002,2026-02-27 13:00:00+05:45,3.1159,3.0929,0.7279,0.0
DHARAN-002,2026-02-27 14:00:00+05:45,3.1886,3.1613,0.768,0.0
DHARAN-002,2026-02-27 15:00:00+05:45,3.3355,3.3081,0.7954,0.0
DHARAN-002,2026-02-27 16:00:00+05:45,3.002,2.9889,0.7178,0.0
DHARAN-002,2026-02-27 17:00:00+05:45,2.6209,2.612,0.621,0.0
DHARAN-002,2026-02-27 18:00:00+05:45,6.0642,6.0539,1.4506,0.0
DHARAN-002,2026-02-27 19:00:00+05:45,5.9671,5.9533,1.4184,0.0
DHARAN-002,2026-02-27 20:00:00+05:45,6.4984,6.4846,1.5248,0.0
DHARAN-002,2026-02-27 21:00:00+05:45,6.7137,6.6992,1.5916,0.0
DHARAN-002,2026-02-27 22:00:00+05:45,6.5188,6.5022,1.5519,0.0
DHARAN-002,2026-02-27 23:00:00+05:45,2.9564,2.9413,0.7086,0.0
DHARAN-002,2026-02-28 00:00:00+05:45,2.3378,2.3055,0.5424,0.0
DHARAN-002,2026-02-28 01:00:00+05:45,3.3843,3.3606,0.7994,0.0
DHARAN-002,2026-02-28 02:00:00+05:45,2.6413,2.6297,0.62,0.0
DHARAN-002,2026-02-28 03:00:00+05:45,4.4188,4.3965,1.0539,0.0
DHARAN-002,2026-02-28 04:00:00+05:45,3.2697,3.2588,0.7576,0.0
DHARAN-002,2026-02-28 05:00:00+05:45,3.8841,3.8658,0.9188,0.0
DHARAN-002,2026-02-28 06:00:00+05:45,5.6508,5.6451,1.3518,0.0
DHARAN-002,2026-02-28 07:00:00+05:45,6.084,6.0596,1.4532,0.0
DHARAN-002,2026-02-28 08:00:00+05:45,5.7873,5.7659,1.3665,0.0
DHARAN-002,2026-02-28 09:00:00+05:45,4.3444,4.3322,1.0285,0.0
DHARAN-002,2026-02-28 10:00:00+05:45,3.8826,3.8628,0.9188,0.0
DHARAN-002,2026-02-28 11:00:00+05:45,3.0981,3.0865,0.7463,0.0
DHARAN-002,2026-02-28 12:00:00+05:45,2.341,2.3378,0.563,0.0
DHARAN-002,2026-02-28 13:00:00+05:45,2.5518,2.5326,0.6065,0.0
DHARAN-002,2026-02-28 14:00:00+05:45,3.2358,3.2284,0.7752,0.0
DHARAN-002,2026-02-28 15:00:00+05:45,3.079,3.0645,0.7409,0.0
DHARAN-002,2026-02-28 16:00:00+05:45,2.533,2.5225,0.5964,0.0
DHARAN-002,2026-02-28 17:00:00+05:45,3.4969,3.4793,0.8242,0.0
DHARAN-002,2026-02-28 18:00:00+05:45,6.7001,6.689,1.6149,0.0
DHARAN-002,2026-02-28 19:00:00+05:45,6.9563,6.9265,1.6514,0.0
DHARAN-002,2026-02-28 20:00:00+05:45,7.251,7.238,1.7236,0.0
DHARAN-002,2026-02-28 21:00:00+05:45,5.8779,5.8662,1.404,0.0
DHARAN-002,2026-02-28 22:00:00+05:45,6.0443,6.0261,1.4479,0.0
DHARAN-002,2026-02-28 23:00:00+05:45,4.1642,4.1518,0.9826,0.0
DHARAN-002,2026-03-01 00:00:00+05:45,3.7967,3.7821,0.9007,0.0
DHARAN-002,2026-03-01 01:00:00+05:45,3.2118,3.1916,0.7666,0.0
DHARAN-002,2026-03-01 02:00:00+05:45,3.3131,3.3043,0.7958,0.0
DHARAN-002,2026-03-01 03:00:00+05:45,3.4431,3.4306,0.8157,0.0
DHARAN-002,2026-03-01 04:00:00+05:45,2.7513,2.728,0.6432,0.0
DHARAN-002,2026-03-01 05:00:00+05:45,2.3237,2.3104,0.5405,0.0
DHARAN-002,2026-03-01 06:00:00+05:45,5.7033,5.6751,1.3471,0.0
DHARAN-002,2026-03-01 07:00:00+05:45,6.0771,6.0732,1.4446,0.0
DHARAN-002,2026-03-01 08:00:00+05:45,4.576,4.5502,1.0812,0.0
DHARAN-002,2026-03-01 09:00:00+05:45,5.1407,5.1301,1.2265,0.0
DHARAN-002,2026-03-01 10:00:00+05:45,3.0205,3.0038,0.7089,0.0
DHARAN-002,2026-03-01 11:00:00+05:45,3.2626,3.2591,0.7515,0.0
DHARAN-002,2026-03-01 12:00:00+05:45,3.506,3.4922,0.8447,0.0
DHARAN-002,2026-03-01 13:00:00+05:45,3.3805,3.3676,0.7968,0.0
DHARAN-002,2026-03-01 14:00:00+05:45,3.0757,3.0693,0.735,0.0
DHARAN-002,2026-03-01 15:00:00+05:45,3.6017,3.5833,0.8549,0.0
DHARAN-002,2026-03-01 16:00:00+05:45,3.229,3.2046,0.7707,0.0
DHARAN-002,2026-03-01 17:00:00+05:45,3.8434,3.8254,0.9016,0.0
DHARAN-002,2026-03-01 18:00:00+05:45,7.0451,7.0317,1.6814,0.0
DHARAN-002,2026-03-01 19:00:00+05:45,7.0161,7.0034,1.6625,0.0
DHARAN-002,2026-03-01 20:00:00+05:45,5.8445,5.835,1.3935,0.0
DHARAN-002,2026-03-01 21:00:00+05:45,7.2796,7.2707,1.726,0.0
DHARAN-002,2026-03-01 22:00:00+05:45,5.8222,5.8117,1.3937,0.0
DHARAN-002,2026-03-01 23:00:00+05:45,3.2324,3.2251,0.759,0.0
DHARAN-002,2026-03-02 00:00:00+05:45,4.388,4.3843,1.0537,0.0
DHARAN-002,2026-03-02 01:00:00+05:45,4.1756,4.162,0.9816,0.0
DHARAN-002,2026-03-02 02:00:00+05:45,3.4803,3.4642,0.8248,0.0
DHARAN-002,2026-03-02 03:00:00+05:45,2.5191,2.5109,0.6234,0.0
DHARAN-002,2026-03-02 04:00:00+05:45,4.2614,4.2485,0.9969,0.0
DHARAN-002,2026-03-02 05:00:00+05:45,2.8001,2.7816,0.664,0.0
DHARAN-002,2026-03-02 06:00:00+05:45,5.7637,5.7235,1.3964,0.0
DHARAN-002,2026-03-02 07:00:00+05:45,6.1249,6.1157,1.4602,0.0
DHARAN-002,2026-03-02 08:00:00+05:45,6.0795,6.0637,1.4428,0.0
DHARAN-002,2026-03-02 09:00:00+05:45,5.7886,5.7703,1.3793,0.0
DHARAN-002,2026-03-02 10:00:00+05:45,3.6516,3.6343,0.8662,0.0
DHARAN-002,2026-03-02 11:00:00+05:45,3.9099,3.9013,0.9461,0.0
DHARAN-002,2026-03-02 12:00:00+05:45,3.256,3.2442,0.7822,0.0
DHARAN-002,2026-03-02 13:00:00+05:45,3.9149,3.9145,0.9335,0.0
DHARAN-002,2026-03-02 14:00:00+05:45,3.0608,3.0454,0.7282,0.0
DHARAN-002,2026-03-02 15:00:00+05:45,3.571,3.5571,0.8457,0.0
DHARAN-002,2026-03-02 16:00:00+05:45,2.6529,2.6428,0.6358,0.0
DHARAN-002,2026-03-02 17:00:00+05:45,3.1558,3.1375,0.7448,0.0
DHARAN-002,2026-03-02 18:00:00+05:45,6.7799,6.7529,1.6179,0.0
DHARAN-002,2026-03-02 19:00:00+05:45,6.7236,6.7038,1.5998,0.0
DHARAN-002,2026-03-02 20:00:00+05:45,5.9551,5.9449,1.438,0.0
DHARAN-002,2026-03-02 21:00:00+05:45,6.7599,6.746,1.6087,0.0
DHARAN-002,2026-03-02 22:00:00+05:45,5.8745,5.8481,1.4173,0.0
DHARAN-002,2026-03-02 23:00:00+05:45,3.1498,3.1402,0.7541,0.0
DHARAN-002,2026-03-03 00:00:00+05:45,3.9393,3.9321,0.9295,0.0
DHARAN-002,2026-03-03 01:00:00+05:45,3.8529,3.8428,0.9187,0.0
DHARAN-002,2026-03-03 02:00:00+05:45,3.0925,3.0881,0.7438,0.0
DHARAN-002,2026-03-03 03:00:00+05:45,3.6541,3.6342,0.8721,0.0
DHARAN-002,2026-03-03 04:00:00+05:45,3.4385,3.4371,0.8135,0.0
DHARAN-002,2026-03-03 05:00:00+05:45,2.8577,2.8529,0.675,0.0
DHARAN-002,2026-03-03 06:00:00+05:45,5.6945,5.6793,1.3691,0.0
DHARAN-002,2026-03-03 07:00:00+05:45,6.4045,6.4043,1.5175,0.0
DHARAN-002,2026-03-03 08:00:00+05:45,6.0625,6.0252,1.4261,0.0
DHARAN-002,2026-03-03 09:00:00+05:45,5.7469,5.7284,1.3813,0.0
DHARAN-002,2026-03-03 10:00:00+05:45,4.0687,4.0454,0.9705,0.0
DHARAN-002,2026-03-03 11:00:00+05:45,2.8635,2.8586,0.6782,0.0
DHARAN-002,2026-03-03 12:00:00+05:45,2.7926,2.7805,0.665,0.0
DHARAN-002,2026-03-03 13:00:00+05:45,2.5963,2.5787,0.6229,0.0
DHARAN-002,2026-03-03 14:00:00+05:45,3.2308,3.2099,0.7687,0.0
DHARAN-002,2026-03-03 15:00:00+05:45,3.1532,3.1461,0.7378,0.0
DHARAN-002,2026-03-03 16:00:00+05:45,4.288,4.2759,1.0104,0.0
DHARAN-002,2026-03-03 17:00:00+05:45,3.1343,3.1145,0.7443,0.0
DHARAN-002,2026-03-03 18:00:00+05:45,6.878,6.8595,1.6504,0.0
DHARAN-002,2026-03-03 19:00:00+05:45,5.3062,5.2796,1.2651,0.0
DHARAN-002,2026-03-03 20:00:00+05:45,5.6016,5.5848,1.3489,0.0
DHARAN-002,2026-03-03 21:00:00+05:45,7.0923,7.0921,1.6855,0.0
DHARAN-002,2026-03-03 22:00:00+05:45,5.5356,5.5301,1.3171,0.0
DHARAN-002,2026-03-03 23:00:00+05:45,3.3485,3.3374,0.7954,0.0
DHARAN-002,2026-03-04 00:00:00+05:45,4.2101,4.1854,0.9968,0.0
DHARAN-002,2026-03-04 01:00:00+05:45,3.7298,3.7163,0.8895,0.0
DHARAN-002,2026-03-04 02:00:00+05:45,3.149,3.1392,0.7433,0.0
DHARAN-002,2026-03-04 03:00:00+05:45,4.1114,4.0947,0.986,0.0
DHARAN-002,2026-03-04 04:00:00+05:45,3.1383,3.1059,0.7515,0.0
DHARAN-002,2026-03-04 05:00:00+05:45,3.0383,3.0286,0.7263,0.0
DHARAN-002,2026-03-04 06:00:00+05:45,5.5787,5.5726,1.3292,0.0
DHARAN-002,2026-03-04 07:00:00+05:45,5.3726,5.3493,1.2734,0.0
DHARAN-002,2026-03-04 08:00:00+05:45,5.5765,5.5644,1.3272,0.0
DHARAN-002,2026-03-04 09:00:00+05:45,5.272,5.2695,1.264,0.0
DHARAN-002,2026-03-04 10:00:00+05:45,2.9539,2.9423,0.6947,0.0
DHARAN-002,2026-03-04 11:00:00+05:45,3.0828,3.0578,0.7375,0.0
DHARAN-002,2026-03-04 12:00:00+05:45,2.815,2.8005,0.6676,0.0
DHARAN-002,2026-03-04 13:00:00+05:45,3.3158,3.3004,0.7872,0.0
DHARAN-002,2026-03-04 14:00:00+05:45,3.6703,3.6414,0.8742,0.0
DHARAN-002,2026-03-04 15:00:00+05:45,3.2261,3.206,0.7843,0.0
DHARAN-002,2026-03-04 16:00:00+05:45,3.4707,3.4578,0.8261,0.0
DHARAN-002,2026-03-04 17:00:00+05:45,2.1282,2.1,0.5252,0.0
DHARAN-002,2026-03-04 18:00:00+05:45,6.1235,6.1214,1.4488,0.0
DHARAN-002,2026-03-04 19:00:00+05:45,5.8795,5.8654,1.3934,0.0
DHARAN-002,2026-03-04 20:00:00+05:45,6.6504,6.6371,1.5836,0.0
DHARAN-002,2026-03-04 21:00:00+05:45,5.9895,5.9633,1.4374,0.0
DHARAN-002,2026-03-04 22:00:00+05:45,7.1284,7.1222,1.7071,0.0
DHARAN-002,2026-03-04 23:00:00+05:45,3.1101,3.0966,0.7373,0.0
DHARAN-002,2026-03-05 00:00:00+05:45,3.5216,3.5075,0.8389,0.0
DHARAN-002,2026-03-05 01:00:00+05:45,4.467,4.4389,1.0686,0.0
DHARAN-002,2026-03-05 02:00:00+05:45,4.0212,4.0208,0.9526,0.0
DHARAN-002,2026-03-05 03:00:00+05:45,3.2669,3.2517,0.7827,0.0
DHARAN-002,2026-03-05 04:00:00+05:45,2.7663,2.7434,0.6514,0.0
DHARAN-002,2026-03-05 05:00:00+05:45,3.8462,3.8397,0.9194,0.0
DHARAN-002,2026-03-05 06:00:00+05:45,5.8096,5.794,1.3665,0.0
DHARAN-002,2026-03-05 07:00:00+05:45,5.7806,5.7696,1.3786,0.0
DHARAN-002,2026-03-05 08:00:00+05:45,5.8896,5.8714,1.4033,0.0
DHARAN-002,2026-03-05 09:00:00+05:45,5.8317,5.8123,1.3852,0.0
DHARAN-002,2026-03-05 10:00:00+05:45,2.8053,2.7907,0.6766,0.0
DHARAN-002,2026-03-05 11:00:00+05:45,3.2416,3.2246,0.7768,0.0
DHARAN-002,2026-03-05 12:00:00+05:45,3.777,3.7507,0.888,0.0
DHARAN-002,2026-03-05 13:00:00+05:45,2.5626,2.5499,0.6212,0.0
DHARAN-002,2026-03-05 14:00:00+05:45,3.3027,3.2921,0.7886,0.0
DHARAN-002,2026-03-05 15:00:00+05:45,3.1377,3.1333,0.7425,0.0
DHARAN-002,2026-03-05 16:00:00+05:45,4.4537,4.4303,1.0602,0.0
DHARAN-002,2026-03-05 17:00:00+05:45,3.0025,2.9867,0.7094,0.0
DHARAN-002,2026-03-05 18:00:00+05:45,6.8039,6.7765,1.6219,0.0
DHARAN-002,2026-03-05 19:00:00+05:45,5.666,5.65,1.34,0.0
DHARAN-002,2026-03-05 20:00:00+05:45,5.9449,5.9151,1.3969,0.0
DHARAN-002,2026-03-05 21:00:00+05:45,5.3419,5.3212,1.2702,0.0
DHARAN-002,2026-03-05 22:00:00+05:45,6.6633,6.6378,1.5721,0.0
DHARAN-002,2026-03-05 23:00:00+05:45,3.4965,3.474,0.8108,0.0
DHARAN-002,2026-03-06 00:00:00+05:45,3.0726,3.0476,0.7368,0.0
DHARAN-002,2026-03-06 01:00:00+05:45,2.8558,2.8427,0.6838,0.0
DHARAN-002,2026-03-06 02:00:00+05:45,3.4433,3.4388,0.8217,0.0
DHARAN-002,2026-03-06 03:00:00+05:45,3.8413,3.8102,0.9184,0.0
DHARAN-002,2026-03-06 04:00:00+05:45,3.4757,3.4557,0.8155,0.0
DHARAN-002,2026-03-06 05:00:00+05:45,3.9574,3.9405,0.9368,0.0
DHARAN-002,2026-03-06 06:00:00+05:45,6.2125,6.1996,1.4555,0.0
DHARAN-002,2026-03-06 07:00:00+05:45,5.9625,5.9434,1.4197,0.0
DHARAN-002,2026-03-06 08:00:00+05:45,5.497,5.4836,1.3294,0.0
DHARAN-002,2026-03-06 09:00:00+05:45,6.0352,6.0129,1.4442,0.0
DHARAN-002,2026-03-06 10:00:00+05:45,3.3567,3.3344,0.801,0.0
DHARAN-002,2026-03-06 11:00:00+05:45,3.6319,3.6087,0.8607,0.0
DHARAN-002,2026-03-06 12:00:00+05:45,3.3084,3.2964,0.8034,0.0
DHARAN-002,2026-03-06 13:00:00+05:45,2.3887,2.3665,0.5625,0.0
DHARAN-002,2026-03-06 14:00:00+05:45,3.766,3.7432,0.892,0.0
DHARAN-002,2026-03-06 15:00:00+05:45,2.4729,2.4692,0.5898,0.0
DHARAN-002,2026-03-06 16:00:00+05:45,3.1559,3.1321,0.736,0.0
DHARAN-002,2026-03-06 17:00:00+05:45,3.5983,3.5913,0.8585,0.0
DHARAN-002,2026-03-06 18:00:00+05:45,6.5187,6.5004,1.5415,0.0
DHARAN-002,2026-03-06 19:00:00+05:45,5.585,5.5847,1.3288,0.0
DHARAN-002,2026-03-06 20:00:00+05:45,6.7576,6.7524,1.6156,0.0
DHARAN-002,2026-03-06 21:00:00+05:45,6.8146,6.7978,1.6172,0.0
DHARAN-002,2026-03-06 22:00:00+05:45,7.51,7.5002,1.7821,0.0
DHARAN-002,2026-03-06 23:00:00+05:45,3.522,3.4969,0.8413,0.0
DHARAN-002,2026-03-07 00:00:00+05:45,3.4286,3.4251,0.8127,0.0
DHARAN-002,2026-03-07 01:00:00+05:45,3.3005,3.2937,0.7864,0.0
DHARAN-002,2026-03-07 02:00:00+05:45,3.1776,3.1626,0.7524,0.0
DHARAN-002,2026-03-07 03:00:00+05:45,2.5492,2.5379,0.6095,0.0
DHARAN-002,2026-03-07 04:00:00+05:45,3.3728,3.361,0.8022,0.0
DHARAN-002,2026-03-07 05:00:00+05:45,3.0474,3.0247,0.7249,0.0
DHARAN-002,2026-03-07 06:00:00+05:45,5.7594,5.7354,1.3577,0.0
DHARAN-002,2026-03-07 07:00:00+05:45,6.3711,6.3436,1.5039,0.0
DHARAN-002,2026-03-07 08:00:00+05:45,5.0068,4.982,1.1859,0.0
DHARAN-002,2026-03-07 09:00:00+05:45,6.2363,6.2161,1.4922,0.0
DHARAN-002,2026-03-07 10:00:00+05:45,3.3836,3.3797,0.788,0.0
DHARAN-002,2026-03-07 11:00:00+05:45,2.8117,2.7955,0.6867,0.0
DHARAN-002,2026-03-07 12:00:00+05:45,4.411,4.3952,1.0507,0.0
DHARAN-002,2026-03-07 13:00:00+05:45,3.5445,3.5265,0.845,0.0
DHARAN-002,2026-03-07 14:00:00+05:45,3.4357,3.4214,0.8261,0.0
DHARAN-002,2026-03-07 15:00:00+05:45,3.6829,3.6575,0.868,0.0
DHARAN-002,2026-03-07 16:00:00+05:45,3.4551,3.4341,0.8193,0.0
DHARAN-002,2026-03-07 17:00:00+05:45,2.9466,2.9326,0.7076,0.0
DHARAN-002,2026-03-07 18:00:00+05:45,5.7537,5.7303,1.366,0.0
DHARAN-002,2026-03-07 19:00:00+05:45,6.0396,6.0296,1.4338,0.0
DHARAN-002,2026-03-07 20:00:00+05:45,5.9499,5.9429,1.3971,0.0
DHARAN-002,2026-03-07 21:00:00+05:45,5.7438,5.7267,1.3655,0.0
DHARAN-002,2026-03-07 22:00:00+05:45,6.7963,6.7876,1.5991,0.0
DHARAN-002,2026-03-07 23:00:00+05:45,3.0446,3.0221,0.7096,0.0
DHARAN-002,2026-03-08 00:00:00+05:45,3.6514,3.6274,0.875,0.0
DHARAN-002,2026-03-08 01:00:00+05:45,3.6842,3.6739,0.8754,0.0
DHARAN-002,2026-03-08 02:00:00+05:45,3.3915,3.3853,0.7918,0.0
DHARAN-002,2026-03-08 03:00:00+05:45,2.8436,2.8319,0.683,0.0
DHARAN-002,2026-03-08 04:00:00+05:45,3.3022,3.2835,0.7771,0.0
DHARAN-002,2026-03-08 05:00:00+05:45,3.3135,3.2936,0.7863,0.0
DHARAN-002,2026-03-08 06:00:00+05:45,4.7573,4.749,1.1225,0.0
DHARAN-002,2026-03-08 07:00:00+05:45,5.3521,5.3378,1.2711,0.0
DHARAN-002,2026-03-08 08:00:00+05:45,5.8131,5.8005,1.3827,0.0
DHARAN-002,2026-03-08 09:00:00+05:45,6.3609,6.3435,1.5078,0.0
DHARAN-002,2026-03-08 10:00:00+05:45,3.5926,3.5602,0.8621,0.0
DHARAN-002,2026-03-08 11:00:00+05:45,2.7282,2.7154,0.6485,0.0
DHARAN-002,2026-03-08 12:00:00+05:45,3.0901,3.0813,0.7401,0.0
DHARAN-002,2026-03-08 13:00:00+05:45,3.8225,3.7997,0.9216,0.0
DHARAN-002,2026-03-08 14:00:00+05:45,3.5834,3.5642,0.8568,0.0
DHARAN-002,2026-03-08 15:00:00+05:45,3.1482,3.1419,0.7601,0.0
DHARAN-002,2026-03-08 16:00:00+05:45,3.6263,3.6093,0.8577,0.0
DHARAN-002,2026-03-08 17:00:00+05:45,3.0669,3.0545,0.732,0.0
DHARAN-002,2026-03-08 18:00:00+05:45,5.502,5.4828,1.3094,0.0
DHARAN-002,2026-03-08 19:00:00+05:45,6.4849,6.4779,1.5272,0.0
DHARAN-002,2026-03-08 20:00:00+05:45,6.0521,6.0352,1.4397,0.0
DHARAN-002,2026-03-08 21:00:00+05:45,5.4459,5.4289,1.2909,0.0
DHARAN-002,2026-03-08 22:00:00+05:45,5.3072,5.2986,1.2647,0.0
DHARAN-002,2026-03-08 23:00:00+05:45,2.9898,2.9715,0.7246,0.0
DHARAN-002,2026-03-09 00:00:00+05:45,4.1703,4.1681,0.9904,0.0
DHARAN-002,2026-03-09 01:00:00+05:45,3.408,3.4018,0.8133,0.0
DHARAN-002,2026-03-09 02:00:00+05:45,3.4852,3.4756,0.8214,0.0
DHARAN-002,2026-03-09 03:00:00+05:45,2.3629,2.3532,0.5818,0.0
DHARAN-002,2026-03-09 04:00:00+05:45,3.1728,3.1633,0.7603,0.0
DHARAN-002,2026-03-09 05:00:00+05:45,3.5765,3.5599,0.8471,0.0
DHARAN-002,2026-03-09 06:00:00+05:45,5.9473,5.9411,1.4223,0.0
DHARAN-002,2026-03-09 07:00:00+05:45,5.2752,5.2737,1.2616,0.0
DHARAN-002,2026-03-09 08:00:00+05:45,5.3313,5.3099,1.2588,0.0
DHARAN-002,2026-03-09 09:00:00+05:45,5.832,5.8054,1.3873,0.0
DHARAN-002,2026-03-09 10:00:00+05:45,2.6989,2.6749,0.6518,0.0
DHARAN-002,2026-03-09 11:00:00+05:45,3.2589,3.2395,0.7823,0.0
DHARAN-002,2026-03-09 12:00:00+05:45,3.0173,3.0092,0.7264,0.0
DHARAN-002,2026-03-09 13:00:00+05:45,3.4421,3.415,0.8176,0.0
DHARAN-002,2026-03-09 14:00:00+05:45,3.1133,3.0868,0.7442,0.0
DHARAN-002,2026-03-09 15:00:00+05:45,3.7744,3.7719,0.8973,0.0
DHARAN-002,2026-03-09 16:00:00+05:45,2.8205,2.8052,0.6816,0.0
DHARAN-002,2026-03-09 17:00:00+05:45,3.0797,3.0773,0.718,0.0
DHARAN-002,2026-03-09 18:00:00+05:45,5.8045,5.7853,1.3797,0.0
DHARAN-002,2026-03-09 19:00:00+05:45,5.0067,4.9938,1.2086,0.0
DHARAN-002,2026-03-09 20:00:00+05:45,7.139,7.1273,1.6818,0.0
DHARAN-002,2026-03-09 21:00:00+05:45,6.2605,6.2405,1.4986,0.0
DHARAN-002,2026-03-09 22:00:00+05:45,7.2006,7.1859,1.7025,0.0
DHARAN-002,2026-03-09 23:00:00+05:45,2.8495,2.8235,0.6784,0.0
DHARAN-002,2026-03-10 00:00:00+05:45,2.9973,2.9852,0.7309,0.0
DHARAN-002,2026-03-10 01:00:00+05:45,3.0583,3.0415,0.7455,0.0
DHARAN-002,2026-03-10 02:00:00+05:45,3.6012,3.5969,0.8397,0.0
DHARAN-002,2026-03-10 03:00:00+05:45,3.6787,3.6595,0.8667,0.0
DHARAN-002,2026-03-10 04:00:00+05:45,2.7218,2.706,0.6582,0.0
DHARAN-002,2026-03-10 05:00:00+05:45,3.2949,3.2695,0.7898,0.0
DHARAN-002,2026-03-10 06:00:00+05:45,5.2843,5.2711,1.2762,0.0
DHARAN-002,2026-03-10 07:00:00+05:45,5.8178,5.8001,1.3819,0.0
DHARAN-002,2026-03-10 08:00:00+05:45,6.2704,6.2588,1.5036,0.0
DHARAN-002,2026-03-10 09:00:00+05:45,6.2621,6.2475,1.5097,0.0
DHARAN-002,2026-03-10 10:00:00+05:45,3.9397,3.9195,0.9265,0.0
DHARAN-002,2026-03-10 11:00:00+05:45,3.5756,3.5496,0.8613,0.0
DHARAN-002,2026-03-10 12:00:00+05:45,2.6214,2.6032,0.635,0.0
DHARAN-002,2026-03-10 13:00:00+05:45,3.0316,3.0131,0.7198,0.0
DHARAN-002,2026-03-10 14:00:00+05:45,4.1853,4.1753,0.9924,0.0
DHARAN-002,2026-03-10 15:00:00+05:45,3.5795,3.5572,0.8602,0.0
DHARAN-002,2026-03-10 16:00:00+05:45,3.3204,3.3196,0.7868,0.0
DHARAN-002,2026-03-10 17:00:00+05:45,2.0774,2.0484,0.5089,0.0
DHARAN-002,2026-03-10 18:00:00+05:45,5.8306,5.8208,1.3813,0.0
DHARAN-002,2026-03-10 19:00:00+05:45,6.2572,6.2291,1.4902,0.0
DHARAN-002,2026-03-10 20:00:00+05:45,6.69,6.6646,1.5892,0.0
DHARAN-002,2026-03-10 21:00:00+05:45,6.1036,6.0814,1.4431,0.0
DHARAN-002,2026-03-10 22:00:00+05:45,6.8223,6.8108,1.6258,0.0
DHARAN-002,2026-03-10 23:00:00+05:45,2.8011,2.7935,0.6746,0.0
DHARAN-002,2026-03-11 00:00:00+05:45,3.4476,3.4291,0.823,0.0
DHARAN-002,2026-03-11 01:00:00+05:45,3.4753,3.469,0.8375,0.0
DHARAN-002,2026-03-11 02:00:00+05:45,3.1256,3.1176,0.7516,0.0
DHARAN-002,2026-03-11 03:00:00+05:45,4.0651,4.0339,0.9825,0.0
DHARAN-002,2026-03-11 04:00:00+05:45,3.4568,3.4349,0.8137,0.0
DHARAN-002,2026-03-11 05:00:00+05:45,3.6492,3.6429,0.853,0.0
DHARAN-002,2026-03-11 06:00:00+05:45,5.4491,5.4477,1.3055,0.0
DHARAN-002,2026-03-11 07:00:00+05:45,5.3037,5.2901,1.245,0.0
DHARAN-002,2026-03-11 08:00:00+05:45,6.6452,6.6062,1.5623,0.0
DHARAN-002,2026-03-11 09:00:00+05:45,6.6168,6.5992,1.553,0.0
DHARAN-002,2026-03-11 10:00:00+05:45,3.3987,3.3837,0.8064,0.0
DHARAN-002,2026-03-11 11:00:00+05:45,3.3773,3.366,0.797,0.0
DHARAN-002,2026-03-11 12:00:00+05:45,2.592,2.5826,0.6137,0.0
DHARAN-002,2026-03-11 13:00:00+05:45,2.9691,2.9571,0.7083,0.0
DHARAN-002,2026-03-11 14:00:00+05:45,3.8246,3.8003,0.9122,0.0
DHARAN-002,2026-03-11 15:00:00+05:45,3.3721,3.3558,0.8037,0.0
DHARAN-002,2026-03-11 16:00:00+05:45,2.6343,2.6125,0.624,0.0
DHARAN-002,2026-03-11 17:00:00+05:45,3.7171,3.7143,0.8979,0.0
DHARAN-002,2026-03-11 18:00:00+05:45,6.1648,6.1481,1.4546,0.0
DHARAN-002,2026-03-11 19:00:00+05:45,5.9314,5.9219,1.4261,0.0
DHARAN-002,2026-03-11 20:00:00+05:45,6.0387,6.0156,1.4289,0.0
DHARAN-002,2026-03-11 21:00:00+05:45,5.881,5.8608,1.3931,0.0
DHARAN-002,2026-03-11 22:00:00+05:45,5.7821,5.7644,1.3775,0.0
DHARAN-002,2026-03-11 23:00:00+05:45,3.2856,3.2696,0.7986,0.0
DHARAN-002,2026-03-12 00:00:00+05:45,3.6557,3.646,0.8554,0.0
DHARAN-002,2026-03-12 01:00:00+05:45,2.9885,2.9712,0.7135,0.0
DHARAN-002,2026-03-12 02:00:00+05:45,3.3449,3.3389,0.7906,0.0
DHARAN-002,2026-03-12 03:00:00+05:45,3.4421,3.4283,0.8266,0.0
DHARAN-002,2026-03-12 04:00:00+05:45,4.0767,4.0639,0.984,0.0
DHARAN-002,2026-03-12 05:00:00+05:45,2.6355,2.6121,0.626,0.0
DHARAN-002,2026-03-12 06:00:00+05:45,5.6429,5.6173,1.3447,0.0
DHARAN-002,2026-03-12 07:00:00+05:45,5.7614,5.7407,1.364,0.0
DHARAN-002,2026-03-12 08:00:00+05:45,4.1094,4.103,0.9792,0.0
DHARAN-002,2026-03-12 09:00:00+05:45,5.2031,5.1911,1.2248,0.0
DHARAN-002,2026-03-12 10:00:00+05:45,4.1693,4.163,1.0061,0.0
DHARAN-002,2026-03-12 11:00:00+05:45,3.6424,3.6249,0.8705,0.0
DHARAN-002,2026-03-12 12:00:00+05:45,3.2095,3.1969,0.7655,0.0
DHARAN-002,2026-03-12 13:00:00+05:45,3.3879,3.36,0.8005,0.0
DHARAN-002,2026-03-12 14:00:00+05:45,3.154,3.1432,0.7547,0.0
DHARAN-002,2026-03-12 15:00:00+05:45,4.0402,4.04,0.9554,0.0
DHARAN-002,2026-03-12 16:00:00+05:45,2.2593,2.2424,0.5458,0.0
DHARAN-002,2026-03-12 17:00:00+05:45,3.2755,3.2619,0.775,0.0
DHARAN-002,2026-03-12 18:00:00+05:45,7.1152,7.0996,1.6867,0.0
DHARAN-002,2026-03-12 19:00:00+05:45,6.8913,6.877,1.6565,0.0
DHARAN-002,2026-03-12 20:00:00+05:45,6.4734,6.4721,1.5356,0.0
DHARAN-002,2026-03-12 21:00:00+05:45,6.2648,6.246,1.4878,0.0
DHARAN-002,2026-03-12 22:00:00+05:45,7.0083,6.9938,1.6614,0.0
DHARAN-002,2026-03-12 23:00:00+05:45,3.6039,3.5878,0.86,0.0
DHARAN-002,2026-03-13 00:00:00+05:45,3.6706,3.6527,0.8744,0.0
DHARAN-002,2026-03-13 01:00:00+05:45,3.7848,3.7599,0.8944,0.0
DHARAN-002,2026-03-13 02:00:00+05:45,4.4735,4.4621,1.0584,0.0
DHARAN-002,2026-03-13 03:00:00+05:45,3.5485,3.5286,0.8404,0.0
DHARAN-002,2026-03-13 04:00:00+05:45,3.9579,3.9308,0.9584,0.0
DHARAN-002,2026-03-13 05:00:00+05:45,4.2271,4.2074,1.0011,0.0
DHARAN-002,2026-03-13 06:00:00+05:45,5.4405,5.4199,1.2953,0.0
DHARAN-002,2026-03-13 07:00:00+05:45,5.9102,5.8902,1.4003,0.0
DHARAN-002,2026-03-13 08:00:00+05:45,6.0463,6.0395,1.4321,0.0
DHARAN-002,2026-03-13 09:00:00+05:45,6.0559,6.0411,1.4242,0.0
DHARAN-002,2026-03-13 10:00:00+05:45,3.9908,3.9761,0.9589,0.0
DHARAN-002,2026-03-13 11:00:00+05:45,3.0038,2.9757,0.7021,0.0
DHARAN-002,2026-03-13 12:00:00+05:45,3.2686,3.2404,0.7671,0.0
DHARAN-002,2026-03-13 13:00:00+05:45,3.2604,3.2395,0.775,0.0
DHARAN-002,2026-03-13 14:00:00+05:45,2.8516,2.8194,0.6779,0.0
DHARAN-002,2026-03-13 15:00:00+05:45,3.0539,3.0348,0.719,0.0
DHARAN-002,2026-03-13 16:00:00+05:45,3.1981,3.1691,0.7593,0.0
DHARAN-002,2026-03-13 17:00:00+05:45,3.5792,3.5514,0.8454,0.0
DHARAN-002,2026-03-13 18:00:00+05:45,6.1923,6.1631,1.4843,0.0
DHARAN-002,2026-03-13 19:00:00+05:45,6.4846,6.4757,1.5354,0.0
DHARAN-002,2026-03-13 20:00:00+05:45,6.5319,6.5164,1.5657,0.0
DHARAN-002,2026-03-13 21:00:00+05:45,6.0184,6.0058,1.4413,0.0
DHARAN-002,2026-03-13 22:00:00+05:45,5.1777,5.1565,1.2438,0.0
DHARAN-002,2026-03-13 23:00:00+05:45,3.4041,3.3847,0.8207,0.0
DHARAN-002,2026-03-14 00:00:00+05:45,2.8581,2.844,0.6736,0.0
DHARAN-002,2026-03-14 01:00:00+05:45,3.1043,3.0688,0.74,0.0
DHARAN-002,2026-03-14 02:00:00+05:45,2.8984,2.8772,0.6879,0.0
DHARAN-002,2026-03-14 03:00:00+05:45,2.723,2.7128,0.6635,0.0
DHARAN-002,2026-03-14 04:00:00+05:45,3.6409,3.6277,0.8701,0.0
DHARAN-002,2026-03-14 05:00:00+05:45,3.6986,3.6843,0.8883,0.0
DHARAN-002,2026-03-14 06:00:00+05:45,4.8119,4.7951,1.1426,0.0
DHARAN-002,2026-03-14 07:00:00+05:45,5.9172,5.9037,1.4198,0.0
DHARAN-002,2026-03-14 08:00:00+05:45,4.9079,4.881,1.1709,0.0
DHARAN-002,2026-03-14 09:00:00+05:45,5.3458,5.3362,1.2858,0.0
DHARAN-002,2026-03-14 10:00:00+05:45,2.408,2.3877,0.5857,0.0
DHARAN-002,2026-03-14 11:00:00+05:45,2.5554,2.5402,0.6054,0.0
DHARAN-002,2026-03-14 12:00:00+05:45,3.013,3.0055,0.7152,0.0
DHARAN-002,2026-03-14 13:00:00+05:45,3.6677,3.6557,0.8799,0.0
DHARAN-002,2026-03-14 14:00:00+05:45,3.0447,3.0253,0.7184,0.0
DHARAN-002,2026-03-14 15:00:00+05:45,1.9606,1.9596,0.4644,0.0
DHARAN-002,2026-03-14 16:00:00+05:45,3.0954,3.0833,0.738,0.0
DHARAN-002,2026-03-14 17:00:00+05:45,3.553,3.5442,0.8391,0.0
DHARAN-002,2026-03-14 18:00:00+05:45,5.9704,5.9678,1.4219,0.0
DHARAN-002,2026-03-14 19:00:00+05:45,6.1935,6.1906,1.4618,0.0
DHARAN-002,2026-03-14 20:00:00+05:45,6.1849,6.1539,1.4782,0.0
DHARAN-002,2026-03-14 21:00:00+05:45,6.0897,6.083,1.4545,0.0
DHARAN-002,2026-03-14 22:00:00+05:45,6.3955,6.3876,1.5202,0.0
DHARAN-002,2026-03-14 23:00:00+05:45,3.781,3.7591,0.8976,0.0
DHARAN-002,2026-03-15 00:00:00+05:45,3.1161,3.1029,0.7396,0.0
DHARAN-002,2026-03-15 01:00:00+05:45,4.0111,3.9961,0.9539,0.0
DHARAN-002,2026-03-15 02:00:00+05:45,3.0202,3.0033,0.724,0.0
DHARAN-002,2026-03-15 03:00:00+05:45,3.6575,3.6415,0.8774,0.0
DHARAN-002,2026-03-15 04:00:00+05:45,3.379,3.3776,0.8011,0.0
DHARAN-002,2026-03-15 05:00:00+05:45,2.7511,2.7358,0.668,0.0
DHARAN-002,2026-03-15 06:00:00+05:45,5.0881,5.0827,1.2162,0.0
DHARAN-002,2026-03-15 07:00:00+05:45,5.3139,5.2928,1.2759,0.0
DHARAN-002,2026-03-15 08:00:00+05:45,5.8096,5.797,1.3818,0.0
DHARAN-002,2026-03-15 09:00:00+05:45,4.5167,4.5078,1.0798,0.0
DHARAN-002,2026-03-15 10:00:00+05:45,3.4212,3.4036,0.8087,0.0
DHARAN-002,2026-03-15 11:00:00+05:45,3.8856,3.8755,0.9306,0.0
DHARAN-002,2026-03-15 12:00:00+05:45,3.8015,3.7885,0.9035,0.0
DHARAN-002,2026-03-15 13:00:00+05:45,4.2256,4.2121,1.0006,0.0
DHARAN-002,2026-03-15 14:00:00+05:45,2.9791,2.9625,0.6967,0.0
DHARAN-002,2026-03-15 15:00:00+05:45,3.3112,3.2892,0.7819,0.0
DHARAN-002,2026-03-15 16:00:00+05:45,3.5843,3.5657,0.845,0.0
DHARAN-002,2026-03-15 17:00:00+05:45,3.5222,3.4927,0.8456,0.0
DHARAN-002,2026-03-15 18:00:00+05:45,5.7706,5.7663,1.371,0.0
DHARAN-002,2026-03-15 19:00:00+05:45,6.3077,6.2916,1.5073,0.0
DHARAN-002,2026-03-15 20:00:00+05:45,6.514,6.4992,1.5601,0.0
DHARAN-002,2026-03-15 21:00:00+05:45,7.0299,7.0218,1.6863,0.0
DHARAN-002,2026-03-15 22:00:00+05:45,6.8169,6.8007,1.6223,0.0
DHARAN-002,2026-03-15 23:00:00+05:45,3.7553,3.7444,0.9017,0.0
DHARAN-002,2026-03-16 00:00:00+05:45,2.934,2.9083,0.7019,0.0
DHARAN-002,2026-03-16 01:00:00+05:45,2.3667,2.3626,0.5749,0.0
DHARAN-002,2026-03-16 02:00:00+05:45,3.9537,3.9413,0.9472,0.0
DHARAN-002,2026-03-16 03:00:00+05:45,2.4475,2.4256,0.5852,0.0
DHARAN-002,2026-03-16 04:00:00+05:45,3.395,3.3925,0.8094,0.0
DHARAN-002,2026-03-16 05:00:00+05:45,3.1124,3.1053,0.7396,0.0
DHARAN-002,2026-03-16 06:00:00+05:45,5.9275,5.9168,1.4029,0.0
DHARAN-002,2026-03-16 07:00:00+05:45,5.9235,5.8993,1.4114,0.0
DHARAN-002,2026-03-16 08:00:00+05:45,6.5435,6.5224,1.5684,0.0
DHARAN-002,2026-03-16 09:00:00+05:45,6.1809,6.1705,1.4809,0.0
DHARAN-002,2026-03-16 10:00:00+05:45,2.971,2.9588,0.7086,0.0
DHARAN-002,2026-03-16 11:00:00+05:45,3.2054,3.2052,0.7552,0.0
DHARAN-002,2026-03-16 12:00:00+05:45,2.8078,2.7883,0.6621,0.0
DHARAN-002,2026-03-16 13:00:00+05:45,2.7607,2.7351,0.652,0.0
DHARAN-002,2026-03-16 14:00:00+05:45,3.2068,3.1848,0.7731,0.0
DHARAN-002,2026-03-16 15:00:00+05:45,4.1048,4.0895,0.9858,0.0
DHARAN-002,2026-03-16 16:00:00+05:45,3.8259,3.8248,0.9098,0.0
DHARAN-002,2026-03-16 17:00:00+05:45,3.4561,3.4513,0.8322,0.0
DHARAN-002,2026-03-16 18:00:00+05:45,5.5568,5.5485,1.3117,0.0
DHARAN-002,2026-03-16 19:00:00+05:45,6.5712,6.5549,1.5591,0.0
DHARAN-002,2026-03-16 20:00:00+05:45,6.5447,6.5286,1.5546,0.0
DHARAN-002,2026-03-16 21:00:00+05:45,5.9629,5.9488,1.4278,0.0
DHARAN-002,2026-03-16 22:00:00+05:45,6.3336,6.3098,1.5039,0.0
DHARAN-002,2026-03-16 23:00:00+05:45,3.4127,3.4102,0.8203,0.0
DHARAN-002,2026-03-17 00:00:00+05:45,2.8305,2.8213,0.6867,0.0
DHARAN-002,2026-03-17 01:00:00+05:45,3.3973,3.3674,0.8081,0.0
DHARAN-002,2026-03-17 02:00:00+05:45,3.5916,3.5709,0.837,0.0
DHARAN-002,2026-03-17 03:00:00+05:45,3.8046,3.7982,0.9093,0.0
DHARAN-002,2026-03-17 04:00:00+05:45,3.045,3.0351,0.7251,0.0
DHARAN-002,2026-03-17 05:00:00+05:45,2.7839,2.7769,0.6589,0.0
DHARAN-002,2026-03-17 06:00:00+05:45,4.7443,4.7312,1.1403,0.0
DHARAN-002,2026-03-17 07:00:00+05:45,5.0535,5.0337,1.2054,0.0
DHARAN-002,2026-03-17 08:00:00+05:45,5.8251,5.8206,1.3932,0.0
DHARAN-002,2026-03-17 09:00:00+05:45,5.2982,5.2761,1.2552,0.0
DHARAN-002,2026-03-17 10:00:00+05:45,3.4977,3.4689,0.8213,0.0
DHARAN-002,2026-03-17 11:00:00+05:45,3.0877,3.0748,0.721,0.0
DHARAN-002,2026-03-17 12:00:00+05:45,3.8141,3.8133,0.9014,0.0
DHARAN-002,2026-03-17 13:00:00+05:45,2.736,2.7352,0.6631,0.0
DHARAN-002,2026-03-17 14:00:00+05:45,3.7977,3.7848,0.8845,0.0
DHARAN-002,2026-03-17 15:00:00+05:45,3.7617,3.745,0.8815,0.0
DHARAN-002,2026-03-17 16:00:00+05:45,3.2492,3.2299,0.776,0.0
DHARAN-002,2026-03-17 17:00:00+05:45,3.7311,3.7127,0.884,0.0
DHARAN-002,2026-03-17 18:00:00+05:45,6.2905,6.2683,1.5129,0.0
DHARAN-002,2026-03-17 19:00:00+05:45,5.7573,5.7363,1.3649,0.0
DHARAN-002,2026-03-17 20:00:00+05:45,5.7809,5.7489,1.3822,0.0
DHARAN-002,2026-03-17 21:00:00+05:45,6.2911,6.2697,1.5095,0.0
DHARAN-002,2026-03-17 22:00:00+05:45,5.9138,5.8946,1.4263,0.0
DHARAN-002,2026-03-17 23:00:00+05:45,2.8227,2.8142,0.669,0.0
DHARAN-002,2026-03-18 00:00:00+05:45,3.6356,3.6299,0.8639,0.0
DHARAN-002,2026-03-18 01:00:00+05:45,3.4527,3.4264,0.8248,0.0
DHARAN-002,2026-03-18 02:00:00+05:45,3.5012,3.4919,0.8264,0.0
DHARAN-002,2026-03-18 03:00:00+05:45,2.8726,2.8605,0.6842,0.0
DHARAN-002,2026-03-18 04:00:00+05:45,3.94,3.9348,0.9396,0.0
DHARAN-002,2026-03-18 05:00:00+05:45,2.8933,2.8796,0.6797,0.0
DHARAN-002,2026-03-18 06:00:00+05:45,5.4932,5.4855,1.2978,0.0
DHARAN-002,2026-03-18 07:00:00+05:45,4.4014,4.3845,1.0561,0.0
DHARAN-002,2026-03-18 08:00:00+05:45,5.3739,5.3508,1.2944,0.0
DHARAN-002,2026-03-18 09:00:00+05:45,5.66,5.6417,1.3439,0.0
DHARAN-002,2026-03-18 10:00:00+05:45,2.6295,2.6072,0.6232,0.0
DHARAN-002,2026-03-18 11:00:00+05:45,3.8754,3.8563,0.9158,0.0
DHARAN-002,2026-03-18 12:00:00+05:45,2.3955,2.3882,0.5705,0.0
DHARAN-002,2026-03-18 13:00:00+05:45,3.9632,3.9558,0.9329,0.0
DHARAN-002,2026-03-18 14:00:00+05:45,3.2586,3.2364,0.7735,0.0
DHARAN-002,2026-03-18 15:00:00+05:45,2.3389,2.3236,0.5779,0.0
DHARAN-002,2026-03-18 16:00:00+05:45,2.0023,1.9826,0.4752,0.0
DHARAN-002,2026-03-18 17:00:00+05:45,3.8699,3.8536,0.9273,0.0
DHARAN-002,2026-03-18 18:00:00+05:45,6.6613,6.639,1.5972,0.0
DHARAN-002,2026-03-18 19:00:00+05:45,6.4941,6.4779,1.552,0.0
DHARAN-002,2026-03-18 20:00:00+05:45,6.341,6.3289,1.5023,0.0
DHARAN-002,2026-03-18 21:00:00+05:45,6.4696,6.4621,1.5463,0.0
DHARAN-002,2026-03-18 22:00:00+05:45,6.4306,6.4092,1.5396,0.0
DHARAN-002,2026-03-18 23:00:00+05:45,3.5397,3.523,0.8501,0.0
DHARAN-002,2026-03-19 00:00:00+05:45,2.8197,2.8095,0.6866,0.0
DHARAN-002,2026-03-19 01:00:00+05:45,3.2673,3.2511,0.773,0.0
DHARAN-002,2026-03-19 02:00:00+05:45,3.69,3.678,0.8879,0.0
DHARAN-002,2026-03-19 03:00:00+05:45,4.0233,4.0119,0.9763,0.0
DHARAN-002,2026-03-19 04:00:00+05:45,2.724,2.7124,0.6504,0.0
DHARAN-002,2026-03-19 05:00:00+05:45,3.5855,3.581,0.8513,0.0
DHARAN-002,2026-03-19 06:00:00+05:45,5.2656,5.2447,1.2537,0.0
DHARAN-002,2026-03-19 07:00:00+05:45,6.8164,6.8095,1.6163,0.0
DHARAN-002,2026-03-19 08:00:00+05:45,5.522,5.5112,1.313,0.0
DHARAN-002,2026-03-19 09:00:00+05:45,5.7082,5.6888,1.3807,0.0
DHARAN-002,2026-03-19 10:00:00+05:45,3.0273,3.0006,0.7218,0.0
DHARAN-002,2026-03-19 11:00:00+05:45,2.6469,2.6256,0.6276,0.0
DHARAN-002,2026-03-19 12:00:00+05:45,3.2931,3.2673,0.7994,0.0
DHARAN-002,2026-03-19 13:00:00+05:45,3.1442,3.1317,0.7536,0.0
DHARAN-002,2026-03-19 14:00:00+05:45,3.0316,3.0153,0.7331,0.0
DHARAN-002,2026-03-19 15:00:00+05:45,2.9976,2.9785,0.7073,0.0
DHARAN-002,2026-03-19 16:00:00+05:45,4.0827,4.0741,0.9741,0.0
DHARAN-002,2026-03-19 17:00:00+05:45,2.6188,2.5985,0.6026,0.0
DHARAN-002,2026-03-19 18:00:00+05:45,6.0988,6.0729,1.436,0.0
DHARAN-002,2026-03-19 19:00:00+05:45,5.6688,5.6549,1.3569,0.0
DHARAN-002,2026-03-19 20:00:00+05:45,5.8368,5.8161,1.3906,0.0
DHARAN-002,2026-03-19 21:00:00+05:45,5.6996,5.6753,1.3543,0.0
DHARAN-002,2026-03-19 22:00:00+05:45,6.5787,6.569,1.5671,0.0
DHARAN-002,2026-03-19 23:00:00+05:45,3.6435,3.6265,0.8787,0.0
DHARAN-002,2026-03-20 00:00:00+05:45,3.3297,3.3193,0.7821,0.0
DHARAN-002,2026-03-20 01:00:00+05:45,2.9713,2.9528,0.7193,0.0
DHARAN-002,2026-03-20 02:00:00+05:45,3.0237,3.0148,0.7281,0.0
DHARAN-002,2026-03-20 03:00:00+05:45,3.4984,3.4915,0.8435,0.0
DHARAN-002,2026-03-20 04:00:00+05:45,3.7169,3.6943,0.8866,0.0
DHARAN-002,2026-03-20 05:00:00+05:45,3.0906,3.0744,0.7359,0.0
DHARAN-002,2026-03-20 06:00:00+05:45,6.3135,6.2893,1.4908,0.0
DHARAN-002,2026-03-20 07:00:00+05:45,5.2057,5.1846,1.2488,0.0
DHARAN-002,2026-03-20 08:00:00+05:45,6.3025,6.2874,1.4895,0.0
DHARAN-002,2026-03-20 09:00:00+05:45,5.9587,5.9425,1.4116,0.0
DHARAN-002,2026-03-20 10:00:00+05:45,3.3727,3.364,0.8021,0.0
DHARAN-002,2026-03-20 11:00:00+05:45,2.898,2.8958,0.6967,0.0
DHARAN-002,2026-03-20 12:00:00+05:45,3.3422,3.3211,0.7961,0.0
DHARAN-002,2026-03-20 13:00:00+05:45,3.9602,3.9338,0.9303,0.0
DHARAN-002,2026-03-20 14:00:00+05:45,2.833,2.8105,0.6882,0.0
DHARAN-002,2026-03-20 15:00:00+05:45,4.0306,4.0118,0.9449,0.0
DHARAN-002,2026-03-20 16:00:00+05:45,2.2801,2.2606,0.5394,0.0
DHARAN-002,2026-03-20 17:00:00+05:45,3.96,3.9378,0.9292,0.0
DHARAN-002,2026-03-20 18:00:00+05:45,6.0429,6.0236,1.4486,0.0
DHARAN-002,2026-03-20 19:00:00+05:45,6.0396,6.0383,1.424,0.0
DHARAN-002,2026-03-20 20:00:00+05:45,6.6785,6.6652,1.5871,0.0
DHARAN-002,2026-03-20 21:00:00+05:45,5.8313,5.8205,1.408,0.0
DHARAN-002,2026-03-20 22:00:00+05:45,6.1655,6.1567,1.4574,0.0
DHARAN-002,2026-03-20 23:00:00+05:45,3.4483,3.4295,0.8333,0.0
DHARAN-002,2026-03-21 00:00:00+05:45,2.2278,2.2139,0.5105,0.0
DHARAN-002,2026-03-21 01:00:00+05:45,1.8347,1.8267,0.4437,0.0
DHARAN-002,2026-03-21 02:00:00+05:45,2.9267,2.917,0.7003,0.0
DHARAN-002,2026-03-21 03:00:00+05:45,2.814,2.7924,0.681,0.0
DHARAN-002,2026-03-21 04:00:00+05:45,3.867,3.8521,0.9231,0.0
DHARAN-002,2026-03-21 05:00:00+05:45,2.707,2.6901,0.6438,0.0
DHARAN-002,2026-03-21 06:00:00+05:45,5.4673,5.4499,1.298,0.0
DHARAN-002,2026-03-21 07:00:00+05:45,5.0785,5.0652,1.1978,0.0
DHARAN-002,2026-03-21 08:00:00+05:45,6.4234,6.3926,1.5254,0.0
DHARAN-002,2026-03-21 09:00:00+05:45,6.1635,6.1543,1.4653,0.0
DHARAN-002,2026-03-21 10:00:00+05:45,2.9395,2.9234,0.6948,0.0
DHARAN-002,2026-03-21 11:00:00+05:45,3.0083,2.9929,0.7083,0.0
DHARAN-002,2026-03-21 12:00:00+05:45,3.6556,3.6326,0.8797,0.0
DHARAN-002,2026-03-21 13:00:00+05:45,3.5722,3.5494,0.8391,0.0
DHARAN-002,2026-03-21 14:00:00+05:45,3.2224,3.1931,0.7688,0.0
DHARAN-002,2026-03-21 15:00:00+05:45,3.1553,3.1433,0.7441,0.0
DHARAN-002,2026-03-21 16:00:00+05:45,2.2843,2.2661,0.5556,0.0
DHARAN-002,2026-03-21 17:00:00+05:45,3.6415,3.6174,0.8631,0.0
DHARAN-002,2026-03-21 18:00:00+05:45,6.5462,6.5264,1.566,0.0
DHARAN-002,2026-03-21 19:00:00+05:45,6.4425,6.4237,1.5394,0.0
DHARAN-002,2026-03-21 20:00:00+05:45,6.3958,6.3822,1.5286,0.0
DHARAN-002,2026-03-21 21:00:00+05:45,7.1477,7.1312,1.6887,0.0
DHARAN-002,2026-03-21 22:00:00+05:45,6.3516,6.3228,1.5259,0.0
DHARAN-002,2026-03-21 23:00:00+05:45,3.8242,3.821,0.9034,0.0
DHARAN-002,2026-03-22 00:00:00+05:45,3.2873,3.2669,0.7839,0.0
DHARAN-002,2026-03-22 01:00:00+05:45,3.0352,3.0153,0.7249,0.0
DHARAN-002,2026-03-22 02:00:00+05:45,2.859,2.8424,0.6862,0.0
DHARAN-002,2026-03-22 03:00:00+05:45,3.9787,3.9551,0.9396,0.0
DHARAN-002,2026-03-22 04:00:00+05:45,3.3635,3.3624,0.7866,0.0
DHARAN-002,2026-03-22 05:00:00+05:45,4.3771,4.3584,1.0217,0.0
DHARAN-002,2026-03-22 06:00:00+05:45,5.98,5.9667,1.4242,0.0
DHARAN-002,2026-03-22 07:00:00+05:45,5.2522,5.2328,1.251,0.0
DHARAN-002,2026-03-22 08:00:00+05:45,5.8531,5.8373,1.3747,0.0
DHARAN-002,2026-03-22 09:00:00+05:45,4.8775,4.8722,1.1456,0.0
DHARAN-002,2026-03-22 10:00:00+05:45,3.0007,2.9824,0.7119,0.0
DHARAN-002,2026-03-22 11:00:00+05:45,2.5134,2.5103,0.6055,0.0
DHARAN-002,2026-03-22 12:00:00+05:45,3.6325,3.6273,0.8536,0.0
DHARAN-002,2026-03-22 13:00:00+05:45,3.8108,3.8011,0.8985,0.0
DHARAN-002,2026-03-22 14:00:00+05:45,2.2297,2.2195,0.5411,0.0
DHARAN-002,2026-03-22 15:00:00+05:45,4.0441,4.0371,0.964,0.0
DHARAN-002,2026-03-22 16:00:00+05:45,3.2945,3.2754,0.7967,0.0
DHARAN-002,2026-03-22 17:00:00+05:45,2.7458,2.7278,0.6617,0.0
DHARAN-002,2026-03-22 18:00:00+05:45,7.35,7.3434,1.7291,0.0
DHARAN-002,2026-03-22 19:00:00+05:45,6.0999,6.0756,1.4475,0.0
DHARAN-002,2026-03-22 20:00:00+05:45,5.2928,5.2817,1.2594,0.0
DHARAN-002,2026-03-22 21:00:00+05:45,5.3568,5.3464,1.2882,0.0
DHARAN-002,2026-03-22 22:00:00+05:45,6.45,6.4321,1.5261,0.0
DHARAN-002,2026-03-22 23:00:00+05:45,3.7504,3.7411,0.8927,0.0
DHARAN-002,2026-03-23 00:00:00+05:45,3.207,3.1838,0.757,0.0
DHARAN-002,2026-03-23 01:00:00+05:45,3.1601,3.1424,0.7613,0.0
DHARAN-002,2026-03-23 02:00:00+05:45,3.562,3.5524,0.8364,0.0
DHARAN-002,2026-03-23 03:00:00+05:45,2.9655,2.9537,0.6989,0.0
DHARAN-002,2026-03-23 04:00:00+05:45,3.0953,3.0913,0.725,0.0
DHARAN-002,2026-03-23 05:00:00+05:45,4.2836,4.2617,1.0257,0.0
DHARAN-002,2026-03-23 06:00:00+05:45,5.5181,5.5052,1.3112,0.0
DHARAN-002,2026-03-23 07:00:00+05:45,5.9799,5.9695,1.4271,0.0
DHARAN-002,2026-03-23 08:00:00+05:45,6.4772,6.4676,1.5419,0.0
DHARAN-002,2026-03-23 09:00:00+05:45,4.8856,4.875,1.1455,0.0
DHARAN-002,2026-03-23 10:00:00+05:45,4.3269,4.3108,1.0264,0.0
DHARAN-002,2026-03-23 11:00:00+05:45,3.446,3.4435,0.7994,0.0
DHARAN-002,2026-03-23 12:00:00+05:45,3.3692,3.3559,0.8047,0.0
DHARAN-002,2026-03-23 13:00:00+05:45,3.3364,3.3199,0.7969,0.0
DHARAN-002,2026-03-23 14:00:00+05:45,3.2074,3.1893,0.7762,0.0
DHARAN-002,2026-03-23 15:00:00+05:45,3.611,3.5811,0.8649,0.0
DHARAN-002,2026-03-23 16:00:00+05:45,3.9787,3.957,0.9393,0.0
DHARAN-002,2026-03-23 17:00:00+05:45,3.3326,3.3051,0.7826,0.0
DHARAN-002,2026-03-23 18:00:00+05:45,6.7644,6.7498,1.616,0.0
DHARAN-002,2026-03-23 19:00:00+05:45,6.7026,6.6883,1.5879,0.0
DHARAN-002,2026-03-23 20:00:00+05:45,6.1577,6.1513,1.451,0.0
DHARAN-002,2026-03-23 21:00:00+05:45,5.8525,5.845,1.4061,0.0
DHARAN-002,2026-03-23 22:00:00+05:45,7.0599,7.0455,1.6687,0.0
DHARAN-002,2026-03-23 23:00:00+05:45,3.5215,3.5161,0.8386,0.0
DHARAN-002,2026-03-24 00:00:00+05:45,4.4447,4.4269,1.0452,0.0
DHARAN-002,2026-03-24 01:00:00+05:45,2.8314,2.822,0.6763,0.0
DHARAN-002,2026-03-24 02:00:00+05:45,3.3334,3.3211,0.7907,0.0
DHARAN-002,2026-03-24 03:00:00+05:45,2.6241,2.6072,0.6045,0.0
DHARAN-002,2026-03-24 04:00:00+05:45,3.485,3.4825,0.8338,0.0
DHARAN-002,2026-03-24 05:00:00+05:45,3.2169,3.1962,0.769,0.0
DHARAN-002,2026-03-24 06:00:00+05:45,6.0493,6.0264,1.433,0.0
DHARAN-002,2026-03-24 07:00:00+05:45,6.4867,6.4629,1.5407,0.0
DHARAN-002,2026-03-24 08:00:00+05:45,5.735,5.7212,1.3836,0.0
DHARAN-002,2026-03-24 09:00:00+05:45,5.134,5.1253,1.2202,0.0
DHARAN-002,2026-03-24 10:00:00+05:45,3.6163,3.5917,0.8517,0.0
DHARAN-002,2026-03-24 11:00:00+05:45,4.0209,4.0155,0.9733,0.0
DHARAN-002,2026-03-24 12:00:00+05:45,4.7878,4.771,1.1303,0.0
DHARAN-002,2026-03-24 13:00:00+05:45,3.2857,3.2852,0.7828,0.0
DHARAN-002,2026-03-24 14:00:00+05:45,2.8781,2.8688,0.6863,0.0
DHARAN-002,2026-03-24 15:00:00+05:45,3.0792,3.0663,0.7088,0.0
DHARAN-002,2026-03-24 16:00:00+05:45,3.4217,3.402,0.8124,0.0
DHARAN-002,2026-03-24 17:00:00+05:45,3.0811,3.0626,0.7217,0.0
DHARAN-002,2026-03-24 18:00:00+05:45,5.727,5.7134,1.3646,0.0
DHARAN-002,2026-03-24 19:00:00+05:45,6.2904,6.2703,1.4929,0.0
DHARAN-002,2026-03-24 20:00:00+05:45,6.654,6.6383,1.581,0.0
DHARAN-002,2026-03-24 21:00:00+05:45,5.3269,5.308,1.2609,0.0
DHARAN-002,2026-03-24 22:00:00+05:45,5.8949,5.8747,1.4009,0.0
DHARAN-002,2026-03-24 23:00:00+05:45,3.8825,3.8649,0.9195,0.0
DHARAN-002,2026-03-25 00:00:00+05:45,3.7367,3.7184,0.8926,0.0
DHARAN-002,2026-03-25 01:00:00+05:45,3.0032,3.001,0.7045,0.0
DHARAN-002,2026-03-25 02:00:00+05:45,3.6841,3.6614,0.877,0.0
DHARAN-002,2026-03-25 03:00:00+05:45,2.882,2.8665,0.6853,0.0
DHARAN-002,2026-03-25 04:00:00+05:45,3.4486,3.4285,0.8311,0.0
DHARAN-002,2026-03-25 05:00:00+05:45,2.3148,2.3123,0.5575,0.0
DHARAN-002,2026-03-25 06:00:00+05:45,5.9955,5.9768,1.4237,0.0
DHARAN-002,2026-03-25 07:00:00+05:45,6.2919,6.272,1.5011,0.0
DHARAN-002,2026-03-25 08:00:00+05:45,5.5919,5.5664,1.3322,0.0
DHARAN-002,2026-03-25 09:00:00+05:45,6.5941,6.5724,1.5741,0.0
DHARAN-002,2026-03-25 10:00:00+05:45,3.4459,3.4289,0.8173,0.0
DHARAN-002,2026-03-25 11:00:00+05:45,2.9605,2.9333,0.739,0.0
DHARAN-002,2026-03-25 12:00:00+05:45,2.912,2.8988,0.6956,0.0
DHARAN-002,2026-03-25 13:00:00+05:45,2.8864,2.8717,0.6849,0.0
DHARAN-002,2026-03-25 14:00:00+05:45,2.9166,2.9019,0.693,0.0
DHARAN-002,2026-03-25 15:00:00+05:45,3.6858,3.6773,0.8903,0.0
DHARAN-002,2026-03-25 16:00:00+05:45,3.6118,3.604,0.866,0.0
DHARAN-002,2026-03-25 17:00:00+05:45,2.9703,2.956,0.7082,0.0
DHARAN-002,2026-03-25 18:00:00+05:45,6.233,6.2119,1.4939,0.0
DHARAN-002,2026-03-25 19:00:00+05:45,6.972,6.9694,1.6782,0.0
DHARAN-002,2026-03-25 20:00:00+05:45,6.9482,6.9462,1.6394,0.0
DHARAN-002,2026-03-25 21:00:00+05:45,6.8565,6.8484,1.6169,0.0
DHARAN-002,2026-03-25 22:00:00+05:45,7.169,7.1515,1.7086,0.0
DHARAN-002,2026-03-25 23:00:00+05:45,2.9493,2.9277,0.6927,0.0
DHARAN-002,2026-03-26 00:00:00+05:45,4.1987,4.1838,0.986,0.0
DHARAN-002,2026-03-26 01:00:00+05:45,4.8925,4.8731,1.152,0.0
DHARAN-002,2026-03-26 02:00:00+05:45,2.708,2.7046,0.6593,0.0
DHARAN-002,2026-03-26 03:00:00+05:45,2.8563,2.8374,0.667,0.0
DHARAN-002,2026-03-26 04:00:00+05:45,2.9572,2.9443,0.7054,0.0
DHARAN-002,2026-03-26 05:00:00+05:45,3.6399,3.6221,0.875,0.0
DHARAN-002,2026-03-26 06:00:00+05:45,5.6793,5.6516,1.3603,0.0
DHARAN-002,2026-03-26 07:00:00+05:45,5.3734,5.3516,1.2888,0.0
DHARAN-002,2026-03-26 08:00:00+05:45,5.6059,5.6003,1.3308,0.0
DHARAN-002,2026-03-26 09:00:00+05:45,6.0584,6.0535,1.4218,0.0
DHARAN-002,2026-03-26 10:00:00+05:45,3.4189,3.3824,0.8215,0.0
DHARAN-002,2026-03-26 11:00:00+05:45,3.9079,3.9027,0.9278,0.0
DHARAN-002,2026-03-26 12:00:00+05:45,2.8047,2.8006,0.6607,0.0
DHARAN-002,2026-03-26 13:00:00+05:45,2.6013,2.5852,0.6193,0.0
DHARAN-002,2026-03-26 14:00:00+05:45,3.4458,3.4234,0.8246,0.0
DHARAN-002,2026-03-26 15:00:00+05:45,2.8625,2.8458,0.6756,0.0
DHARAN-002,2026-03-26 16:00:00+05:45,3.6218,3.6104,0.8511,0.0
DHARAN-002,2026-03-26 17:00:00+05:45,2.8711,2.8699,0.6997,0.0
DHARAN-002,2026-03-26 18:00:00+05:45,6.287,6.2807,1.4979,0.0
DHARAN-002,2026-03-26 19:00:00+05:45,6.0019,5.9799,1.4145,0.0
DHARAN-002,2026-03-26 20:00:00+05:45,5.7265,5.7082,1.3677,0.0
DHARAN-002,2026-03-26 21:00:00+05:45,6.0319,6.0196,1.4439,0.0
DHARAN-002,2026-03-26 22:00:00+05:45,6.977,6.9678,1.6499,0.0
DHARAN-002,2026-03-26 23:00:00+05:45,3.5037,3.4967,0.8343,0.0
DHARAN-002,2026-03-27 00:00:00+05:45,3.0715,3.0472,0.7434,0.0
DHARAN-002,2026-03-27 01:00:00+05:45,4.0378,4.028,0.9653,0.0
DHARAN-002,2026-03-27 02:00:00+05:45,3.852,3.8459,0.9056,0.0
DHARAN-002,2026-03-27 03:00:00+05:45,3.1948,3.186,0.7612,0.0
DHARAN-002,2026-03-27 04:00:00+05:45,3.4383,3.4277,0.8253,0.0
DHARAN-002,2026-03-27 05:00:00+05:45,3.1612,3.1597,0.7668,0.0
DHARAN-002,2026-03-27 06:00:00+05:45,5.9953,5.9632,1.4345,0.0
DHARAN-002,2026-03-27 07:00:00+05:45,6.5356,6.5019,1.5609,0.0
DHARAN-002,2026-03-27 08:00:00+05:45,6.0088,6.0031,1.4368,0.0
DHARAN-002,2026-03-27 09:00:00+05:45,5.9101,5.8917,1.4069,0.0
DHARAN-002,2026-03-27 10:00:00+05:45,3.1107,3.0991,0.7515,0.0
DHARAN-002,2026-03-27 11:00:00+05:45,3.6138,3.6017,0.8638,0.0
DHARAN-002,2026-03-27 12:00:00+05:45,2.5097,2.5036,0.5967,0.0
DHARAN-002,2026-03-27 13:00:00+05:45,3.7054,3.6927,0.8892,0.0
DHARAN-002,2026-03-27 14:00:00+05:45,4.3502,4.3387,1.0387,0.0
DHARAN-002,2026-03-27 15:00:00+05:45,3.4955,3.4705,0.8493,0.0
DHARAN-002,2026-03-27 16:00:00+05:45,3.7937,3.7817,0.8983,0.0
DHARAN-002,2026-03-27 17:00:00+05:45,3.0901,3.0661,0.7479,0.0
DHARAN-002,2026-03-27 18:00:00+05:45,6.926,6.9206,1.6454,0.0
DHARAN-002,2026-03-27 19:00:00+05:45,7.1226,7.0932,1.6984,0.0
DHARAN-002,2026-03-27 20:00:00+05:45,6.534,6.5227,1.5509,0.0
DHARAN-002,2026-03-27 21:00:00+05:45,7.1135,7.0869,1.6879,0.0
DHARAN-002,2026-03-27 22:00:00+05:45,6.4676,6.4478,1.5404,0.0
DHARAN-002,2026-03-27 23:00:00+05:45,4.0395,4.0234,0.9521,0.0
DHARAN-002,2026-03-28 00:00:00+05:45,2.3682,2.3647,0.5561,0.0
DHARAN-002,2026-03-28 01:00:00+05:45,3.2848,3.2812,0.7832,0.0
DHARAN-002,2026-03-28 02:00:00+05:45,3.5457,3.5332,0.8237,0.0
DHARAN-002,2026-03-28 03:00:00+05:45,3.752,3.7301,0.8709,0.0
DHARAN-002,2026-03-28 04:00:00+05:45,2.9563,2.9374,0.7016,0.0
DHARAN-002,2026-03-28 05:00:00+05:45,4.043,4.0358,0.9511,0.0
DHARAN-002,2026-03-28 06:00:00+05:45,5.1277,5.1209,1.2216,0.0
DHARAN-002,2026-03-28 07:00:00+05:45,3.6682,3.6532,0.8803,0.0
DHARAN-002,2026-03-28 08:00:00+05:45,5.2574,5.2421,1.2613,0.0
DHARAN-002,2026-03-28 09:00:00+05:45,5.7162,5.6903,1.3655,0.0
DHARAN-002,2026-03-28 10:00:00+05:45,3.266,3.26,0.7859,0.0
DHARAN-002,2026-03-28 11:00:00+05:45,3.209,3.2006,0.7534,0.0
DHARAN-002,2026-03-28 12:00:00+05:45,3.5759,3.545,0.8505,0.0
DHARAN-002,2026-03-28 13:00:00+05:45,3.4406,3.4197,0.8258,0.0
DHARAN-002,2026-03-28 14:00:00+05:45,3.644,3.6383,0.8714,0.0
DHARAN-002,2026-03-28 15:00:00+05:45,3.5445,3.5416,0.8433,0.0
DHARAN-002,2026-03-28 16:00:00+05:45,3.3746,3.3717,0.8095,0.0
DHARAN-002,2026-03-28 17:00:00+05:45,3.1457,3.121,0.7367,0.0
DHARAN-002,2026-03-28 18:00:00+05:45,6.8679,6.8482,1.6327,0.0
DHARAN-002,2026-03-28 19:00:00+05:45,6.3855,6.3778,1.5309,0.0
DHARAN-002,2026-03-28 20:00:00+05:45,6.13,6.1064,1.4462,0.0
DHARAN-002,2026-03-28 21:00:00+05:45,5.8379,5.8261,1.3895,0.0
DHARAN-002,2026-03-28 22:00:00+05:45,6.2804,6.2542,1.5004,0.0
DHARAN-002,2026-03-28 23:00:00+05:45,3.2709,3.2541,0.7767,0.0
DHARAN-002,2026-03-29 00:00:00+05:45,2.7581,2.7346,0.6557,0.0
DHARAN-002,2026-03-29 01:00:00+05:45,3.9681,3.9653,0.9557,0.0
DHARAN-002,2026-03-29 02:00:00+05:45,3.3475,3.3296,0.7865,0.0
DHARAN-002,2026-03-29 03:00:00+05:45,3.5603,3.5498,0.8606,0.0
DHARAN-002,2026-03-29 04:00:00+05:45,2.1593,2.1569,0.5155,0.0
DHARAN-002,2026-03-29 05:00:00+05:45,4.0057,3.9895,0.9389,0.0
DHARAN-002,2026-03-29 06:00:00+05:45,4.8148,4.7849,1.1428,0.0
DHARAN-002,2026-03-29 07:00:00+05:45,5.8492,5.8381,1.3814,0.0
DHARAN-002,2026-03-29 08:00:00+05:45,5.1201,5.1197,1.2198,0.0
DHARAN-002,2026-03-29 09:00:00+05:45,6.7087,6.6868,1.596,0.0
DHARAN-002,2026-03-29 10:00:00+05:45,2.9775,2.9511,0.7236,0.0
DHARAN-002,2026-03-29 11:00:00+05:45,2.7192,2.7007,0.6441,0.0
DHARAN-002,2026-03-29 12:00:00+05:45,3.2777,3.2639,0.7879,0.0
DHARAN-002,2026-03-29 13:00:00+05:45,2.8253,2.8058,0.665,0.0
DHARAN-002,2026-03-29 14:00:00+05:45,3.2383,3.2064,0.7764,0.0
DHARAN-002,2026-03-29 15:00:00+05:45,2.5538,2.5394,0.6228,0.0
DHARAN-002,2026-03-29 16:00:00+05:45,3.1856,3.1655,0.748,0.0
DHARAN-002,2026-03-29 17:00:00+05:45,3.3067,3.2878,0.7825,0.0
DHARAN-002,2026-03-29 18:00:00+05:45,7.4503,7.4408,1.7715,0.0
DHARAN-002,2026-03-29 19:00:00+05:45,6.3753,6.3606,1.5429,0.0
DHARAN-002,2026-03-29 20:00:00+05:45,6.955,6.9376,1.6502,0.0
DHARAN-002,2026-03-29 21:00:00+05:45,6.7514,6.725,1.597,0.0
DHARAN-002,2026-03-29 22:00:00+05:45,6.5929,6.5894,1.5727,0.0
DHARAN-002,2026-03-29 23:00:00+05:45,3.7854,3.7692,0.8964,0.0
DHARAN-002,2026-03-30 00:00:00+05:45,2.9636,2.9507,0.6964,0.0
DHARAN-002,2026-03-30 01:00:00+05:45,3.2522,3.2336,0.7749,0.0
DHARAN-002,2026-03-30 02:00:00+05:45,2.7154,2.7062,0.6412,0.0
DHARAN-002,2026-03-30 03:00:00+05:45,2.9616,2.9545,0.6967,0.0
DHARAN-002,2026-03-30 04:00:00+05:45,3.7211,3.7193,0.885,0.0
DHARAN-002,2026-03-30 05:00:00+05:45,3.9719,3.9538,0.9427,0.0
DHARAN-002,2026-03-30 06:00:00+05:45,6.1297,6.1131,1.4452,0.0
DHARAN-002,2026-03-30 07:00:00+05:45,5.888,5.8758,1.3984,0.0
DHARAN-002,2026-03-30 08:00:00+05:45,4.7726,4.7466,1.1343,0.0
DHARAN-002,2026-03-30 09:00:00+05:45,5.8134,5.7896,1.3943,0.0
DHARAN-002,2026-03-30 10:00:00+05:45,3.0321,3.009,0.7419,0.0
DHARAN-002,2026-03-30 11:00:00+05:45,2.8666,2.8424,0.6656,0.0
DHARAN-002,2026-03-30 12:00:00+05:45,3.1754,3.141,0.7517,0.0
DHARAN-002,2026-03-30 13:00:00+05:45,3.7853,3.7472,0.899,0.0
DHARAN-002,2026-03-30 14:00:00+05:45,3.3543,3.3468,0.7931,0.0
DHARAN-002,2026-03-30 15:00:00+05:45,2.4162,2.4009,0.578,0.0
DHARAN-002,2026-03-30 16:00:00+05:45,3.381,3.3607,0.8185,0.0
DHARAN-002,2026-03-30 17:00:00+05:45,2.8776,2.8552,0.6794,0.0
DHARAN-002,2026-03-30 18:00:00+05:45,6.1421,6.1148,1.4716,0.0
DHARAN-002,2026-03-30 19:00:00+05:45,6.826,6.7993,1.6238,0.0
DHARAN-002,2026-03-30 20:00:00+05:45,6.3972,6.3902,1.529,0.0
DHARAN-002,2026-03-30 21:00:00+05:45,6.3565,6.3304,1.5061,0.0
DHARAN-002,2026-03-30 22:00:00+05:45,6.4404,6.4271,1.5219,0.0
DHARAN-002,2026-03-30 23:00:00+05:45,2.8256,2.8147,0.6852,0.0
DHARAN-002,2026-03-31 00:00:00+05:45,2.7128,2.6943,0.6268,0.0
DHARAN-002,2026-03-31 01:00:00+05:45,3.2925,3.2879,0.7675,0.0
DHARAN-002,2026-03-31 02:00:00+05:45,3.2827,3.2688,0.7625,0.0
DHARAN-002,2026-03-31 03:00:00+05:45,4.5364,4.511,1.0726,0.0
DHARAN-002,2026-03-31 04:00:00+05:45,3.9447,3.9336,0.9392,0.0
DHARAN-002,2026-03-31 05:00:00+05:45,3.1741,3.1597,0.7651,0.0
DHARAN-002,2026-03-31 06:00:00+05:45,5.6274,5.6077,1.3238,0.0
DHARAN-002,2026-03-31 07:00:00+05:45,6.6664,6.6612,1.6078,0.0
DHARAN-002,2026-03-31 08:00:00+05:45,5.4427,5.4285,1.2817,0.0
DHARAN-002,2026-03-31 09:00:00+05:45,4.8125,4.8071,1.1482,0.0
DHARAN-002,2026-03-31 10:00:00+05:45,2.6494,2.6372,0.6118,0.0
DHARAN-002,2026-03-31 11:00:00+05:45,3.3554,3.3424,0.7998,0.0
DHARAN-002,2026-03-31 12:00:00+05:45,2.8357,2.818,0.6781,0.0
DHARAN-002,2026-03-31 13:00:00+05:45,4.0247,4.0194,0.9492,0.0
DHARAN-002,2026-03-31 14:00:00+05:45,3.789,3.779,0.8976,0.0
DHARAN-002,2026-03-31 15:00:00+05:45,3.3865,3.3711,0.8009,0.0
DHARAN-002,2026-03-31 16:00:00+05:45,3.4793,3.4484,0.8366,0.0
DHARAN-002,2026-03-31 17:00:00+05:45,2.3226,2.3046,0.5475,0.0
DHARAN-002,2026-03-31 18:00:00+05:45,6.6757,6.6514,1.5962,0.0
DHARAN-002,2026-03-31 19:00:00+05:45,6.2781,6.2719,1.5061,0.0
DHARAN-002,2026-03-31 20:00:00+05:45,6.379,6.3496,1.534,0.0
DHARAN-002,2026-03-31 21:00:00+05:45,6.9817,6.953,1.6449,0.0
DHARAN-002,2026-03-31 22:00:00+05:45,6.1679,6.1615,1.4768,0.0
DHARAN-002,2026-03-31 23:00:00+05:45,3.1377,3.1293,0.7303,0.0
DHARAN-002,2026-04-01 00:00:00+05:45,3.1438,3.1258,0.7538,0.0
DHARAN-002,2026-04-01 01:00:00+05:45,3.8584,3.8542,0.9333,0.0
DHARAN-002,2026-04-01 02:00:00+05:45,4.0504,4.0375,0.9574,0.0
DHARAN-002,2026-04-01 03:00:00+05:45,4.0776,4.0551,0.9838,0.0
DHARAN-002,2026-04-01 04:00:00+05:45,3.2617,3.2576,0.7708,0.0
DHARAN-002,2026-04-01 05:00:00+05:45,3.1699,3.1554,0.7477,0.0
DHARAN-002,2026-04-01 06:00:00+05:45,6.2436,6.2363,1.4749,0.0
DHARAN-002,2026-04-01 07:00:00+05:45,5.9376,5.9222,1.4232,0.0
DHARAN-002,2026-04-01 08:00:00+05:45,5.8593,5.838,1.403,0.0
DHARAN-002,2026-04-01 09:00:00+05:45,5.2841,5.2635,1.2637,0.0
DHARAN-002,2026-04-01 10:00:00+05:45,2.815,2.7917,0.6787,0.0
DHARAN-002,2026-04-01 11:00:00+05:45,3.2683,3.2465,0.792,0.0
DHARAN-002,2026-04-01 12:00:00+05:45,3.0108,3.0057,0.7302,0.0
DHARAN-002,2026-04-01 13:00:00+05:45,3.6927,3.6877,0.8874,0.0
DHARAN-002,2026-04-01 14:00:00+05:45,3.6263,3.6176,0.8557,0.0
DHARAN-002,2026-04-01 15:00:00+05:45,3.814,3.7882,0.8885,0.0
DHARAN-002,2026-04-01 16:00:00+05:45,3.8847,3.8732,0.9219,0.0
DHARAN-002,2026-04-01 17:00:00+05:45,3.2613,3.2563,0.7723,0.0
DHARAN-002,2026-04-01 18:00:00+05:45,5.9351,5.9183,1.4267,0.0
DHARAN-002,2026-04-01 19:00:00+05:45,6.3958,6.3742,1.529,0.0
DHARAN-002,2026-04-01 20:00:00+05:45,5.8259,5.8047,1.3937,0.0
DHARAN-002,2026-04-01 21:00:00+05:45,6.8163,6.7994,1.6305,0.0
DHARAN-002,2026-04-01 22:00:00+05:45,5.9796,5.9634,1.4256,0.0
DHARAN-002,2026-04-01 23:00:00+05:45,3.5669,3.5497,0.8462,0.0
DHARAN-002,2026-04-02 00:00:00+05:45,2.7438,2.7244,0.6496,0.0
DHARAN-002,2026-04-02 01:00:00+05:45,3.5902,3.5679,0.8617,0.0
DHARAN-002,2026-04-02 02:00:00+05:45,2.5907,2.5779,0.6209,0.0
DHARAN-002,2026-04-02 03:00:00+05:45,2.6239,2.6071,0.6275,0.0
DHARAN-002,2026-04-02 04:00:00+05:45,2.3358,2.3348,0.5599,0.0
DHARAN-002,2026-04-02 05:00:00+05:45,4.3092,4.2932,1.024,0.0
DHARAN-002,2026-04-02 06:00:00+05:45,5.7032,5.6804,1.3521,0.0
DHARAN-002,2026-04-02 07:00:00+05:45,4.8264,4.8015,1.1367,0.0
DHARAN-002,2026-04-02 08:00:00+05:45,5.5239,5.5141,1.3163,0.0
DHARAN-002,2026-04-02 09:00:00+05:45,4.9558,4.9312,1.175,0.0
DHARAN-002,2026-04-02 10:00:00+05:45,3.6361,3.6057,0.8665,0.0
DHARAN-002,2026-04-02 11:00:00+05:45,3.7627,3.7302,0.8996,0.0
DHARAN-002,2026-04-02 12:00:00+05:45,2.6605,2.6488,0.6475,0.0
DHARAN-002,2026-04-02 13:00:00+05:45,2.8748,2.8535,0.688,0.0
DHARAN-002,2026-04-02 14:00:00+05:45,3.2543,3.2389,0.7749,0.0
DHARAN-002,2026-04-02 15:00:00+05:45,2.0458,2.0339,0.5015,0.0
DHARAN-002,2026-04-02 16:00:00+05:45,2.8377,2.8115,0.6778,0.0
DHARAN-002,2026-04-02 17:00:00+05:45,3.1814,3.1727,0.7701,0.0
DHARAN-002,2026-04-02 18:00:00+05:45,7.3034,7.2837,1.7243,0.0
DHARAN-002,2026-04-02 19:00:00+05:45,5.6048,5.5867,1.3316,0.0
DHARAN-002,2026-04-02 20:00:00+05:45,6.3701,6.358,1.5221,0.0
DHARAN-002,2026-04-02 21:00:00+05:45,6.0118,5.9859,1.4423,0.0
DHARAN-002,2026-04-02 22:00:00+05:45,6.8133,6.7955,1.6249,0.0
DHARAN-002,2026-04-02 23:00:00+05:45,3.5619,3.5399,0.8258,0.0
DHARAN-002,2026-04-03 00:00:00+05:45,3.694,3.6825,0.8792,0.0
DHARAN-002,2026-04-03 01:00:00+05:45,3.9948,3.9864,0.9449,0.0
DHARAN-002,2026-04-03 02:00:00+05:45,3.534,3.5323,0.8335,0.0
DHARAN-002,2026-04-03 03:00:00+05:45,2.8214,2.821,0.6683,0.0
DHARAN-002,2026-04-03 04:00:00+05:45,2.3709,2.3519,0.5671,0.0
DHARAN-002,2026-04-03 05:00:00+05:45,3.6061,3.5905,0.8435,0.0
DHARAN-002,2026-04-03 06:00:00+05:45,5.3219,5.31,1.2796,0.0
DHARAN-002,2026-04-03 07:00:00+05:45,5.9488,5.9316,1.4092,0.0
DHARAN-002,2026-04-03 08:00:00+05:45,5.8889,5.8733,1.39,0.0
DHARAN-002,2026-04-03 09:00:00+05:45,6.2221,6.2077,1.4884,0.0
DHARAN-002,2026-04-03 10:00:00+05:45,3.0612,3.0543,0.7213,0.0
DHARAN-002,2026-04-03 11:00:00+05:45,3.0352,3.0155,0.7404,0.0
DHARAN-002,2026-04-03 12:00:00+05:45,3.9366,3.9151,0.9286,0.0
DHARAN-002,2026-04-03 13:00:00+05:45,3.7228,3.7029,0.8797,0.0
DHARAN-002,2026-04-03 14:00:00+05:45,3.5877,3.5743,0.8605,0.0
DHARAN-002,2026-04-03 15:00:00+05:45,3.2938,3.2913,0.7874,0.0
DHARAN-002,2026-04-03 16:00:00+05:45,2.6586,2.6363,0.6308,0.0
DHARAN-002,2026-04-03 17:00:00+05:45,3.3871,3.3795,0.7801,0.0
DHARAN-002,2026-04-03 18:00:00+05:45,6.6559,6.6324,1.5724,0.0
DHARAN-002,2026-04-03 19:00:00+05:45,6.753,6.7375,1.5977,0.0
DHARAN-002,2026-04-03 20:00:00+05:45,7.2694,7.2612,1.7186,0.0
DHARAN-002,2026-04-03 21:00:00+05:45,6.4802,6.453,1.5576,0.0
DHARAN-002,2026-04-03 22:00:00+05:45,6.547,6.5328,1.546,0.0
DHARAN-002,2026-04-03 23:00:00+05:45,2.4417,2.4257,0.5562,0.0
DHARAN-002,2026-04-04 00:00:00+05:45,2.8135,2.7822,0.659,0.0
DHARAN-002,2026-04-04 01:00:00+05:45,3.1658,3.1489,0.7547,0.0
DHARAN-002,2026-04-04 02:00:00+05:45,2.6842,2.655,0.6457,0.0
DHARAN-002,2026-04-04 03:00:00+05:45,3.1717,3.1603,0.7631,0.0
DHARAN-002,2026-04-04 04:00:00+05:45,3.7335,3.7164,0.9077,0.0
DHARAN-002,2026-04-04 05:00:00+05:45,4.594,4.5744,1.0745,0.0
DHARAN-002,2026-04-04 06:00:00+05:45,6.2778,6.2638,1.4823,0.0
DHARAN-002,2026-04-04 07:00:00+05:45,6.0997,6.0948,1.4353,0.0
DHARAN-002,2026-04-04 08:00:00+05:45,5.8672,5.8513,1.3935,0.0
DHARAN-002,2026-04-04 09:00:00+05:45,5.5787,5.5612,1.3261,0.0
DHARAN-002,2026-04-04 10:00:00+05:45,3.8546,3.8411,0.9132,0.0
DHARAN-002,2026-04-04 11:00:00+05:45,2.8296,2.8125,0.6782,0.0
DHARAN-002,2026-04-04 12:00:00+05:45,2.9538,2.9353,0.6943,0.0
DHARAN-002,2026-04-04 13:00:00+05:45,3.8226,3.8142,0.9162,0.0
DHARAN-002,2026-04-04 14:00:00+05:45,3.8496,3.8362,0.9153,0.0
DHARAN-002,2026-04-04 15:00:00+05:45,3.6504,3.6454,0.8628,0.0
DHARAN-002,2026-04-04 16:00:00+05:45,3.9532,3.9246,0.9452,0.0
DHARAN-002,2026-04-04 17:00:00+05:45,2.6124,2.5989,0.619,0.0
DHARAN-002,2026-04-04 18:00:00+05:45,5.4108,5.4104,1.282,0.0
DHARAN-002,2026-04-04 19:00:00+05:45,6.2772,6.2664,1.484,0.0
DHARAN-002,2026-04-04 20:00:00+05:45,5.9565,5.9435,1.4106,0.0
DHARAN-002,2026-04-04 21:00:00+05:45,6.2269,6.2212,1.4704,0.0
DHARAN-002,2026-04-04 22:00:00+05:45,6.183,6.1779,1.4639,0.0
DHARAN-002,2026-04-04 23:00:00+05:45,4.1579,4.1359,0.992,0.0
DHARAN-002,2026-04-05 00:00:00+05:45,3.7054,3.6942,0.8837,0.0
DHARAN-002,2026-04-05 01:00:00+05:45,3.2787,3.2715,0.7738,0.0
DHARAN-002,2026-04-05 02:00:00+05:45,2.7247,2.7156,0.6346,0.0
DHARAN-002,2026-04-05 03:00:00+05:45,3.4422,3.4284,0.8215,0.0
DHARAN-002,2026-04-05 04:00:00+05:45,3.9893,3.9772,0.9506,0.0
DHARAN-002,2026-04-05 05:00:00+05:45,3.1157,3.1061,0.7466,0.0
DHARAN-002,2026-04-05 06:00:00+05:45,5.3769,5.3562,1.2644,0.0
DHARAN-002,2026-04-05 07:00:00+05:45,5.4273,5.425,1.2829,0.0
DHARAN-002,2026-04-05 08:00:00+05:45,6.3072,6.2743,1.4894,0.0
DHARAN-002,2026-04-05 09:00:00+05:45,6.0894,6.064,1.4457,0.0
DHARAN-002,2026-04-05 10:00:00+05:45,2.9406,2.9261,0.7039,0.0
DHARAN-002,2026-04-05 11:00:00+05:45,3.9275,3.9202,0.9433,0.0
DHARAN-002,2026-04-05 12:00:00+05:45,3.4197,3.4103,0.8074,0.0
DHARAN-002,2026-04-05 13:00:00+05:45,3.6644,3.6398,0.8595,0.0
DHARAN-002,2026-04-05 14:00:00+05:45,3.4462,3.4174,0.8214,0.0
DHARAN-002,2026-04-05 15:00:00+05:45,3.3172,3.2865,0.7808,0.0
DHARAN-002,2026-04-05 16:00:00+05:45,3.6529,3.6478,0.8792,0.0
DHARAN-002,2026-04-05 17:00:00+05:45,3.1502,3.1316,0.7433,0.0
DHARAN-002,2026-04-05 18:00:00+05:45,7.5098,7.4974,1.7839,0.0
DHARAN-002,2026-04-05 19:00:00+05:45,5.856,5.8411,1.383,0.0
DHARAN-002,2026-04-05 20:00:00+05:45,5.6218,5.6148,1.3383,0.0
DHARAN-002,2026-04-05 21:00:00+05:45,6.1657,6.158,1.468,0.0
DHARAN-002,2026-04-05 22:00:00+05:45,6.1045,6.0952,1.4605,0.0
DHARAN-002,2026-04-05 23:00:00+05:45,2.7444,2.7366,0.658,0.0
DHARAN-002,2026-04-06 00:00:00+05:45,3.5755,3.5509,0.8494,0.0
DHARAN-002,2026-04-06 01:00:00+05:45,4.2498,4.2312,1.0054,0.0
DHARAN-002,2026-04-06 02:00:00+05:45,3.6636,3.6482,0.8678,0.0
DHARAN-002,2026-04-06 03:00:00+05:45,3.2162,3.1944,0.7755,0.0
DHARAN-002,2026-04-06 04:00:00+05:45,3.314,3.2917,0.7752,0.0
DHARAN-002,2026-04-06 05:00:00+05:45,3.0062,3.0007,0.7039,0.0
DHARAN-002,2026-04-06 06:00:00+05:45,6.4814,6.4624,1.5559,0.0
DHARAN-002,2026-04-06 07:00:00+05:45,5.8224,5.8101,1.3756,0.0
DHARAN-002,2026-04-06 08:00:00+05:45,4.4676,4.4544,1.0668,0.0
DHARAN-002,2026-04-06 09:00:00+05:45,4.5311,4.5247,1.0784,0.0
DHARAN-002,2026-04-06 10:00:00+05:45,3.5891,3.5584,0.8569,0.0
DHARAN-002,2026-04-06 11:00:00+05:45,3.1599,3.1466,0.7483,0.0
DHARAN-002,2026-04-06 12:00:00+05:45,2.4455,2.4245,0.5842,0.0
DHARAN-002,2026-04-06 13:00:00+05:45,3.5635,3.5601,0.8512,0.0
DHARAN-002,2026-04-06 14:00:00+05:45,3.6134,3.5916,0.8563,0.0
DHARAN-002,2026-04-06 15:00:00+05:45,3.0663,3.047,0.7461,0.0
DHARAN-002,2026-04-06 16:00:00+05:45,3.3229,3.3076,0.7779,0.0
DHARAN-002,2026-04-06 17:00:00+05:45,3.2656,3.2554,0.7735,0.0
DHARAN-002,2026-04-06 18:00:00+05:45,6.0509,6.0433,1.4416,0.0
DHARAN-002,2026-04-06 19:00:00+05:45,6.3421,6.3188,1.4916,0.0
DHARAN-002,2026-04-06 20:00:00+05:45,6.5973,6.5889,1.556,0.0
DHARAN-002,2026-04-06 21:00:00+05:45,7.6168,7.5857,1.8179,0.0
DHARAN-002,2026-04-06 22:00:00+05:45,7.3176,7.2908,1.759,0.0
DHARAN-002,2026-04-06 23:00:00+05:45,3.106,3.0868,0.7449,0.0
DHARAN-002,2026-04-07 00:00:00+05:45,2.7839,2.7764,0.6581,0.0
DHARAN-002,2026-04-07 01:00:00+05:45,3.4145,3.3964,0.8002,0.0
DHARAN-002,2026-04-07 02:00:00+05:45,3.1121,3.1084,0.7358,0.0
DHARAN-002,2026-04-07 03:00:00+05:45,2.8318,2.8105,0.6783,0.0
DHARAN-002,2026-04-07 04:00:00+05:45,3.4977,3.4829,0.8277,0.0
DHARAN-002,2026-04-07 05:00:00+05:45,2.9341,2.9247,0.6844,0.0
DHARAN-002,2026-04-07 06:00:00+05:45,5.7688,5.7493,1.3746,0.0
DHARAN-002,2026-04-07 07:00:00+05:45,5.299,5.273,1.2516,0.0
DHARAN-002,2026-04-07 08:00:00+05:45,6.068,6.0565,1.4433,0.0
DHARAN-002,2026-04-07 09:00:00+05:45,6.9447,6.9227,1.663,0.0
DHARAN-002,2026-04-07 10:00:00+05:45,3.437,3.4205,0.8189,0.0
DHARAN-002,2026-04-07 11:00:00+05:45,3.0317,3.0142,0.7178,0.0
DHARAN-002,2026-04-07 12:00:00+05:45,4.6642,4.645,1.1003,0.0
DHARAN-002,2026-04-07 13:00:00+05:45,3.6355,3.6282,0.8481,0.0
DHARAN-002,2026-04-07 14:00:00+05:45,3.1034,3.0839,0.7571,0.0
DHARAN-002,2026-04-07 15:00:00+05:45,3.6595,3.633,0.8808,0.0
DHARAN-002,2026-04-07 16:00:00+05:45,2.8958,2.8798,0.6927,0.0
DHARAN-002,2026-04-07 17:00:00+05:45,4.0409,4.0236,0.9703,0.0
DHARAN-002,2026-04-07 18:00:00+05:45,6.7933,6.7734,1.612,0.0
DHARAN-002,2026-04-07 19:00:00+05:45,6.7416,6.7131,1.6104,0.0
DHARAN-002,2026-04-07 20:00:00+05:45,6.3142,6.2885,1.5057,0.0
DHARAN-002,2026-04-07 21:00:00+05:45,6.075,6.0658,1.4434,0.0
DHARAN-002,2026-04-07 22:00:00+05:45,7.7421,7.7279,1.8214,0.0
DHARAN-002,2026-04-07 23:00:00+05:45,3.534,3.5218,0.8414,0.0
DHARAN-002,2026-04-08 00:00:00+05:45,3.3305,3.3276,0.7934,0.0
DHARAN-002,2026-04-08 01:00:00+05:45,3.4027,3.3852,0.8106,0.0
DHARAN-002,2026-04-08 02:00:00+05:45,3.2183,3.1963,0.7697,0.0
DHARAN-002,2026-04-08 03:00:00+05:45,3.5963,3.5774,0.843,0.0
DHARAN-002,2026-04-08 04:00:00+05:45,3.1969,3.196,0.7553,0.0
DHARAN-002,2026-04-08 05:00:00+05:45,4.343,4.3106,1.0314,0.0
DHARAN-002,2026-04-08 06:00:00+05:45,5.0792,5.0613,1.22,0.0
DHARAN-002,2026-04-08 07:00:00+05:45,5.7583,5.7418,1.3678,0.0
DHARAN-002,2026-04-08 08:00:00+05:45,5.1861,5.1688,1.2489,0.0
DHARAN-002,2026-04-08 09:00:00+05:45,4.8606,4.8486,1.1704,0.0
DHARAN-002,2026-04-08 10:00:00+05:45,3.5684,3.5455,0.8307,0.0
DHARAN-002,2026-04-08 11:00:00+05:45,4.0203,4.0024,0.951,0.0
DHARAN-002,2026-04-08 12:00:00+05:45,4.4818,4.4701,1.0797,0.0
DHARAN-002,2026-04-08 13:00:00+05:45,3.1386,3.1314,0.7388,0.0
DHARAN-002,2026-04-08 14:00:00+05:45,3.6798,3.6582,0.8706,0.0
DHARAN-002,2026-04-08 15:00:00+05:45,3.7341,3.7195,0.8744,0.0
DHARAN-002,2026-04-08 16:00:00+05:45,3.5095,3.5023,0.8426,0.0
DHARAN-002,2026-04-08 17:00:00+05:45,4.1288,4.1087,0.9908,0.0
DHARAN-002,2026-04-08 18:00:00+05:45,6.6947,6.6929,1.5828,0.0
DHARAN-002,2026-04-08 19:00:00+05:45,6.8269,6.8167,1.626,0.0
DHARAN-002,2026-04-08 20:00:00+05:45,6.2951,6.2742,1.489,0.0
DHARAN-002,2026-04-08 21:00:00+05:45,6.27,6.2635,1.5037,0.0
DHARAN-002,2026-04-08 22:00:00+05:45,6.7084,6.6944,1.6094,0.0
DHARAN-002,2026-04-08 23:00:00+05:45,4.6414,4.6205,1.1007,0.0
DHARAN-002,2026-04-09 00:00:00+05:45,2.6879,2.6666,0.6517,0.0
DHARAN-002,2026-04-09 01:00:00+05:45,3.1764,3.1603,0.7451,0.0
DHARAN-002,2026-04-09 02:00:00+05:45,5.0453,5.0272,1.2058,0.0
DHARAN-002,2026-04-09 03:00:00+05:45,2.9168,2.8975,0.6837,0.0
DHARAN-002,2026-04-09 04:00:00+05:45,2.8291,2.8023,0.6757,0.0
DHARAN-002,2026-04-09 05:00:00+05:45,3.9005,3.8884,0.9412,0.0
DHARAN-002,2026-04-09 06:00:00+05:45,6.5278,6.5105,1.5549,0.0
DHARAN-002,2026-04-09 07:00:00+05:45,6.0807,6.0725,1.4595,0.0
DHARAN-002,2026-04-09 08:00:00+05:45,5.5015,5.4775,1.2975,0.0
DHARAN-002,2026-04-09 09:00:00+05:45,5.9737,5.9488,1.4227,0.0
DHARAN-002,2026-04-09 10:00:00+05:45,3.2724,3.2493,0.7727,0.0
DHARAN-002,2026-04-09 11:00:00+05:45,4.1791,4.1662,0.9946,0.0
DHARAN-002,2026-04-09 12:00:00+05:45,4.0338,4.0223,0.9464,0.0
DHARAN-002,2026-04-09 13:00:00+05:45,2.818,2.8154,0.6584,0.0
DHARAN-002,2026-04-09 14:00:00+05:45,2.4623,2.4465,0.5879,0.0
DHARAN-002,2026-04-09 15:00:00+05:45,2.7465,2.7293,0.6518,0.0
DHARAN-002,2026-04-09 16:00:00+05:45,3.111,3.0926,0.7214,0.0
DHARAN-002,2026-04-09 17:00:00+05:45,3.7823,3.779,0.9144,0.0
DHARAN-002,2026-04-09 18:00:00+05:45,6.6861,6.6792,1.5743,0.0
DHARAN-002,2026-04-09 19:00:00+05:45,6.4029,6.3936,1.5363,0.0
DHARAN-002,2026-04-09 20:00:00+05:45,6.4576,6.4531,1.5422,0.0
DHARAN-002,2026-04-09 21:00:00+05:45,5.6353,5.6165,1.3597,0.0
DHARAN-002,2026-04-09 22:00:00+05:45,6.7049,6.6972,1.5908,0.0
DHARAN-002,2026-04-09 23:00:00+05:45,3.8071,3.792,0.8997,0.0
DHARAN-002,2026-04-10 00:00:00+05:45,3.1668,3.1503,0.7602,0.0
DHARAN-002,2026-04-10 01:00:00+05:45,4.1324,4.1195,0.9731,0.0
DHARAN-002,2026-04-10 02:00:00+05:45,3.4992,3.4784,0.8436,0.0
DHARAN-002,2026-04-10 03:00:00+05:45,2.8807,2.8419,0.6793,0.0
DHARAN-002,2026-04-10 04:00:00+05:45,3.1014,3.0825,0.7106,0.0
DHARAN-002,2026-04-10 05:00:00+05:45,2.8622,2.8283,0.689,0.0
DHARAN-002,2026-04-10 06:00:00+05:45,5.7879,5.7745,1.3835,0.0
DHARAN-002,2026-04-10 07:00:00+05:45,5.7788,5.7611,1.376,0.0
DHARAN-002,2026-04-10 08:00:00+05:45,6.4108,6.3907,1.5371,0.0
DHARAN-002,2026-04-10 09:00:00+05:45,5.5054,5.4818,1.3156,0.0
DHARAN-002,2026-04-10 10:00:00+05:45,2.4406,2.4238,0.6036,0.0
DHARAN-002,2026-04-10 11:00:00+05:45,3.148,3.1467,0.7624,0.0
DHARAN-002,2026-04-10 12:00:00+05:45,4.2634,4.2482,1.0107,0.0
DHARAN-002,2026-04-10 13:00:00+05:45,4.4191,4.3899,1.0424,0.0
DHARAN-002,2026-04-10 14:00:00+05:45,2.6284,2.6085,0.6374,0.0
DHARAN-002,2026-04-10 15:00:00+05:45,3.5307,3.5287,0.8287,0.0
DHARAN-002,2026-04-10 16:00:00+05:45,3.666,3.6435,0.8634,0.0
DHARAN-002,2026-04-10 17:00:00+05:45,3.0876,3.0788,0.7302,0.0
DHARAN-002,2026-04-10 18:00:00+05:45,6.1906,6.1817,1.4839,0.0
DHARAN-002,2026-04-10 19:00:00+05:45,6.2389,6.23,1.4901,0.0
DHARAN-002,2026-04-10 20:00:00+05:45,5.8035,5.7925,1.3631,0.0
DHARAN-002,2026-04-10 21:00:00+05:45,6.476,6.4501,1.5586,0.0
DHARAN-002,2026-04-10 22:00:00+05:45,6.4465,6.435,1.5391,0.0
DHARAN-002,2026-04-10 23:00:00+05:45,3.5919,3.5835,0.8833,0.0
DHARAN-002,2026-04-11 00:00:00+05:45,3.2066,3.1715,0.7647,0.0
DHARAN-002,2026-04-11 01:00:00+05:45,3.1413,3.1118,0.7385,0.0
DHARAN-002,2026-04-11 02:00:00+05:45,3.5828,3.5781,0.8595,0.0
DHARAN-002,2026-04-11 03:00:00+05:45,3.7133,3.6939,0.8685,0.0
DHARAN-002,2026-04-11 04:00:00+05:45,3.9971,3.9754,0.927,0.0
DHARAN-002,2026-04-11 05:00:00+05:45,2.7191,2.6932,0.6469,0.0
DHARAN-002,2026-04-11 06:00:00+05:45,5.4969,5.4824,1.2944,0.0
DHARAN-002,2026-04-11 07:00:00+05:45,5.7165,5.7003,1.3644,0.0
DHARAN-002,2026-04-11 08:00:00+05:45,5.6048,5.5933,1.3498,0.0
DHARAN-002,2026-04-11 09:00:00+05:45,4.9242,4.9156,1.1763,0.0
DHARAN-002,2026-04-11 10:00:00+05:45,3.8227,3.8032,0.9004,0.0
DHARAN-002,2026-04-11 11:00:00+05:45,2.629,2.6248,0.6269,0.0
DHARAN-002,2026-04-11 12:00:00+05:45,3.2235,3.2005,0.7613,0.0
DHARAN-002,2026-04-11 13:00:00+05:45,3.5605,3.5434,0.8357,0.0
DHARAN-002,2026-04-11 14:00:00+05:45,3.189,3.1668,0.751,0.0
DHARAN-002,2026-04-11 15:00:00+05:45,3.0228,3.0101,0.7161,0.0
DHARAN-002,2026-04-11 16:00:00+05:45,2.2771,2.2724,0.538,0.0
DHARAN-002,2026-04-11 17:00:00+05:45,3.3758,3.3666,0.8184,0.0
DHARAN-002,2026-04-11 18:00:00+05:45,6.2095,6.1988,1.467,0.0
DHARAN-002,2026-04-11 19:00:00+05:45,5.8528,5.8395,1.3901,0.0
DHARAN-002,2026-04-11 20:00:00+05:45,6.738,6.7213,1.6139,0.0
DHARAN-002,2026-04-11 21:00:00+05:45,7.6151,7.5986,1.8154,0.0
DHARAN-002,2026-04-11 22:00:00+05:45,5.5087,5.49,1.3197,0.0
DHARAN-002,2026-04-11 23:00:00+05:45,3.1301,3.1117,0.7394,0.0
DHARAN-002,2026-04-12 00:00:00+05:45,2.6481,2.6431,0.6208,0.0
DHARAN-002,2026-04-12 01:00:00+05:45,2.8955,2.8679,0.6872,0.0
DHARAN-002,2026-04-12 02:00:00+05:45,2.7718,2.7555,0.6585,0.0
DHARAN-002,2026-04-12 03:00:00+05:45,3.6505,3.6387,0.8579,0.0
DHARAN-002,2026-04-12 04:00:00+05:45,3.835,3.8057,0.9004,0.0
DHARAN-002,2026-04-12 05:00:00+05:45,3.5311,3.5199,0.8392,0.0
DHARAN-002,2026-04-12 06:00:00+05:45,4.8156,4.7997,1.1492,0.0
DHARAN-002,2026-04-12 07:00:00+05:45,5.5308,5.5274,1.3112,0.0
DHARAN-002,2026-04-12 08:00:00+05:45,5.5501,5.5272,1.3025,0.0
DHARAN-002,2026-04-12 09:00:00+05:45,5.8882,5.8762,1.3982,0.0
DHARAN-002,2026-04-12 10:00:00+05:45,2.406,2.4014,0.5685,0.0
DHARAN-002,2026-04-12 11:00:00+05:45,3.1076,3.0962,0.7399,0.0
DHARAN-002,2026-04-12 12:00:00+05:45,4.4392,4.4159,1.0396,0.0
DHARAN-002,2026-04-12 13:00:00+05:45,2.8823,2.8623,0.668,0.0
DHARAN-002,2026-04-12 14:00:00+05:45,2.7984,2.7757,0.666,0.0
DHARAN-002,2026-04-12 15:00:00+05:45,2.9756,2.9581,0.7071,0.0
DHARAN-002,2026-04-12 16:00:00+05:45,2.7062,2.6994,0.6469,0.0
DHARAN-002,2026-04-12 17:00:00+05:45,3.6733,3.656,0.8832,0.0
DHARAN-002,2026-04-12 18:00:00+05:45,5.634,5.6285,1.3522,0.0
DHARAN-002,2026-04-12 19:00:00+05:45,6.2413,6.2234,1.4843,0.0
DHARAN-002,2026-04-12 20:00:00+05:45,5.4801,5.4711,1.3064,0.0
DHARAN-002,2026-04-12 21:00:00+05:45,6.6385,6.6242,1.5832,0.0
DHARAN-002,2026-04-12 22:00:00+05:45,6.0735,6.0688,1.4297,0.0
DHARAN-002,2026-04-12 23:00:00+05:45,3.0746,3.0616,0.731,0.0
DHARAN-002,2026-04-13 00:00:00+05:45,2.8143,2.8048,0.6873,0.0
DHARAN-002,2026-04-13 01:00:00+05:45,2.8554,2.8223,0.6639,0.0
DHARAN-002,2026-04-13 02:00:00+05:45,3.19,3.1691,0.7729,0.0
DHARAN-002,2026-04-13 03:00:00+05:45,2.7554,2.7454,0.6613,0.0
DHARAN-002,2026-04-13 04:00:00+05:45,3.0054,3.0009,0.7189,0.0
DHARAN-002,2026-04-13 05:00:00+05:45,2.9588,2.9441,0.6948,0.0
DHARAN-002,2026-04-13 06:00:00+05:45,5.5359,5.5133,1.3393,0.0
DHARAN-002,2026-04-13 07:00:00+05:45,5.2615,5.2453,1.242,0.0
DHARAN-002,2026-04-13 08:00:00+05:45,5.2117,5.1793,1.2569,0.0
DHARAN-002,2026-04-13 09:00:00+05:45,6.0014,5.9719,1.4207,0.0
DHARAN-002,2026-04-13 10:00:00+05:45,3.4388,3.4277,0.8059,0.0
DHARAN-002,2026-04-13 11:00:00+05:45,3.6183,3.6074,0.8675,0.0
DHARAN-002,2026-04-13 12:00:00+05:45,3.27,3.2524,0.7906,0.0
DHARAN-002,2026-04-13 13:00:00+05:45,3.0351,3.0237,0.7416,0.0
DHARAN-002,2026-04-13 14:00:00+05:45,3.132,3.1147,0.7376,0.0
DHARAN-002,2026-04-13 15:00:00+05:45,4.0221,4.0116,0.9527,0.0
DHARAN-002,2026-04-13 16:00:00+05:45,3.2285,3.2096,0.772,0.0
DHARAN-002,2026-04-13 17:00:00+05:45,3.2768,3.2617,0.7862,0.0
DHARAN-002,2026-04-13 18:00:00+05:45,6.5722,6.5547,1.5744,0.0
DHARAN-002,2026-04-13 19:00:00+05:45,5.6286,5.6094,1.3296,0.0
DHARAN-002,2026-04-13 20:00:00+05:45,7.1565,7.1324,1.7146,0.0
DHARAN-002,2026-04-13 21:00:00+05:45,6.8444,6.8324,1.6313,0.0
DHARAN-002,2026-04-13 22:00:00+05:45,5.7793,5.7703,1.3888,0.0
DHARAN-002,2026-04-13 23:00:00+05:45,2.7027,2.6997,0.6283,0.0
DHARAN-002,2026-04-14 00:00:00+05:45,3.3643,3.3464,0.7969,0.0
DHARAN-002,2026-04-14 01:00:00+05:45,3.5341,3.5226,0.8324,0.0
DHARAN-002,2026-04-14 02:00:00+05:45,3.3042,3.2788,0.7895,0.0
DHARAN-002,2026-04-14 03:00:00+05:45,4.2824,4.2811,1.031,0.0
DHARAN-002,2026-04-14 04:00:00+05:45,3.6015,3.5708,0.8473,0.0
DHARAN-002,2026-04-14 05:00:00+05:45,3.6995,3.6712,0.8675,0.0
DHARAN-002,2026-04-14 06:00:00+05:45,6.3356,6.3308,1.5001,0.0
DHARAN-002,2026-04-14 07:00:00+05:45,5.5698,5.5556,1.3233,0.0
DHARAN-002,2026-04-14 08:00:00+05:45,5.6055,5.5966,1.3197,0.0
DHARAN-002,2026-04-14 09:00:00+05:45,5.9774,5.9693,1.4202,0.0
DHARAN-002,2026-04-14 10:00:00+05:45,2.6611,2.6423,0.6498,0.0
DHARAN-002,2026-04-14 11:00:00+05:45,3.2069,3.2069,0.7714,0.0
DHARAN-002,2026-04-14 12:00:00+05:45,3.4829,3.4736,0.8309,0.0
DHARAN-002,2026-04-14 13:00:00+05:45,2.7764,2.7576,0.6633,0.0
DHARAN-002,2026-04-14 14:00:00+05:45,3.0579,3.0434,0.7394,0.0
DHARAN-002,2026-04-14 15:00:00+05:45,3.8004,3.7848,0.9045,0.0
DHARAN-002,2026-04-14 16:00:00+05:45,3.0721,3.0645,0.7399,0.0
DHARAN-002,2026-04-14 17:00:00+05:45,2.4815,2.4628,0.5796,0.0
DHARAN-002,2026-04-14 18:00:00+05:45,6.4334,6.4157,1.5289,0.0
DHARAN-002,2026-04-14 19:00:00+05:45,5.9968,5.9856,1.4309,0.0
DHARAN-002,2026-04-14 20:00:00+05:45,7.6866,7.6702,1.8204,0.0
DHARAN-002,2026-04-14 21:00:00+05:45,7.1181,7.1141,1.683,0.0
DHARAN-002,2026-04-14 22:00:00+05:45,6.267,6.2471,1.4923,0.0
DHARAN-002,2026-04-14 23:00:00+05:45,3.155,3.1437,0.7521,0.0
DHARAN-002,2026-04-15 00:00:00+05:45,3.7427,3.7311,0.9049,0.0
DHARAN-002,2026-04-15 01:00:00+05:45,2.3014,2.2839,0.5578,0.0
DHARAN-002,2026-04-15 02:00:00+05:45,3.4287,3.4047,0.8193,0.0
DHARAN-002,2026-04-15 03:00:00+05:45,3.9515,3.9345,0.9415,0.0
DHARAN-002,2026-04-15 04:00:00+05:45,3.0688,3.0633,0.7247,0.0
DHARAN-002,2026-04-15 05:00:00+05:45,4.2225,4.2171,0.9945,0.0
DHARAN-002,2026-04-15 06:00:00+05:45,5.1812,5.169,1.2296,0.0
DHARAN-002,2026-04-15 07:00:00+05:45,5.8222,5.795,1.3897,0.0
DHARAN-002,2026-04-15 08:00:00+05:45,5.6631,5.6432,1.3253,0.0
DHARAN-002,2026-04-15 09:00:00+05:45,4.9654,4.9416,1.1624,0.0
DHARAN-002,2026-04-15 10:00:00+05:45,3.4893,3.4838,0.8246,0.0
DHARAN-002,2026-04-15 11:00:00+05:45,2.3607,2.3347,0.5625,0.0
DHARAN-002,2026-04-15 12:00:00+05:45,3.5396,3.514,0.8265,0.0
DHARAN-002,2026-04-15 13:00:00+05:45,3.3295,3.3024,0.7815,0.0
DHARAN-002,2026-04-15 14:00:00+05:45,3.2228,3.2067,0.7694,0.0
DHARAN-002,2026-04-15 15:00:00+05:45,2.0674,2.0467,0.4896,0.0
DHARAN-002,2026-04-15 16:00:00+05:45,3.3584,3.3438,0.7963,0.0
DHARAN-002,2026-04-15 17:00:00+05:45,2.3318,2.3197,0.5394,0.0
DHARAN-002,2026-04-15 18:00:00+05:45,6.123,6.1001,1.4449,0.0
DHARAN-002,2026-04-15 19:00:00+05:45,6.5484,6.5426,1.5518,0.0
DHARAN-002,2026-04-15 20:00:00+05:45,6.391,6.3814,1.5093,0.0
DHARAN-002,2026-04-15 21:00:00+05:45,5.88,5.8642,1.3993,0.0
DHARAN-002,2026-04-15 22:00:00+05:45,6.6513,6.6459,1.5968,0.0
DHARAN-002,2026-04-15 23:00:00+05:45,3.6928,3.6827,0.8895,0.0
DHARAN-002,2026-04-16 00:00:00+05:45,2.2124,2.1946,0.517,0.0
DHARAN-002,2026-04-16 01:00:00+05:45,3.4403,3.4388,0.8162,0.0
DHARAN-002,2026-04-16 02:00:00+05:45,2.7572,2.7482,0.6608,0.0
DHARAN-002,2026-04-16 03:00:00+05:45,3.1448,3.1218,0.7464,0.0
DHARAN-002,2026-04-16 04:00:00+05:45,2.5254,2.5047,0.6014,0.0
DHARAN-002,2026-04-16 05:00:00+05:45,2.7983,2.7796,0.6681,0.0
DHARAN-002,2026-04-16 06:00:00+05:45,5.5947,5.5789,1.3256,0.0
DHARAN-002,2026-04-16 07:00:00+05:45,5.358,5.341,1.2869,0.0
DHARAN-002,2026-04-16 08:00:00+05:45,5.5727,5.5531,1.3363,0.0
DHARAN-002,2026-04-16 09:00:00+05:45,6.1747,6.1655,1.4765,0.0
DHARAN-002,2026-04-16 10:00:00+05:45,2.8195,2.7885,0.6873,0.0
DHARAN-002,2026-04-16 11:00:00+05:45,3.0112,3.0052,0.7251,0.0
DHARAN-002,2026-04-16 12:00:00+05:45,3.0485,3.022,0.7324,0.0
DHARAN-002,2026-04-16 13:00:00+05:45,2.5809,2.5615,0.6292,0.0
DHARAN-002,2026-04-16 14:00:00+05:45,3.2089,3.1894,0.7661,0.0
DHARAN-002,2026-04-16 15:00:00+05:45,3.3388,3.3351,0.7954,0.0
DHARAN-002,2026-04-16 16:00:00+05:45,2.4031,2.3967,0.5788,0.0
DHARAN-002,2026-04-16 17:00:00+05:45,3.3355,3.3241,0.8113,0.0
DHARAN-002,2026-04-16 18:00:00+05:45,6.2912,6.273,1.4983,0.0
DHARAN-002,2026-04-16 19:00:00+05:45,6.1887,6.1638,1.4799,0.0
DHARAN-002,2026-04-16 20:00:00+05:45,6.2755,6.2631,1.4806,0.0
DHARAN-002,2026-04-16 21:00:00+05:45,6.3663,6.3494,1.5171,0.0
DHARAN-002,2026-04-16 22:00:00+05:45,6.1723,6.145,1.4687,0.0
DHARAN-002,2026-04-16 23:00:00+05:45,3.8427,3.8384,0.9049,0.0
DHARAN-002,2026-04-17 00:00:00+05:45,2.6857,2.6646,0.6374,0.0
DHARAN-002,2026-04-17 01:00:00+05:45,2.9823,2.9561,0.7167,0.0
DHARAN-002,2026-04-17 02:00:00+05:45,3.6598,3.6483,0.8613,0.0
DHARAN-002,2026-04-17 03:00:00+05:45,3.0477,3.0348,0.7166,0.0
DHARAN-002,2026-04-17 04:00:00+05:45,2.9274,2.9165,0.7057,0.0
DHARAN-002,2026-04-17 05:00:00+05:45,3.6525,3.6324,0.884,0.0
DHARAN-002,2026-04-17 06:00:00+05:45,5.1967,5.1829,1.2393,0.0
DHARAN-002,2026-04-17 07:00:00+05:45,5.4393,5.4279,1.2978,0.0
DHARAN-002,2026-04-17 08:00:00+05:45,5.3269,5.3117,1.2557,0.0
DHARAN-002,2026-04-17 09:00:00+05:45,5.4728,5.4611,1.3092,0.0
DHARAN-002,2026-04-17 10:00:00+05:45,2.9793,2.9703,0.7021,0.0
DHARAN-002,2026-04-17 11:00:00+05:45,2.142,2.1293,0.5095,0.0
DHARAN-002,2026-04-17 12:00:00+05:45,3.013,3.0062,0.7087,0.0
DHARAN-002,2026-04-17 13:00:00+05:45,4.1084,4.0984,0.9681,0.0
DHARAN-002,2026-04-17 14:00:00+05:45,3.0648,3.0455,0.7249,0.0
DHARAN-002,2026-04-17 15:00:00+05:45,2.8877,2.8557,0.7029,0.0
DHARAN-002,2026-04-17 16:00:00+05:45,3.76,3.7436,0.8937,0.0
DHARAN-002,2026-04-17 17:00:00+05:45,3.6146,3.6129,0.8536,0.0
DHARAN-002,2026-04-17 18:00:00+05:45,6.185,6.1713,1.4769,0.0
DHARAN-002,2026-04-17 19:00:00+05:45,6.6969,6.6927,1.6115,0.0
DHARAN-002,2026-04-17 20:00:00+05:45,6.0426,6.0209,1.4372,0.0
DHARAN-002,2026-04-17 21:00:00+05:45,7.1907,7.1691,1.7148,0.0
DHARAN-002,2026-04-17 22:00:00+05:45,6.7596,6.7448,1.6043,0.0
DHARAN-002,2026-04-17 23:00:00+05:45,3.0278,3.0219,0.7311,0.0
DHARAN-002,2026-04-18 00:00:00+05:45,3.4446,3.4329,0.8206,0.0
DHARAN-002,2026-04-18 01:00:00+05:45,3.5988,3.5911,0.8588,0.0
DHARAN-002,2026-04-18 02:00:00+05:45,3.1703,3.1635,0.747,0.0
DHARAN-002,2026-04-18 03:00:00+05:45,3.3751,3.3661,0.8041,0.0
DHARAN-002,2026-04-18 04:00:00+05:45,3.0611,3.0452,0.7438,0.0
DHARAN-002,2026-04-18 05:00:00+05:45,2.6269,2.6126,0.6152,0.0
DHARAN-002,2026-04-18 06:00:00+05:45,5.3203,5.3135,1.2557,0.0
DHARAN-002,2026-04-18 07:00:00+05:45,5.1121,5.0866,1.2346,0.0
DHARAN-002,2026-04-18 08:00:00+05:45,6.439,6.4306,1.549,0.0
DHARAN-002,2026-04-18 09:00:00+05:45,5.5766,5.5619,1.3327,0.0
DHARAN-002,2026-04-18 10:00:00+05:45,3.2288,3.2215,0.7649,0.0
DHARAN-002,2026-04-18 11:00:00+05:45,3.3243,3.3126,0.8021,0.0
DHARAN-002,2026-04-18 12:00:00+05:45,2.3803,2.3699,0.5706,0.0
DHARAN-002,2026-04-18 13:00:00+05:45,3.745,3.729,0.8922,0.0
DHARAN-002,2026-04-18 14:00:00+05:45,3.1753,3.1743,0.7763,0.0
DHARAN-002,2026-04-18 15:00:00+05:45,3.1223,3.1092,0.7408,0.0
DHARAN-002,2026-04-18 16:00:00+05:45,2.8267,2.8143,0.6753,0.0
DHARAN-002,2026-04-18 17:00:00+05:45,3.6933,3.6828,0.8725,0.0
DHARAN-002,2026-04-18 18:00:00+05:45,6.3659,6.3475,1.5131,0.0
DHARAN-002,2026-04-18 19:00:00+05:45,7.2118,7.1874,1.7174,0.0
DHARAN-002,2026-04-18 20:00:00+05:45,5.7698,5.7677,1.3798,0.0
DHARAN-002,2026-04-18 21:00:00+05:45,6.4822,6.4767,1.5372,0.0
DHARAN-002,2026-04-18 22:00:00+05:45,6.4991,6.4797,1.5416,0.0
DHARAN-002,2026-04-18 23:00:00+05:45,2.7,2.6849,0.6355,0.0
DHARAN-002,2026-04-19 00:00:00+05:45,3.5646,3.5466,0.8499,0.0
DHARAN-002,2026-04-19 01:00:00+05:45,3.8227,3.8054,0.9121,0.0
DHARAN-002,2026-04-19 02:00:00+05:45,3.8964,3.8904,0.929,0.0
DHARAN-002,2026-04-19 03:00:00+05:45,3.6699,3.6446,0.8601,0.0
DHARAN-002,2026-04-19 04:00:00+05:45,3.5384,3.5285,0.8648,0.0
DHARAN-002,2026-04-19 05:00:00+05:45,2.979,2.9504,0.7088,0.0
DHARAN-002,2026-04-19 06:00:00+05:45,5.1072,5.0952,1.1946,0.0
DHARAN-002,2026-04-19 07:00:00+05:45,5.2093,5.187,1.2323,0.0
DHARAN-002,2026-04-19 08:00:00+05:45,5.8589,5.8398,1.4023,0.0
DHARAN-002,2026-04-19 09:00:00+05:45,5.0093,4.995,1.2003,0.0
DHARAN-002,2026-04-19 10:00:00+05:45,2.9006,2.8903,0.6806,0.0
DHARAN-002,2026-04-19 11:00:00+05:45,3.1255,3.1022,0.7525,0.0
DHARAN-002,2026-04-19 12:00:00+05:45,2.9818,2.9582,0.6991,0.0
DHARAN-002,2026-04-19 13:00:00+05:45,3.0482,3.037,0.7255,0.0
DHARAN-002,2026-04-19 14:00:00+05:45,3.5391,3.5274,0.8445,0.0
DHARAN-002,2026-04-19 15:00:00+05:45,3.2318,3.2174,0.7845,0.0
DHARAN-002,2026-04-19 16:00:00+05:45,3.6047,3.5821,0.857,0.0
DHARAN-002,2026-04-19 17:00:00+05:45,3.0633,3.0572,0.7337,0.0
DHARAN-002,2026-04-19 18:00:00+05:45,6.2542,6.2369,1.4704,0.0
DHARAN-002,2026-04-19 19:00:00+05:45,6.0447,6.0424,1.4488,0.0
DHARAN-002,2026-04-19 20:00:00+05:45,5.9919,5.9803,1.4194,0.0
DHARAN-002,2026-04-19 21:00:00+05:45,5.8632,5.843,1.4041,0.0
DHARAN-002,2026-04-19 22:00:00+05:45,6.314,6.3014,1.5093,0.0
DHARAN-002,2026-04-19 23:00:00+05:45,4.4324,4.4056,1.0437,0.0
DHARAN-002,2026-04-20 00:00:00+05:45,2.3827,2.3729,0.5687,0.0
DHARAN-002,2026-04-20 01:00:00+05:45,3.5883,3.5707,0.8443,0.0
DHARAN-002,2026-04-20 02:00:00+05:45,2.8056,2.7857,0.6743,0.0
DHARAN-002,2026-04-20 03:00:00+05:45,3.6404,3.6243,0.8654,0.0
DHARAN-002,2026-04-20 04:00:00+05:45,3.3078,3.2871,0.785,0.0
DHARAN-002,2026-04-20 05:00:00+05:45,3.5903,3.5757,0.8546,0.0
DHARAN-002,2026-04-20 06:00:00+05:45,5.4868,5.4782,1.3138,0.0
DHARAN-002,2026-04-20 07:00:00+05:45,5.8077,5.7862,1.3896,0.0
DHARAN-002,2026-04-20 08:00:00+05:45,5.569,5.5489,1.3181,0.0
DHARAN-002,2026-04-20 09:00:00+05:45,5.9678,5.9496,1.4255,0.0
DHARAN-002,2026-04-20 10:00:00+05:45,3.5816,3.553,0.8675,0.0
DHARAN-002,2026-04-20 11:00:00+05:45,4.4517,4.4303,1.0509,0.0
DHARAN-002,2026-04-20 12:00:00+05:45,3.5556,3.5415,0.8497,0.0
DHARAN-002,2026-04-20 13:00:00+05:45,3.7189,3.7124,0.8947,0.0
DHARAN-002,2026-04-20 14:00:00+05:45,3.0978,3.0897,0.7313,0.0
DHARAN-002,2026-04-20 15:00:00+05:45,3.1539,3.147,0.752,0.0
DHARAN-002,2026-04-20 16:00:00+05:45,2.0011,1.984,0.4862,0.0
DHARAN-002,2026-04-20 17:00:00+05:45,3.5366,3.5167,0.8373,0.0
DHARAN-002,2026-04-20 18:00:00+05:45,6.0307,6.0127,1.4439,0.0
DHARAN-002,2026-04-20 19:00:00+05:45,6.3096,6.2915,1.4936,0.0
DHARAN-002,2026-04-20 20:00:00+05:45,7.0084,6.9849,1.6731,0.0
DHARAN-002,2026-04-20 21:00:00+05:45,7.4076,7.3886,1.7632,0.0
DHARAN-002,2026-04-20 22:00:00+05:45,5.9468,5.9228,1.4074,0.0
DHARAN-002,2026-04-20 23:00:00+05:45,3.046,3.0288,0.7197,0.0
DHARAN-002,2026-04-21 00:00:00+05:45,3.5012,3.4821,0.8259,0.0
DHARAN-002,2026-04-21 01:00:00+05:45,3.2351,3.2112,0.7623,0.0
DHARAN-002,2026-04-21 02:00:00+05:45,2.9924,2.9916,0.7125,0.0
DHARAN-002,2026-04-21 03:00:00+05:45,3.6149,3.6019,0.849,0.0
DHARAN-002,2026-04-21 04:00:00+05:45,3.3302,3.3183,0.795,0.0
DHARAN-002,2026-04-21 05:00:00+05:45,3.3574,3.3443,0.8069,0.0
DHARAN-002,2026-04-21 06:00:00+05:45,5.1297,5.1128,1.2158,0.0
DHARAN-002,2026-04-21 07:00:00+05:45,5.3462,5.333,1.2726,0.0
DHARAN-002,2026-04-21 08:00:00+05:45,6.1209,6.1009,1.4616,0.0
DHARAN-002,2026-04-21 09:00:00+05:45,5.2392,5.2159,1.2397,0.0
DHARAN-002,2026-04-21 10:00:00+05:45,3.8772,3.8599,0.9091,0.0
DHARAN-002,2026-04-21 11:00:00+05:45,3.9607,3.9547,0.9276,0.0
DHARAN-002,2026-04-21 12:00:00+05:45,2.9079,2.8845,0.7066,0.0
DHARAN-002,2026-04-21 13:00:00+05:45,2.4403,2.4341,0.598,0.0
DHARAN-002,2026-04-21 14:00:00+05:45,2.4066,2.4003,0.5704,0.0
DHARAN-002,2026-04-21 15:00:00+05:45,2.4182,2.4031,0.5762,0.0
DHARAN-002,2026-04-21 16:00:00+05:45,2.3009,2.2865,0.5546,0.0
DHARAN-002,2026-04-21 17:00:00+05:45,3.0788,3.0543,0.7362,0.0
DHARAN-002,2026-04-21 18:00:00+05:45,7.4493,7.4449,1.7766,0.0
DHARAN-002,2026-04-21 19:00:00+05:45,6.2696,6.255,1.4909,0.0
DHARAN-002,2026-04-21 20:00:00+05:45,6.7763,6.775,1.5923,0.0
DHARAN-002,2026-04-21 21:00:00+05:45,6.1861,6.1753,1.4582,0.0
DHARAN-002,2026-04-21 22:00:00+05:45,6.8032,6.7783,1.6138,0.0
DHARAN-002,2026-04-21 23:00:00+05:45,4.2494,4.2484,1.0086,0.0
DHARAN-002,2026-04-22 00:00:00+05:45,3.0062,3.0026,0.695,0.0
DHARAN-002,2026-04-22 01:00:00+05:45,3.4216,3.4174,0.8386,0.0
DHARAN-002,2026-04-22 02:00:00+05:45,3.7203,3.7083,0.8854,0.0
DHARAN-002,2026-04-22 03:00:00+05:45,2.7815,2.761,0.6813,0.0
DHARAN-002,2026-04-22 04:00:00+05:45,3.0682,3.053,0.745,0.0
DHARAN-002,2026-04-22 05:00:00+05:45,3.5567,3.5408,0.8487,0.0
DHARAN-002,2026-04-22 06:00:00+05:45,5.553,5.5376,1.3289,0.0
DHARAN-002,2026-04-22 07:00:00+05:45,5.974,5.9527,1.4125,0.0
DHARAN-002,2026-04-22 08:00:00+05:45,5.2473,5.2285,1.2433,0.0
DHARAN-002,2026-04-22 09:00:00+05:45,5.1858,5.1654,1.2391,0.0
DHARAN-002,2026-04-22 10:00:00+05:45,3.8933,3.8652,0.9442,0.0
DHARAN-002,2026-04-22 11:00:00+05:45,3.8665,3.8534,0.9187,0.0
DHARAN-002,2026-04-22 12:00:00+05:45,3.443,3.4294,0.8259,0.0
DHARAN-002,2026-04-22 13:00:00+05:45,2.4587,2.4251,0.602,0.0
DHARAN-002,2026-04-22 14:00:00+05:45,3.3117,3.297,0.7866,0.0
DHARAN-002,2026-04-22 15:00:00+05:45,2.8423,2.8266,0.6797,0.0
DHARAN-002,2026-04-22 16:00:00+05:45,3.1426,3.1238,0.7554,0.0
DHARAN-002,2026-04-22 17:00:00+05:45,3.3825,3.3618,0.8016,0.0
DHARAN-002,2026-04-22 18:00:00+05:45,6.2873,6.2605,1.4986,0.0
DHARAN-002,2026-04-22 19:00:00+05:45,5.8293,5.8098,1.4058,0.0
DHARAN-002,2026-04-22 20:00:00+05:45,6.0197,5.9976,1.4435,0.0
DHARAN-002,2026-04-22 21:00:00+05:45,6.2565,6.226,1.5017,0.0
DHARAN-002,2026-04-22 22:00:00+05:45,5.5648,5.5646,1.3258,0.0
DHARAN-002,2026-04-22 23:00:00+05:45,3.3826,3.361,0.8115,0.0
DHARAN-002,2026-04-23 00:00:00+05:45,3.3171,3.3055,0.7769,0.0
DHARAN-002,2026-04-23 01:00:00+05:45,2.4726,2.4596,0.5865,0.0
DHARAN-002,2026-04-23 02:00:00+05:45,2.3127,2.3036,0.5607,0.0
DHARAN-002,2026-04-23 03:00:00+05:45,4.084,4.0718,0.9656,0.0
DHARAN-002,2026-04-23 04:00:00+05:45,3.4275,3.4171,0.8355,0.0
DHARAN-002,2026-04-23 05:00:00+05:45,3.4805,3.4698,0.8271,0.0
DHARAN-002,2026-04-23 06:00:00+05:45,5.5563,5.5414,1.3197,0.0
DHARAN-002,2026-04-23 07:00:00+05:45,6.0088,5.9897,1.4276,0.0
DHARAN-002,2026-04-23 08:00:00+05:45,6.4588,6.4299,1.5299,0.0
DHARAN-002,2026-04-23 09:00:00+05:45,5.1597,5.1458,1.2437,0.0
DHARAN-002,2026-04-23 10:00:00+05:45,3.2165,3.2105,0.7519,0.0
DHARAN-002,2026-04-23 11:00:00+05:45,3.2483,3.2325,0.7695,0.0
DHARAN-002,2026-04-23 12:00:00+05:45,3.1997,3.1761,0.7584,0.0
DHARAN-002,2026-04-23 13:00:00+05:45,4.0471,4.0387,0.9633,0.0
DHARAN-002,2026-04-23 14:00:00+05:45,4.0021,3.9728,0.9631,0.0
DHARAN-002,2026-04-23 15:00:00+05:45,4.0088,3.9883,0.9403,0.0
DHARAN-002,2026-04-23 16:00:00+05:45,2.1655,2.1481,0.5255,0.0
DHARAN-002,2026-04-23 17:00:00+05:45,2.9187,2.8988,0.6979,0.0
DHARAN-002,2026-04-23 18:00:00+05:45,6.2456,6.2235,1.4987,0.0
DHARAN-002,2026-04-23 19:00:00+05:45,6.6296,6.6089,1.5808,0.0
DHARAN-002,2026-04-23 20:00:00+05:45,6.4812,6.465,1.5305,0.0
DHARAN-002,2026-04-23 21:00:00+05:45,6.9723,6.9536,1.6779,0.0
DHARAN-002,2026-04-23 22:00:00+05:45,6.1451,6.1209,1.4713,0.0
DHARAN-002,2026-04-23 23:00:00+05:45,3.6396,3.6189,0.8857,0.0
DHARAN-002,2026-04-24 00:00:00+05:45,3.5423,3.534,0.8503,0.0
DHARAN-002,2026-04-24 01:00:00+05:45,2.4566,2.4431,0.5881,0.0
DHARAN-002,2026-04-24 02:00:00+05:45,3.6843,3.6777,0.8746,0.0
DHARAN-002,2026-04-24 03:00:00+05:45,3.382,3.3745,0.8077,0.0
DHARAN-002,2026-04-24 04:00:00+05:45,2.4957,2.4771,0.5883,0.0
DHARAN-002,2026-04-24 05:00:00+05:45,3.5233,3.5069,0.8458,0.0
DHARAN-002,2026-04-24 06:00:00+05:45,4.8294,4.8141,1.1593,0.0
DHARAN-002,2026-04-24 07:00:00+05:45,5.6291,5.6226,1.3558,0.0
DHARAN-002,2026-04-24 08:00:00+05:45,5.4162,5.4077,1.2805,0.0
DHARAN-002,2026-04-24 09:00:00+05:45,5.6427,5.6297,1.3412,0.0
DHARAN-002,2026-04-24 10:00:00+05:45,3.3531,3.3433,0.8112,0.0
DHARAN-002,2026-04-24 11:00:00+05:45,4.0549,4.0332,0.9511,0.0
DHARAN-002,2026-04-24 12:00:00+05:45,3.7534,3.746,0.911,0.0
DHARAN-002,2026-04-24 13:00:00+05:45,3.2116,3.1991,0.7417,0.0
DHARAN-002,2026-04-24 14:00:00+05:45,3.6624,3.6445,0.8684,0.0
DHARAN-002,2026-04-24 15:00:00+05:45,3.2119,3.2053,0.7762,0.0
DHARAN-002,2026-04-24 16:00:00+05:45,3.8932,3.8931,0.9328,0.0
DHARAN-002,2026-04-24 17:00:00+05:45,3.5093,3.4881,0.8316,0.0
DHARAN-002,2026-04-24 18:00:00+05:45,6.9056,6.8976,1.6529,0.0
DHARAN-002,2026-04-24 19:00:00+05:45,6.2522,6.2504,1.4808,0.0
DHARAN-002,2026-04-24 20:00:00+05:45,6.4819,6.4598,1.5344,0.0
DHARAN-002,2026-04-24 21:00:00+05:45,6.7796,6.7727,1.6041,0.0
DHARAN-002,2026-04-24 22:00:00+05:45,7.2064,7.1807,1.7127,0.0
DHARAN-002,2026-04-24 23:00:00+05:45,2.6096,2.5803,0.638,0.0
DHARAN-002,2026-04-25 00:00:00+05:45,2.7924,2.7732,0.6678,0.0
DHARAN-002,2026-04-25 01:00:00+05:45,3.7045,3.6877,0.8717,0.0
DHARAN-002,2026-04-25 02:00:00+05:45,2.7687,2.7479,0.6525,0.0
DHARAN-002,2026-04-25 03:00:00+05:45,2.4138,2.4089,0.5612,0.0
DHARAN-002,2026-04-25 04:00:00+05:45,3.7678,3.7471,0.9031,0.0
DHARAN-002,2026-04-25 05:00:00+05:45,3.5275,3.5088,0.8402,0.0
DHARAN-002,2026-04-25 06:00:00+05:45,5.547,5.5146,1.3139,0.0
DHARAN-002,2026-04-25 07:00:00+05:45,4.7585,4.7469,1.1634,0.0
DHARAN-002,2026-04-25 08:00:00+05:45,5.303,5.2954,1.2662,0.0
DHARAN-002,2026-04-25 09:00:00+05:45,5.9465,5.9279,1.429,0.0
DHARAN-002,2026-04-25 10:00:00+05:45,3.6062,3.5873,0.8556,0.0
DHARAN-002,2026-04-25 11:00:00+05:45,3.7524,3.7401,0.8929,0.0
DHARAN-002,2026-04-25 12:00:00+05:45,3.5409,3.5188,0.8374,0.0
DHARAN-002,2026-04-25 13:00:00+05:45,2.4014,2.3949,0.5735,0.0
DHARAN-002,2026-04-25 14:00:00+05:45,3.5836,3.5708,0.8463,0.0
DHARAN-002,2026-04-25 15:00:00+05:45,2.9281,2.9142,0.6915,0.0
DHARAN-002,2026-04-25 16:00:00+05:45,4.0617,4.0387,0.9502,0.0
DHARAN-002,2026-04-25 17:00:00+05:45,3.4621,3.4452,0.8069,0.0
DHARAN-002,2026-04-25 18:00:00+05:45,6.1115,6.1021,1.4615,0.0
DHARAN-002,2026-04-25 19:00:00+05:45,6.3953,6.3916,1.5183,0.0
DHARAN-002,2026-04-25 20:00:00+05:45,6.1623,6.1421,1.4652,0.0
DHARAN-002,2026-04-25 21:00:00+05:45,6.3767,6.3716,1.5159,0.0
DHARAN-002,2026-04-25 22:00:00+05:45,5.918,5.899,1.4096,0.0
DHARAN-002,2026-04-25 23:00:00+05:45,3.3544,3.3413,0.8068,0.0
DHARAN-002,2026-04-26 00:00:00+05:45,4.0555,4.0418,0.9604,0.0
DHARAN-002,2026-04-26 01:00:00+05:45,2.7262,2.7112,0.6559,0.0
DHARAN-002,2026-04-26 02:00:00+05:45,3.4335,3.4154,0.8121,0.0
DHARAN-002,2026-04-26 03:00:00+05:45,3.0648,3.0334,0.7346,0.0
DHARAN-002,2026-04-26 04:00:00+05:45,2.9397,2.9378,0.7122,0.0
DHARAN-002,2026-04-26 05:00:00+05:45,3.1314,3.121,0.7366,0.0
DHARAN-002,2026-04-26 06:00:00+05:45,6.3064,6.2826,1.5016,0.0
DHARAN-002,2026-04-26 07:00:00+05:45,5.1505,5.1348,1.2334,0.0
DHARAN-002,2026-04-26 08:00:00+05:45,5.7981,5.7808,1.3822,0.0
DHARAN-002,2026-04-26 09:00:00+05:45,5.8018,5.7896,1.3949,0.0
DHARAN-002,2026-04-26 10:00:00+05:45,2.9916,2.9733,0.7168,0.0
DHARAN-002,2026-04-26 11:00:00+05:45,2.9372,2.9241,0.7184,0.0
DHARAN-002,2026-04-26 12:00:00+05:45,2.7552,2.7337,0.6513,0.0
DHARAN-002,2026-04-26 13:00:00+05:45,2.1447,2.1269,0.518,0.0
DHARAN-002,2026-04-26 14:00:00+05:45,2.593,2.5696,0.6099,0.0
DHARAN-002,2026-04-26 15:00:00+05:45,3.1592,3.1557,0.7596,0.0
DHARAN-002,2026-04-26 16:00:00+05:45,3.7622,3.7328,0.8767,0.0
DHARAN-002,2026-04-26 17:00:00+05:45,3.1298,3.1081,0.7556,0.0
DHARAN-002,2026-04-26 18:00:00+05:45,6.3352,6.3178,1.5038,0.0
DHARAN-002,2026-04-26 19:00:00+05:45,6.468,6.4445,1.5302,0.0
DHARAN-002,2026-04-26 20:00:00+05:45,6.0797,6.0747,1.4563,0.0
DHARAN-002,2026-04-26 21:00:00+05:45,6.1618,6.1435,1.4775,0.0
DHARAN-002,2026-04-26 22:00:00+05:45,6.2016,6.1801,1.4787,0.0
DHARAN-002,2026-04-26 23:00:00+05:45,3.4673,3.4389,0.8267,0.0
DHARAN-002,2026-04-27 00:00:00+05:45,3.6272,3.6152,0.8676,0.0
DHARAN-002,2026-04-27 01:00:00+05:45,3.6773,3.6712,0.8736,0.0
DHARAN-002,2026-04-27 02:00:00+05:45,3.773,3.7486,0.8864,0.0
DHARAN-002,2026-04-27 03:00:00+05:45,4.1321,4.1033,0.9641,0.0
DHARAN-002,2026-04-27 04:00:00+05:45,3.4352,3.4348,0.8199,0.0
DHARAN-002,2026-04-27 05:00:00+05:45,3.298,3.2827,0.7803,0.0
DHARAN-002,2026-04-27 06:00:00+05:45,4.5989,4.5788,1.0977,0.0
DHARAN-002,2026-04-27 07:00:00+05:45,5.0516,5.0332,1.2012,0.0
DHARAN-002,2026-04-27 08:00:00+05:45,6.194,6.182,1.4585,0.0
DHARAN-002,2026-04-27 09:00:00+05:45,5.6633,5.6431,1.3464,0.0
DHARAN-002,2026-04-27 10:00:00+05:45,3.5997,3.596,0.8435,0.0
DHARAN-002,2026-04-27 11:00:00+05:45,3.502,3.4889,0.8292,0.0
DHARAN-002,2026-04-27 12:00:00+05:45,2.1283,2.119,0.5073,0.0
DHARAN-002,2026-04-27 13:00:00+05:45,4.1325,4.1239,0.9804,0.0
DHARAN-002,2026-04-27 14:00:00+05:45,2.2609,2.2403,0.5327,0.0
DHARAN-002,2026-04-27 15:00:00+05:45,3.1872,3.175,0.7531,0.0
DHARAN-002,2026-04-27 16:00:00+05:45,3.8494,3.8475,0.9071,0.0
DHARAN-002,2026-04-27 17:00:00+05:45,2.6499,2.6274,0.6116,0.0
DHARAN-002,2026-04-27 18:00:00+05:45,5.681,5.6643,1.3676,0.0
DHARAN-002,2026-04-27 19:00:00+05:45,5.7916,5.777,1.382,0.0
DHARAN-002,2026-04-27 20:00:00+05:45,6.3795,6.3498,1.5082,0.0
DHARAN-002,2026-04-27 21:00:00+05:45,6.0934,6.0753,1.4616,0.0
DHARAN-002,2026-04-27 22:00:00+05:45,7.1861,7.1643,1.7148,0.0
DHARAN-002,2026-04-27 23:00:00+05:45,2.8507,2.845,0.6785,0.0
DHARAN-002,2026-04-28 00:00:00+05:45,3.2726,3.2527,0.7803,0.0
DHARAN-002,2026-04-28 01:00:00+05:45,4.1524,4.1514,0.9924,0.0
DHARAN-002,2026-04-28 02:00:00+05:45,3.1819,3.1653,0.7547,0.0
DHARAN-002,2026-04-28 03:00:00+05:45,3.252,3.2359,0.7601,0.0
DHARAN-002,2026-04-28 04:00:00+05:45,3.1879,3.1868,0.7664,0.0
DHARAN-002,2026-04-28 05:00:00+05:45,3.4475,3.441,0.8185,0.0
DHARAN-002,2026-04-28 06:00:00+05:45,5.5339,5.5239,1.319,0.0
DHARAN-002,2026-04-28 07:00:00+05:45,5.1784,5.1652,1.2291,0.0
DHARAN-002,2026-04-28 08:00:00+05:45,5.2297,5.2158,1.2534,0.0
DHARAN-002,2026-04-28 09:00:00+05:45,6.0363,6.0232,1.4352,0.0
DHARAN-002,2026-04-28 10:00:00+05:45,3.4819,3.4629,0.816,0.0
DHARAN-002,2026-04-28 11:00:00+05:45,3.4285,3.4147,0.8102,0.0
DHARAN-002,2026-04-28 12:00:00+05:45,3.345,3.3424,0.8011,0.0
DHARAN-002,2026-04-28 13:00:00+05:45,3.4585,3.4458,0.8201,0.0
DHARAN-002,2026-04-28 14:00:00+05:45,3.765,3.7642,0.9033,0.0
DHARAN-002,2026-04-28 15:00:00+05:45,2.8588,2.8411,0.6953,0.0
DHARAN-002,2026-04-28 16:00:00+05:45,2.9321,2.9094,0.6888,0.0
DHARAN-002,2026-04-28 17:00:00+05:45,2.7733,2.754,0.668,0.0
DHARAN-002,2026-04-28 18:00:00+05:45,6.7933,6.7761,1.6366,0.0
DHARAN-002,2026-04-28 19:00:00+05:45,5.2505,5.2267,1.2553,0.0
DHARAN-002,2026-04-28 20:00:00+05:45,7.8874,7.8824,1.8802,0.0
DHARAN-002,2026-04-28 21:00:00+05:45,6.1239,6.1142,1.4574,0.0
DHARAN-002,2026-04-28 22:00:00+05:45,5.8968,5.8787,1.4081,0.0
DHARAN-002,2026-04-28 23:00:00+05:45,3.1512,3.1415,0.7587,0.0
DHARAN-002,2026-04-29 00:00:00+05:45,3.0232,3.0139,0.7293,0.0
DHARAN-002,2026-04-29 01:00:00+05:45,3.587,3.586,0.8562,0.0
DHARAN-002,2026-04-29 02:00:00+05:45,3.805,3.8011,0.902,0.0
DHARAN-002,2026-04-29 03:00:00+05:45,3.056,3.0355,0.7352,0.0
DHARAN-002,2026-04-29 04:00:00+05:45,3.0816,3.0681,0.7344,0.0
DHARAN-002,2026-04-29 05:00:00+05:45,2.582,2.5617,0.6014,0.0
DHARAN-002,2026-04-29 06:00:00+05:45,5.1931,5.1703,1.2346,0.0
DHARAN-002,2026-04-29 07:00:00+05:45,5.6524,5.6141,1.331,0.0
DHARAN-002,2026-04-29 08:00:00+05:45,5.4752,5.4681,1.3092,0.0
DHARAN-002,2026-04-29 09:00:00+05:45,4.4963,4.4842,1.0587,0.0
DHARAN-002,2026-04-29 10:00:00+05:45,3.756,3.7497,0.884,0.0
DHARAN-002,2026-04-29 11:00:00+05:45,2.8725,2.858,0.6673,0.0
DHARAN-002,2026-04-29 12:00:00+05:45,2.8972,2.8833,0.6998,0.0
DHARAN-002,2026-04-29 13:00:00+05:45,4.0592,4.0427,0.9599,0.0
DHARAN-002,2026-04-29 14:00:00+05:45,4.1282,4.1106,0.9696,0.0
DHARAN-002,2026-04-29 15:00:00+05:45,4.6611,4.6373,1.1121,0.0
DHARAN-002,2026-04-29 16:00:00+05:45,3.1098,3.0968,0.7318,0.0
DHARAN-002,2026-04-29 17:00:00+05:45,3.5999,3.5773,0.8344,0.0
DHARAN-002,2026-04-29 18:00:00+05:45,6.5893,6.5728,1.5763,0.0
DHARAN-002,2026-04-29 19:00:00+05:45,5.9075,5.8856,1.3981,0.0
DHARAN-002,2026-04-29 20:00:00+05:45,6.356,6.3288,1.4975,0.0
DHARAN-002,2026-04-29 21:00:00+05:45,6.4781,6.4678,1.537,0.0
DHARAN-002,2026-04-29 22:00:00+05:45,6.1997,6.1885,1.4864,0.0
DHARAN-002,2026-04-29 23:00:00+05:45,3.1528,3.1332,0.7665,0.0
DHARAN-002,2026-04-30 00:00:00+05:45,3.7866,3.7801,0.9017,0.0
DHARAN-002,2026-04-30 01:00:00+05:45,3.0886,3.0784,0.7486,0.0
DHARAN-002,2026-04-30 02:00:00+05:45,3.9062,3.8977,0.9532,0.0
DHARAN-002,2026-04-30 03:00:00+05:45,3.6618,3.6531,0.8785,0.0
DHARAN-002,2026-04-30 04:00:00+05:45,4.3113,4.2888,1.0229,0.0
DHARAN-002,2026-04-30 05:00:00+05:45,3.5276,3.5025,0.8384,0.0
DHARAN-002,2026-04-30 06:00:00+05:45,6.455,6.4403,1.5529,0.0
DHARAN-002,2026-04-30 07:00:00+05:45,5.5231,5.5003,1.3191,0.0
DHARAN-002,2026-04-30 08:00:00+05:45,5.7686,5.7447,1.3551,0.0
DHARAN-002,2026-04-30 09:00:00+05:45,6.2019,6.1934,1.4881,0.0
DHARAN-002,2026-04-30 10:00:00+05:45,2.96,2.9527,0.6922,0.0
DHARAN-002,2026-04-30 11:00:00+05:45,2.7542,2.7172,0.6664,0.0
DHARAN-002,2026-04-30 12:00:00+05:45,3.2213,3.2154,0.7619,0.0
DHARAN-002,2026-04-30 13:00:00+05:45,3.6843,3.6772,0.8941,0.0
DHARAN-002,2026-04-30 14:00:00+05:45,2.9119,2.9033,0.6912,0.0
DHARAN-002,2026-04-30 15:00:00+05:45,4.06,4.0505,0.9619,0.0
DHARAN-002,2026-04-30 16:00:00+05:45,3.7589,3.7486,0.8987,0.0
DHARAN-002,2026-04-30 17:00:00+05:45,3.6252,3.6043,0.8865,0.0
DHARAN-002,2026-04-30 18:00:00+05:45,5.992,5.9614,1.4335,0.0
DHARAN-002,2026-04-30 19:00:00+05:45,6.1505,6.1333,1.4553,0.0
DHARAN-002,2026-04-30 20:00:00+05:45,6.563,6.5504,1.565,0.0
DHARAN-002,2026-04-30 21:00:00+05:45,7.1873,7.1763,1.7024,0.0
DHARAN-002,2026-04-30 22:00:00+05:45,5.8295,5.8067,1.3935,0.0
DHARAN-002,2026-04-30 23:00:00+05:45,3.8881,3.886,0.9204,0.0
DHARAN-002,2026-05-01 00:00:00+05:45,3.7038,3.6875,0.8695,0.0
DHARAN-002,2026-05-01 01:00:00+05:45,4.2168,4.1963,1.0166,0.0
DHARAN-002,2026-05-01 02:00:00+05:45,2.8,2.78,0.6566,0.0
DHARAN-002,2026-05-01 03:00:00+05:45,4.1997,4.1879,0.9952,0.0
DHARAN-002,2026-05-01 04:00:00+05:45,3.0143,3.0034,0.7201,0.0
DHARAN-002,2026-05-01 05:00:00+05:45,4.0018,3.9987,0.9407,0.0
DHARAN-002,2026-05-01 06:00:00+05:45,5.5839,5.5751,1.3289,0.0
DHARAN-002,2026-05-01 07:00:00+05:45,5.8414,5.8192,1.3769,0.0
DHARAN-002,2026-05-01 08:00:00+05:45,6.2122,6.197,1.4859,0.0
DHARAN-002,2026-05-01 09:00:00+05:45,5.1858,5.1681,1.2324,0.0
DHARAN-002,2026-05-01 10:00:00+05:45,3.8081,3.7876,0.8942,0.0
DHARAN-002,2026-05-01 11:00:00+05:45,2.7842,2.765,0.6758,0.0
DHARAN-002,2026-05-01 12:00:00+05:45,4.0271,4.0243,0.9591,0.0
DHARAN-002,2026-05-01 13:00:00+05:45,4.3421,4.3257,1.0292,0.0
DHARAN-002,2026-05-01 14:00:00+05:45,2.6838,2.6633,0.6388,0.0
DHARAN-002,2026-05-01 15:00:00+05:45,3.4981,3.4836,0.8394,0.0
DHARAN-002,2026-05-01 16:00:00+05:45,3.0279,3.0057,0.7051,0.0
DHARAN-002,2026-05-01 17:00:00+05:45,2.9608,2.9436,0.7161,0.0
DHARAN-002,2026-05-01 18:00:00+05:45,6.1149,6.109,1.4599,0.0
DHARAN-002,2026-05-01 19:00:00+05:45,5.8768,5.8639,1.3977,0.0
DHARAN-002,2026-05-01 20:00:00+05:45,7.662,7.6562,1.8186,0.0
DHARAN-002,2026-05-01 21:00:00+05:45,5.622,5.6102,1.3348,0.0
DHARAN-002,2026-05-01 22:00:00+05:45,7.0623,7.0615,1.6788,0.0
DHARAN-002,2026-05-01 23:00:00+05:45,2.731,2.7125,0.6567,0.0
DHARAN-002,2026-05-02 00:00:00+05:45,2.7473,2.743,0.6527,0.0
DHARAN-002,2026-05-02 01:00:00+05:45,3.2897,3.263,0.7797,0.0
DHARAN-002,2026-05-02 02:00:00+05:45,3.3629,3.336,0.8085,0.0
DHARAN-002,2026-05-02 03:00:00+05:45,3.2104,3.2003,0.757,0.0
DHARAN-002,2026-05-02 04:00:00+05:45,3.2855,3.2679,0.7899,0.0
DHARAN-002,2026-05-02 05:00:00+05:45,3.6571,3.6465,0.8755,0.0
DHARAN-002,2026-05-02 06:00:00+05:45,5.7089,5.706,1.3671,0.0
DHARAN-002,2026-05-02 07:00:00+05:45,5.7358,5.7218,1.3667,0.0
DHARAN-002,2026-05-02 08:00:00+05:45,5.8511,5.8374,1.3868,0.0
DHARAN-002,2026-05-02 09:00:00+05:45,4.9707,4.951,1.1896,0.0
DHARAN-002,2026-05-02 10:00:00+05:45,3.3186,3.3098,0.7954,0.0
DHARAN-002,2026-05-02 11:00:00+05:45,3.5743,3.5533,0.8531,0.0
DHARAN-002,2026-05-02 12:00:00+05:45,3.7025,3.6799,0.8845,0.0
DHARAN-002,2026-05-02 13:00:00+05:45,3.3523,3.3498,0.7956,0.0
DHARAN-002,2026-05-02 14:00:00+05:45,2.7458,2.7333,0.6625,0.0
DHARAN-002,2026-05-02 15:00:00+05:45,3.3356,3.3184,0.7927,0.0
DHARAN-002,2026-05-02 16:00:00+05:45,2.9542,2.9248,0.6968,0.0
DHARAN-002,2026-05-02 17:00:00+05:45,3.0672,3.0577,0.7366,0.0
DHARAN-002,2026-05-02 18:00:00+05:45,6.4021,6.4009,1.5293,0.0
DHARAN-002,2026-05-02 19:00:00+05:45,5.6866,5.6614,1.3442,0.0
DHARAN-002,2026-05-02 20:00:00+05:45,7.1954,7.1883,1.711,0.0
DHARAN-002,2026-05-02 21:00:00+05:45,6.0996,6.0968,1.4665,0.0
DHARAN-002,2026-05-02 22:00:00+05:45,6.5302,6.4996,1.5497,0.0
DHARAN-002,2026-05-02 23:00:00+05:45,3.1756,3.1616,0.769,0.0
DHARAN-002,2026-05-03 00:00:00+05:45,3.1098,3.092,0.7451,0.0
DHARAN-002,2026-05-03 01:00:00+05:45,2.6649,2.6447,0.6333,0.0
DHARAN-002,2026-05-03 02:00:00+05:45,3.9998,3.9764,0.9494,0.0
DHARAN-002,2026-05-03 03:00:00+05:45,3.0359,3.0101,0.7257,0.0
DHARAN-002,2026-05-03 04:00:00+05:45,2.5644,2.5404,0.6144,0.0
DHARAN-002,2026-05-03 05:00:00+05:45,3.154,3.1411,0.7537,0.0
DHARAN-002,2026-05-03 06:00:00+05:45,5.6645,5.6422,1.3384,0.0
DHARAN-002,2026-05-03 07:00:00+05:45,5.6115,5.5938,1.3257,0.0
DHARAN-002,2026-05-03 08:00:00+05:45,5.9539,5.925,1.4274,0.0
DHARAN-002,2026-05-03 09:00:00+05:45,5.5631,5.5348,1.3507,0.0
DHARAN-002,2026-05-03 10:00:00+05:45,3.2585,3.2484,0.7796,0.0
DHARAN-002,2026-05-03 11:00:00+05:45,3.4578,3.4474,0.8317,0.0
DHARAN-002,2026-05-03 12:00:00+05:45,2.9815,2.9706,0.7127,0.0
DHARAN-002,2026-05-03 13:00:00+05:45,3.7125,3.6943,0.8813,0.0
DHARAN-002,2026-05-03 14:00:00+05:45,3.5758,3.569,0.8523,0.0
DHARAN-002,2026-05-03 15:00:00+05:45,4.2187,4.1908,0.9956,0.0
DHARAN-002,2026-05-03 16:00:00+05:45,3.7748,3.771,0.9031,0.0
DHARAN-002,2026-05-03 17:00:00+05:45,2.6778,2.6636,0.6315,0.0
DHARAN-002,2026-05-03 18:00:00+05:45,6.0686,6.0537,1.4687,0.0
DHARAN-002,2026-05-03 19:00:00+05:45,5.8058,5.784,1.3892,0.0
DHARAN-002,2026-05-03 20:00:00+05:45,5.824,5.8075,1.3956,0.0
DHARAN-002,2026-05-03 21:00:00+05:45,6.8036,6.7768,1.6237,0.0
DHARAN-002,2026-05-03 22:00:00+05:45,5.6774,5.6747,1.3656,0.0
DHARAN-002,2026-05-03 23:00:00+05:45,2.4526,2.4454,0.5807,0.0
DHARAN-002,2026-05-04 00:00:00+05:45,2.5763,2.5547,0.6098,0.0
DHARAN-002,2026-05-04 01:00:00+05:45,3.8364,3.8288,0.9051,0.0
DHARAN-002,2026-05-04 02:00:00+05:45,3.4308,3.4196,0.8121,0.0
DHARAN-002,2026-05-04 03:00:00+05:45,3.3048,3.2948,0.7988,0.0
DHARAN-002,2026-05-04 04:00:00+05:45,3.5195,3.4953,0.8236,0.0
DHARAN-002,2026-05-04 05:00:00+05:45,3.6081,3.5937,0.8583,0.0
DHARAN-002,2026-05-04 06:00:00+05:45,4.799,4.7905,1.1506,0.0
DHARAN-002,2026-05-04 07:00:00+05:45,5.8895,5.8686,1.3933,0.0
DHARAN-002,2026-05-04 08:00:00+05:45,6.161,6.1539,1.4662,0.0
DHARAN-002,2026-05-04 09:00:00+05:45,5.5079,5.4876,1.3183,0.0
DHARAN-002,2026-05-04 10:00:00+05:45,3.0869,3.0663,0.7359,0.0
DHARAN-002,2026-05-04 11:00:00+05:45,2.9368,2.9326,0.6901,0.0
DHARAN-002,2026-05-04 12:00:00+05:45,3.4227,3.401,0.8158,0.0
DHARAN-002,2026-05-04 13:00:00+05:45,2.5179,2.4969,0.6141,0.0
DHARAN-002,2026-05-04 14:00:00+05:45,3.0711,3.0614,0.7321,0.0
DHARAN-002,2026-05-04 15:00:00+05:45,3.7438,3.7269,0.8885,0.0
DHARAN-002,2026-05-04 16:00:00+05:45,2.7024,2.6953,0.6386,0.0
DHARAN-002,2026-05-04 17:00:00+05:45,2.8853,2.8715,0.7,0.0
DHARAN-002,2026-05-04 18:00:00+05:45,6.9256,6.9141,1.6468,0.0
DHARAN-002,2026-05-04 19:00:00+05:45,6.4392,6.4236,1.5321,0.0
DHARAN-002,2026-05-04 20:00:00+05:45,6.4278,6.4119,1.5403,0.0
DHARAN-002,2026-05-04 21:00:00+05:45,5.5184,5.5122,1.3084,0.0
DHARAN-002,2026-05-04 22:00:00+05:45,6.8757,6.8473,1.6604,0.0
DHARAN-002,2026-05-04 23:00:00+05:45,2.3976,2.3802,0.5823,0.0
DHARAN-002,2026-05-05 00:00:00+05:45,3.5723,3.5502,0.8532,0.0
DHARAN-002,2026-05-05 01:00:00+05:45,2.8543,2.8418,0.6834,0.0
DHARAN-002,2026-05-05 02:00:00+05:45,2.9231,2.9083,0.7144,0.0
DHARAN-002,2026-05-05 03:00:00+05:45,3.257,3.2523,0.7652,0.0
DHARAN-002,2026-05-05 04:00:00+05:45,2.9977,2.9803,0.7023,0.0
DHARAN-002,2026-05-05 05:00:00+05:45,3.5668,3.5482,0.8449,0.0
DHARAN-002,2026-05-05 06:00:00+05:45,6.4835,6.4766,1.5428,0.0
DHARAN-002,2026-05-05 07:00:00+05:45,5.8614,5.8472,1.401,0.0
DHARAN-002,2026-05-05 08:00:00+05:45,5.7158,5.7049,1.3687,0.0
DHARAN-002,2026-05-05 09:00:00+05:45,5.7799,5.7572,1.3814,0.0
DHARAN-002,2026-05-05 10:00:00+05:45,2.7352,2.7049,0.6607,0.0
DHARAN-002,2026-05-05 11:00:00+05:45,2.4995,2.4697,0.5954,0.0
DHARAN-002,2026-05-05 12:00:00+05:45,3.3113,3.291,0.7756,0.0
DHARAN-002,2026-05-05 13:00:00+05:45,3.2629,3.261,0.7781,0.0
DHARAN-002,2026-05-05 14:00:00+05:45,3.1203,3.1034,0.7407,0.0
DHARAN-002,2026-05-05 15:00:00+05:45,4.5258,4.5058,1.0749,0.0
DHARAN-002,2026-05-05 16:00:00+05:45,3.8806,3.8662,0.9188,0.0
DHARAN-002,2026-05-05 17:00:00+05:45,3.2169,3.1983,0.7693,0.0
DHARAN-002,2026-05-05 18:00:00+05:45,6.3192,6.3122,1.4986,0.0
DHARAN-002,2026-05-05 19:00:00+05:45,6.5161,6.5029,1.5367,0.0
DHARAN-002,2026-05-05 20:00:00+05:45,7.3154,7.3009,1.7402,0.0
DHARAN-002,2026-05-05 21:00:00+05:45,6.4263,6.4255,1.533,0.0
DHARAN-002,2026-05-05 22:00:00+05:45,6.9113,6.8925,1.6247,0.0
DHARAN-002,2026-05-05 23:00:00+05:45,3.5373,3.5131,0.844,0.0
DHARAN-002,2026-05-06 00:00:00+05:45,3.2627,3.2602,0.7743,0.0
DHARAN-002,2026-05-06 01:00:00+05:45,3.0197,2.9974,0.7155,0.0
DHARAN-002,2026-05-06 02:00:00+05:45,3.6798,3.6767,0.8912,0.0
DHARAN-002,2026-05-06 03:00:00+05:45,3.5363,3.5142,0.8491,0.0
DHARAN-002,2026-05-06 04:00:00+05:45,2.4463,2.4315,0.5834,0.0
DHARAN-002,2026-05-06 05:00:00+05:45,3.4727,3.472,0.8367,0.0
DHARAN-002,2026-05-06 06:00:00+05:45,5.6694,5.6464,1.3449,0.0
DHARAN-002,2026-05-06 07:00:00+05:45,5.4124,5.3935,1.2813,0.0
DHARAN-002,2026-05-06 08:00:00+05:45,6.2263,6.2252,1.483,0.0
DHARAN-002,2026-05-06 09:00:00+05:45,5.5315,5.5124,1.3162,0.0
DHARAN-002,2026-05-06 10:00:00+05:45,2.4868,2.4649,0.5951,0.0
DHARAN-002,2026-05-06 11:00:00+05:45,3.2071,3.1769,0.7665,0.0
DHARAN-002,2026-05-06 12:00:00+05:45,2.7818,2.7587,0.6506,0.0
DHARAN-002,2026-05-06 13:00:00+05:45,3.157,3.1423,0.752,0.0
DHARAN-002,2026-05-06 14:00:00+05:45,3.3397,3.3281,0.8008,0.0
DHARAN-002,2026-05-06 15:00:00+05:45,3.0798,3.0673,0.7364,0.0
DHARAN-002,2026-05-06 16:00:00+05:45,2.1463,2.1356,0.5101,0.0
DHARAN-002,2026-05-06 17:00:00+05:45,2.3169,2.305,0.555,0.0
DHARAN-002,2026-05-06 18:00:00+05:45,7.0012,6.9808,1.6721,0.0
DHARAN-002,2026-05-06 19:00:00+05:45,7.0518,7.0372,1.685,0.0
DHARAN-002,2026-05-06 20:00:00+05:45,7.2604,7.2424,1.7265,0.0
DHARAN-002,2026-05-06 21:00:00+05:45,6.2022,6.1876,1.4702,0.0
DHARAN-002,2026-05-06 22:00:00+05:45,5.4424,5.4369,1.2992,0.0
DHARAN-002,2026-05-06 23:00:00+05:45,3.2917,3.2729,0.7925,0.0
DHARAN-002,2026-05-07 00:00:00+05:45,3.2444,3.2334,0.7844,0.0
DHARAN-002,2026-05-07 01:00:00+05:45,3.6305,3.6227,0.8535,0.0
DHARAN-002,2026-05-07 02:00:00+05:45,2.7967,2.7818,0.6473,0.0
DHARAN-002,2026-05-07 03:00:00+05:45,3.2883,3.2716,0.79,0.0
DHARAN-002,2026-05-07 04:00:00+05:45,4.1464,4.1229,0.9848,0.0
DHARAN-002,2026-05-07 05:00:00+05:45,3.2454,3.2358,0.7825,0.0
DHARAN-002,2026-05-07 06:00:00+05:45,5.0074,4.9826,1.1902,0.0
DHARAN-002,2026-05-07 07:00:00+05:45,5.6309,5.6222,1.3436,0.0
DHARAN-002,2026-05-07 08:00:00+05:45,5.6917,5.6858,1.367,0.0
DHARAN-002,2026-05-07 09:00:00+05:45,6.0046,5.992,1.4323,0.0
DHARAN-002,2026-05-07 10:00:00+05:45,3.2156,3.1993,0.7587,0.0
DHARAN-002,2026-05-07 11:00:00+05:45,2.869,2.8556,0.6898,0.0
DHARAN-002,2026-05-07 12:00:00+05:45,3.4227,3.4087,0.8153,0.0
DHARAN-002,2026-05-07 13:00:00+05:45,3.2937,3.2849,0.7846,0.0
DHARAN-002,2026-05-07 14:00:00+05:45,3.8105,3.7944,0.9118,0.0
DHARAN-002,2026-05-07 15:00:00+05:45,2.2248,2.2186,0.5318,0.0
DHARAN-002,2026-05-07 16:00:00+05:45,2.8753,2.8583,0.6615,0.0
DHARAN-002,2026-05-07 17:00:00+05:45,3.9239,3.9011,0.9261,0.0
DHARAN-002,2026-05-07 18:00:00+05:45,6.3439,6.3222,1.4952,0.0
DHARAN-002,2026-05-07 19:00:00+05:45,6.4114,6.3975,1.524,0.0
DHARAN-002,2026-05-07 20:00:00+05:45,6.4046,6.3865,1.5253,0.0
DHARAN-002,2026-05-07 21:00:00+05:45,7.2087,7.1846,1.7278,0.0
DHARAN-002,2026-05-07 22:00:00+05:45,6.2452,6.2329,1.4749,0.0
DHARAN-002,2026-05-07 23:00:00+05:45,3.4735,3.4723,0.8285,0.0
DHARAN-002,2026-05-08 00:00:00+05:45,4.1105,4.0949,0.9877,0.0
DHARAN-002,2026-05-08 01:00:00+05:45,2.6879,2.6745,0.6527,0.0
DHARAN-002,2026-05-08 02:00:00+05:45,2.9259,2.9112,0.7078,0.0
DHARAN-002,2026-05-08 03:00:00+05:45,2.5299,2.516,0.6012,0.0
DHARAN-002,2026-05-08 04:00:00+05:45,2.0008,1.982,0.4814,0.0
DHARAN-002,2026-05-08 05:00:00+05:45,2.7562,2.7378,0.6514,0.0
DHARAN-002,2026-05-08 06:00:00+05:45,5.0486,5.027,1.2022,0.0
DHARAN-002,2026-05-08 07:00:00+05:45,5.1121,5.0879,1.2191,0.0
DHARAN-002,2026-05-08 08:00:00+05:45,5.1482,5.1418,1.2214,0.0
DHARAN-002,2026-05-08 09:00:00+05:45,5.4988,5.4946,1.305,0.0
DHARAN-002,2026-05-08 10:00:00+05:45,3.0197,3.0029,0.7149,0.0
DHARAN-002,2026-05-08 11:00:00+05:45,2.9643,2.9443,0.7163,0.0
DHARAN-002,2026-05-08 12:00:00+05:45,3.1311,3.1131,0.7403,0.0
DHARAN-002,2026-05-08 13:00:00+05:45,3.0892,3.079,0.7253,0.0
DHARAN-002,2026-05-08 14:00:00+05:45,3.9246,3.9012,0.9219,0.0
DHARAN-002,2026-05-08 15:00:00+05:45,3.2827,3.2665,0.7573,0.0
DHARAN-002,2026-05-08 16:00:00+05:45,3.3924,3.3864,0.8079,0.0
DHARAN-002,2026-05-08 17:00:00+05:45,3.9016,3.8793,0.9344,0.0
DHARAN-002,2026-05-08 18:00:00+05:45,6.9886,6.9791,1.6582,0.0
DHARAN-002,2026-05-08 19:00:00+05:45,6.101,6.087,1.4781,0.0
DHARAN-002,2026-05-08 20:00:00+05:45,6.7751,6.7648,1.6154,0.0
DHARAN-002,2026-05-08 21:00:00+05:45,6.2786,6.264,1.4833,0.0
DHARAN-002,2026-05-08 22:00:00+05:45,7.2936,7.2768,1.742,0.0
DHARAN-002,2026-05-08 23:00:00+05:45,3.1363,3.1199,0.727,0.0
DHARAN-002,2026-05-09 00:00:00+05:45,4.3275,4.3003,1.0344,0.0
DHARAN-002,2026-05-09 01:00:00+05:45,3.3647,3.3595,0.7932,0.0
DHARAN-002,2026-05-09 02:00:00+05:45,3.4046,3.3876,0.8208,0.0
DHARAN-002,2026-05-09 03:00:00+05:45,2.5028,2.479,0.5968,0.0
DHARAN-002,2026-05-09 04:00:00+05:45,3.4984,3.4982,0.8447,0.0
DHARAN-002,2026-05-09 05:00:00+05:45,3.5855,3.5782,0.8386,0.0
DHARAN-002,2026-05-09 06:00:00+05:45,6.6189,6.6182,1.576,0.0
DHARAN-002,2026-05-09 07:00:00+05:45,4.8062,4.7901,1.137,0.0
DHARAN-002,2026-05-09 08:00:00+05:45,6.2612,6.2452,1.5022,0.0
DHARAN-002,2026-05-09 09:00:00+05:45,5.5597,5.5478,1.3251,0.0
DHARAN-002,2026-05-09 10:00:00+05:45,3.096,3.0786,0.7355,0.0
DHARAN-002,2026-05-09 11:00:00+05:45,3.4473,3.4419,0.8093,0.0
DHARAN-002,2026-05-09 12:00:00+05:45,2.3994,2.3919,0.5616,0.0
DHARAN-002,2026-05-09 13:00:00+05:45,3.0561,3.0461,0.7335,0.0
DHARAN-002,2026-05-09 14:00:00+05:45,2.5141,2.4939,0.604,0.0
DHARAN-002,2026-05-09 15:00:00+05:45,3.29,3.279,0.7785,0.0
DHARAN-002,2026-05-09 16:00:00+05:45,3.7065,3.7046,0.8873,0.0
DHARAN-002,2026-05-09 17:00:00+05:45,3.4621,3.4515,0.817,0.0
DHARAN-002,2026-05-09 18:00:00+05:45,6.9504,6.93,1.663,0.0
DHARAN-002,2026-05-09 19:00:00+05:45,7.2608,7.2477,1.7284,0.0
DHARAN-002,2026-05-09 20:00:00+05:45,6.3919,6.3737,1.5064,0.0
DHARAN-002,2026-05-09 21:00:00+05:45,7.4719,7.4621,1.7764,0.0
DHARAN-002,2026-05-09 22:00:00+05:45,6.0884,6.0871,1.449,0.0
DHARAN-002,2026-05-09 23:00:00+05:45,3.0143,2.9974,0.722,0.0
DHARAN-002,2026-05-10 00:00:00+05:45,4.2527,4.2523,1.012,0.0
DHARAN-002,2026-05-10 01:00:00+05:45,2.8217,2.8059,0.6693,0.0
DHARAN-002,2026-05-10 02:00:00+05:45,4.1289,4.1065,0.9739,0.0
DHARAN-002,2026-05-10 03:00:00+05:45,3.2063,3.1985,0.7529,0.0
DHARAN-002,2026-05-10 04:00:00+05:45,3.7485,3.7451,0.8952,0.0
DHARAN-002,2026-05-10 05:00:00+05:45,3.6267,3.6149,0.8502,0.0
DHARAN-002,2026-05-10 06:00:00+05:45,6.2835,6.278,1.5118,0.0
DHARAN-002,2026-05-10 07:00:00+05:45,5.4733,5.4636,1.3067,0.0
DHARAN-002,2026-05-10 08:00:00+05:45,5.6083,5.5962,1.3403,0.0
DHARAN-002,2026-05-10 09:00:00+05:45,5.6757,5.6615,1.3577,0.0
DHARAN-002,2026-05-10 10:00:00+05:45,2.8982,2.8771,0.7015,0.0
DHARAN-002,2026-05-10 11:00:00+05:45,4.1751,4.1575,0.9839,0.0
DHARAN-002,2026-05-10 12:00:00+05:45,2.937,2.9135,0.702,0.0
DHARAN-002,2026-05-10 13:00:00+05:45,2.1074,2.0865,0.5052,0.0
DHARAN-002,2026-05-10 14:00:00+05:45,2.715,2.697,0.6424,0.0
DHARAN-002,2026-05-10 15:00:00+05:45,2.5423,2.5322,0.6045,0.0
DHARAN-002,2026-05-10 16:00:00+05:45,3.5083,3.4901,0.8289,0.0
DHARAN-002,2026-05-10 17:00:00+05:45,3.3199,3.3143,0.7877,0.0
DHARAN-002,2026-05-10 18:00:00+05:45,6.3327,6.3094,1.5154,0.0
DHARAN-002,2026-05-10 19:00:00+05:45,6.7516,6.7229,1.601,0.0
DHARAN-002,2026-05-10 20:00:00+05:45,6.1917,6.1796,1.4795,0.0
DHARAN-002,2026-05-10 21:00:00+05:45,5.5115,5.4916,1.3268,0.0
DHARAN-002,2026-05-10 22:00:00+05:45,5.6339,5.6197,1.3516,0.0
DHARAN-002,2026-05-10 23:00:00+05:45,3.0995,3.084,0.7295,0.0
DHARAN-002,2026-05-11 00:00:00+05:45,2.9082,2.8874,0.6832,0.0
DHARAN-002,2026-05-11 01:00:00+05:45,2.5708,2.5615,0.6097,0.0
DHARAN-002,2026-05-11 02:00:00+05:45,2.9729,2.9569,0.69,0.0
DHARAN-002,2026-05-11 03:00:00+05:45,3.1656,3.1436,0.7529,0.0
DHARAN-002,2026-05-11 04:00:00+05:45,2.897,2.8767,0.6948,0.0
DHARAN-002,2026-05-11 05:00:00+05:45,2.5472,2.545,0.597,0.0
DHARAN-002,2026-05-11 06:00:00+05:45,5.3742,5.3677,1.2948,0.0
DHARAN-002,2026-05-11 07:00:00+05:45,6.2579,6.2337,1.48,0.0
DHARAN-002,2026-05-11 08:00:00+05:45,4.7897,4.772,1.1504,0.0
DHARAN-002,2026-05-11 09:00:00+05:45,5.8906,5.8802,1.4101,0.0
DHARAN-002,2026-05-11 10:00:00+05:45,2.7679,2.7567,0.6432,0.0
DHARAN-002,2026-05-11 11:00:00+05:45,3.2909,3.2671,0.7828,0.0
DHARAN-002,2026-05-11 12:00:00+05:45,2.8385,2.8337,0.6647,0.0
DHARAN-002,2026-05-11 13:00:00+05:45,3.7907,3.7765,0.9189,0.0
DHARAN-002,2026-05-11 14:00:00+05:45,4.1189,4.1005,0.9741,0.0
DHARAN-002,2026-05-11 15:00:00+05:45,2.714,2.6883,0.6532,0.0
DHARAN-002,2026-05-11 16:00:00+05:45,3.5455,3.5299,0.8357,0.0
DHARAN-002,2026-05-11 17:00:00+05:45,3.1605,3.1434,0.7452,0.0
DHARAN-002,2026-05-11 18:00:00+05:45,6.2378,6.2152,1.4987,0.0
DHARAN-002,2026-05-11 19:00:00+05:45,6.5775,6.5531,1.5719,0.0
DHARAN-002,2026-05-11 20:00:00+05:45,6.5134,6.4914,1.5483,0.0
DHARAN-002,2026-05-11 21:00:00+05:45,6.7288,6.7153,1.5993,0.0
DHARAN-002,2026-05-11 22:00:00+05:45,7.3504,7.3295,1.7571,0.0
DHARAN-002,2026-05-11 23:00:00+05:45,3.2477,3.2229,0.7689,0.0
DHARAN-002,2026-05-12 00:00:00+05:45,3.1388,3.1217,0.7416,0.0
DHARAN-002,2026-05-12 01:00:00+05:45,2.9989,2.9782,0.702,0.0
DHARAN-002,2026-05-12 02:00:00+05:45,3.0969,3.0886,0.7269,0.0
DHARAN-002,2026-05-12 03:00:00+05:45,3.24,3.219,0.7755,0.0
DHARAN-002,2026-05-12 04:00:00+05:45,3.0604,3.0406,0.7214,0.0
DHARAN-002,2026-05-12 05:00:00+05:45,3.1559,3.1468,0.734,0.0
DHARAN-002,2026-05-12 06:00:00+05:45,4.8862,4.884,1.1552,0.0
DHARAN-002,2026-05-12 07:00:00+05:45,6.318,6.3144,1.5033,0.0
DHARAN-002,2026-05-12 08:00:00+05:45,5.0187,5.0006,1.2105,0.0
DHARAN-002,2026-05-12 09:00:00+05:45,4.9134,4.9008,1.1651,0.0
DHARAN-002,2026-05-12 10:00:00+05:45,3.0526,3.0326,0.722,0.0
DHARAN-002,2026-05-12 11:00:00+05:45,3.8239,3.8092,0.9165,0.0
DHARAN-002,2026-05-12 12:00:00+05:45,2.9581,2.9493,0.7028,0.0
DHARAN-002,2026-05-12 13:00:00+05:45,3.0413,3.0239,0.7281,0.0
DHARAN-002,2026-05-12 14:00:00+05:45,3.2935,3.2794,0.7794,0.0
DHARAN-002,2026-05-12 15:00:00+05:45,2.9873,2.9796,0.7094,0.0
DHARAN-002,2026-05-12 16:00:00+05:45,3.5472,3.5306,0.8473,0.0
DHARAN-002,2026-05-12 17:00:00+05:45,3.4468,3.4287,0.8054,0.0
DHARAN-002,2026-05-12 18:00:00+05:45,6.3892,6.3678,1.5278,0.0
DHARAN-002,2026-05-12 19:00:00+05:45,6.1828,6.1694,1.4866,0.0
DHARAN-002,2026-05-12 20:00:00+05:45,6.4438,6.4297,1.542,0.0
DHARAN-002,2026-05-12 21:00:00+05:45,6.3417,6.3169,1.5105,0.0
DHARAN-002,2026-05-12 22:00:00+05:45,5.8003,5.7856,1.3617,0.0
DHARAN-002,2026-05-12 23:00:00+05:45,3.5693,3.5681,0.8486,0.0
DHARAN-002,2026-05-13 00:00:00+05:45,2.7183,2.6954,0.6522,0.0
DHARAN-002,2026-05-13 01:00:00+05:45,2.5399,2.5236,0.6129,0.0
DHARAN-002,2026-05-13 02:00:00+05:45,3.5278,3.5207,0.8357,0.0
DHARAN-002,2026-05-13 03:00:00+05:45,2.488,2.4615,0.5872,0.0
DHARAN-002,2026-05-13 04:00:00+05:45,3.052,3.0404,0.7376,0.0
DHARAN-002,2026-05-13 05:00:00+05:45,3.4611,3.4348,0.8263,0.0
DHARAN-002,2026-05-13 06:00:00+05:45,6.0356,6.035,1.4353,0.0
DHARAN-002,2026-05-13 07:00:00+05:45,5.1912,5.1822,1.2412,0.0
DHARAN-002,2026-05-13 08:00:00+05:45,5.6667,5.6651,1.3472,0.0
DHARAN-002,2026-05-13 09:00:00+05:45,5.9682,5.9504,1.4209,0.0
DHARAN-002,2026-05-13 10:00:00+05:45,3.6165,3.5914,0.8684,0.0
DHARAN-002,2026-05-13 11:00:00+05:45,3.2608,3.253,0.762,0.0
DHARAN-002,2026-05-13 12:00:00+05:45,3.9605,3.9251,0.9516,0.0
DHARAN-002,2026-05-13 13:00:00+05:45,2.8343,2.8222,0.6648,0.0
DHARAN-002,2026-05-13 14:00:00+05:45,3.6306,3.6243,0.8648,0.0
DHARAN-002,2026-05-13 15:00:00+05:45,1.9625,1.9469,0.4434,0.0
DHARAN-002,2026-05-13 16:00:00+05:45,1.8004,1.7798,0.4258,0.0
DHARAN-002,2026-05-13 17:00:00+05:45,2.8831,2.8682,0.6932,0.0
DHARAN-002,2026-05-13 18:00:00+05:45,6.9901,6.9634,1.6634,0.0
DHARAN-002,2026-05-13 19:00:00+05:45,6.941,6.9386,1.6548,0.0
DHARAN-002,2026-05-13 20:00:00+05:45,6.2868,6.2713,1.4918,0.0
DHARAN-002,2026-05-13 21:00:00+05:45,6.7343,6.7151,1.5952,0.0
DHARAN-002,2026-05-13 22:00:00+05:45,6.262,6.2292,1.486,0.0
DHARAN-002,2026-05-13 23:00:00+05:45,2.5404,2.5107,0.6002,0.0
DHARAN-002,2026-05-14 00:00:00+05:45,2.7199,2.6958,0.638,0.0
DHARAN-002,2026-05-14 01:00:00+05:45,2.556,2.5431,0.6018,0.0
DHARAN-002,2026-05-14 02:00:00+05:45,3.2283,3.2028,0.7717,0.0
DHARAN-002,2026-05-14 03:00:00+05:45,3.1968,3.1853,0.7655,0.0
DHARAN-002,2026-05-14 04:00:00+05:45,3.0568,3.0455,0.7381,0.0
DHARAN-002,2026-05-14 05:00:00+05:45,3.3473,3.3226,0.7931,0.0
DHARAN-002,2026-05-14 06:00:00+05:45,5.6645,5.6576,1.3532,0.0
DHARAN-002,2026-05-14 07:00:00+05:45,5.7058,5.6915,1.3596,0.0
DHARAN-002,2026-05-14 08:00:00+05:45,5.7152,5.698,1.3558,0.0
DHARAN-002,2026-05-14 09:00:00+05:45,5.4441,5.434,1.3038,0.0
DHARAN-002,2026-05-14 10:00:00+05:45,3.6824,3.6781,0.8808,0.0
DHARAN-002,2026-05-14 11:00:00+05:45,3.8185,3.8032,0.9181,0.0
DHARAN-002,2026-05-14 12:00:00+05:45,3.5195,3.5146,0.8379,0.0
DHARAN-002,2026-05-14 13:00:00+05:45,3.5217,3.5004,0.8259,0.0
DHARAN-002,2026-05-14 14:00:00+05:45,2.2864,2.282,0.5241,0.0
DHARAN-002,2026-05-14 15:00:00+05:45,2.7596,2.7409,0.6496,0.0
DHARAN-002,2026-05-14 16:00:00+05:45,3.2895,3.2639,0.7886,0.0
DHARAN-002,2026-05-14 17:00:00+05:45,3.1893,3.1645,0.7743,0.0
DHARAN-002,2026-05-14 18:00:00+05:45,6.5351,6.5155,1.5454,0.0
DHARAN-002,2026-05-14 19:00:00+05:45,7.573,7.5579,1.806,0.0
DHARAN-002,2026-05-14 20:00:00+05:45,6.7307,6.7092,1.6054,0.0
DHARAN-002,2026-05-14 21:00:00+05:45,4.8916,4.8774,1.1654,0.0
DHARAN-002,2026-05-14 22:00:00+05:45,6.2748,6.2525,1.5023,0.0
DHARAN-002,2026-05-14 23:00:00+05:45,3.0256,3.0109,0.7185,0.0
DHARAN-002,2026-05-15 00:00:00+05:45,3.5812,3.5647,0.839,0.0
DHARAN-002,2026-05-15 01:00:00+05:45,3.7017,3.6907,0.88,0.0
DHARAN-002,2026-05-15 02:00:00+05:45,3.1891,3.1696,0.762,0.0
DHARAN-002,2026-05-15 03:00:00+05:45,3.2938,3.2806,0.7918,0.0
DHARAN-002,2026-05-15 04:00:00+05:45,2.4954,2.4803,0.5959,0.0
DHARAN-002,2026-05-15 05:00:00+05:45,4.2372,4.2305,0.996,0.0
DHARAN-002,2026-05-15 06:00:00+05:45,5.6725,5.6594,1.3485,0.0
DHARAN-002,2026-05-15 07:00:00+05:45,5.4639,5.4339,1.3043,0.0
DHARAN-002,2026-05-15 08:00:00+05:45,5.3659,5.3607,1.2744,0.0
DHARAN-002,2026-05-15 09:00:00+05:45,6.0245,6.0179,1.4231,0.0
DHARAN-002,2026-05-15 10:00:00+05:45,3.0319,3.0167,0.7176,0.0
DHARAN-002,2026-05-15 11:00:00+05:45,3.4954,3.4655,0.835,0.0
DHARAN-002,2026-05-15 12:00:00+05:45,3.0419,3.017,0.6986,0.0
DHARAN-002,2026-05-15 13:00:00+05:45,3.6496,3.6273,0.8789,0.0
DHARAN-002,2026-05-15 14:00:00+05:45,3.4914,3.4876,0.8515,0.0
DHARAN-002,2026-05-15 15:00:00+05:45,3.4467,3.4358,0.8219,0.0
DHARAN-002,2026-05-15 16:00:00+05:45,3.7802,3.7689,0.9085,0.0
DHARAN-002,2026-05-15 17:00:00+05:45,2.9661,2.9649,0.7014,0.0
DHARAN-002,2026-05-15 18:00:00+05:45,6.0603,6.0478,1.4593,0.0
DHARAN-002,2026-05-15 19:00:00+05:45,6.7741,6.7649,1.6058,0.0
DHARAN-002,2026-05-15 20:00:00+05:45,6.6414,6.6155,1.583,0.0
DHARAN-002,2026-05-15 21:00:00+05:45,6.1956,6.1734,1.5035,0.0
DHARAN-002,2026-05-15 22:00:00+05:45,6.1377,6.12,1.464,0.0
DHARAN-002,2026-05-15 23:00:00+05:45,2.5567,2.5375,0.608,0.0
DHARAN-002,2026-05-16 00:00:00+05:45,3.4313,3.4084,0.8227,0.0
DHARAN-002,2026-05-16 01:00:00+05:45,2.744,2.7301,0.6593,0.0
DHARAN-002,2026-05-16 02:00:00+05:45,3.4077,3.3829,0.8145,0.0
DHARAN-002,2026-05-16 03:00:00+05:45,3.4237,3.4066,0.8144,0.0
DHARAN-002,2026-05-16 04:00:00+05:45,3.6508,3.6503,0.8669,0.0
DHARAN-002,2026-05-16 05:00:00+05:45,3.8257,3.8052,0.9097,0.0
DHARAN-002,2026-05-16 06:00:00+05:45,5.2844,5.2812,1.2756,0.0
DHARAN-002,2026-05-16 07:00:00+05:45,5.1068,5.0814,1.211,0.0
DHARAN-002,2026-05-16 08:00:00+05:45,5.6722,5.6634,1.3605,0.0
DHARAN-002,2026-05-16 09:00:00+05:45,6.1955,6.1636,1.4876,0.0
DHARAN-002,2026-05-16 10:00:00+05:45,4.3027,4.2847,1.0041,0.0
DHARAN-002,2026-05-16 11:00:00+05:45,3.1139,3.0917,0.738,0.0
DHARAN-002,2026-05-16 12:00:00+05:45,2.8998,2.887,0.7009,0.0
DHARAN-002,2026-05-16 13:00:00+05:45,2.9322,2.9221,0.6863,0.0
DHARAN-002,2026-05-16 14:00:00+05:45,3.3593,3.3341,0.7905,0.0
DHARAN-002,2026-05-16 15:00:00+05:45,3.3923,3.3854,0.804,0.0
DHARAN-002,2026-05-16 16:00:00+05:45,3.838,3.8379,0.9018,0.0
DHARAN-002,2026-05-16 17:00:00+05:45,4.1323,4.1125,0.9906,0.0
DHARAN-002,2026-05-16 18:00:00+05:45,6.4167,6.4033,1.5284,0.0
DHARAN-002,2026-05-16 19:00:00+05:45,5.9007,5.888,1.3999,0.0
DHARAN-002,2026-05-16 20:00:00+05:45,5.6787,5.674,1.3619,0.0
DHARAN-002,2026-05-16 21:00:00+05:45,6.135,6.1257,1.4561,0.0
DHARAN-002,2026-05-16 22:00:00+05:45,6.8669,6.8542,1.6361,0.0
DHARAN-002,2026-05-16 23:00:00+05:45,3.3361,3.332,0.781,0.0
DHARAN-002,2026-05-17 00:00:00+05:45,4.145,4.1302,0.9778,0.0
DHARAN-002,2026-05-17 01:00:00+05:45,3.8551,3.8379,0.921,0.0
DHARAN-002,2026-05-17 02:00:00+05:45,3.0376,3.0282,0.714,0.0
DHARAN-002,2026-05-17 03:00:00+05:45,3.2731,3.2497,0.7728,0.0
DHARAN-002,2026-05-17 04:00:00+05:45,2.8881,2.8809,0.6805,0.0
DHARAN-002,2026-05-17 05:00:00+05:45,2.1581,2.1364,0.521,0.0
DHARAN-002,2026-05-17 06:00:00+05:45,5.5345,5.5191,1.3228,0.0
DHARAN-002,2026-05-17 07:00:00+05:45,5.5982,5.5961,1.327,0.0
DHARAN-002,2026-05-17 08:00:00+05:45,5.5154,5.5114,1.312,0.0
DHARAN-002,2026-05-17 09:00:00+05:45,4.8524,4.8373,1.1588,0.0
DHARAN-002,2026-05-17 10:00:00+05:45,3.2556,3.2454,0.7804,0.0
DHARAN-002,2026-05-17 11:00:00+05:45,3.0846,3.0596,0.7316,0.0
DHARAN-002,2026-05-17 12:00:00+05:45,2.1776,2.1635,0.5126,0.0
DHARAN-002,2026-05-17 13:00:00+05:45,3.5842,3.5752,0.8421,0.0
DHARAN-002,2026-05-17 14:00:00+05:45,3.6976,3.6815,0.8923,0.0
DHARAN-002,2026-05-17 15:00:00+05:45,3.1514,3.1443,0.7499,0.0
DHARAN-002,2026-05-17 16:00:00+05:45,3.5554,3.5482,0.8314,0.0
DHARAN-002,2026-05-17 17:00:00+05:45,3.4016,3.389,0.8018,0.0
DHARAN-002,2026-05-17 18:00:00+05:45,7.0485,7.0344,1.6823,0.0
DHARAN-002,2026-05-17 19:00:00+05:45,5.8845,5.8695,1.3999,0.0
DHARAN-002,2026-05-17 20:00:00+05:45,6.6751,6.6655,1.5954,0.0
DHARAN-002,2026-05-17 21:00:00+05:45,6.669,6.649,1.5745,0.0
DHARAN-002,2026-05-17 22:00:00+05:45,7.3333,7.3142,1.7407,0.0
DHARAN-002,2026-05-17 23:00:00+05:45,3.6737,3.6488,0.8605,0.0
DHARAN-002,2026-05-18 00:00:00+05:45,2.757,2.7399,0.6488,0.0
DHARAN-002,2026-05-18 01:00:00+05:45,3.1031,3.1004,0.7557,0.0
DHARAN-002,2026-05-18 02:00:00+05:45,3.0295,3.0173,0.7353,0.0
DHARAN-002,2026-05-18 03:00:00+05:45,3.6086,3.5929,0.8647,0.0
DHARAN-002,2026-05-18 04:00:00+05:45,2.7445,2.7254,0.6506,0.0
DHARAN-002,2026-05-18 05:00:00+05:45,2.5246,2.5197,0.6082,0.0
DHARAN-002,2026-05-18 06:00:00+05:45,5.8253,5.8107,1.3854,0.0
DHARAN-002,2026-05-18 07:00:00+05:45,5.5103,5.4926,1.3089,0.0
DHARAN-002,2026-05-18 08:00:00+05:45,5.2869,5.2723,1.2648,0.0
DHARAN-002,2026-05-18 09:00:00+05:45,5.5489,5.5369,1.3015,0.0
DHARAN-002,2026-05-18 10:00:00+05:45,3.4364,3.4102,0.8138,0.0
DHARAN-002,2026-05-18 11:00:00+05:45,2.9165,2.9027,0.6817,0.0
DHARAN-002,2026-05-18 12:00:00+05:45,4.547,4.5418,1.0792,0.0
DHARAN-002,2026-05-18 13:00:00+05:45,3.2259,3.2102,0.7553,0.0
DHARAN-002,2026-05-18 14:00:00+05:45,3.2705,3.2583,0.7718,0.0
DHARAN-002,2026-05-18 15:00:00+05:45,3.1278,3.099,0.7537,0.0
DHARAN-002,2026-05-18 16:00:00+05:45,2.6624,2.6435,0.6323,0.0
DHARAN-002,2026-05-18 17:00:00+05:45,3.2148,3.2078,0.7774,0.0
DHARAN-002,2026-05-18 18:00:00+05:45,6.6122,6.6106,1.5818,0.0
DHARAN-002,2026-05-18 19:00:00+05:45,6.5401,6.5201,1.5655,0.0
DHARAN-002,2026-05-18 20:00:00+05:45,6.2684,6.253,1.4949,0.0
DHARAN-002,2026-05-18 21:00:00+05:45,5.7732,5.7603,1.3824,0.0
DHARAN-002,2026-05-18 22:00:00+05:45,5.8318,5.8193,1.3817,0.0
DHARAN-002,2026-05-18 23:00:00+05:45,2.5189,2.5031,0.6051,0.0
DHARAN-002,2026-05-19 00:00:00+05:45,3.063,3.0434,0.7255,0.0
DHARAN-002,2026-05-19 01:00:00+05:45,4.5283,4.5264,1.0672,0.0
DHARAN-002,2026-05-19 02:00:00+05:45,3.0796,3.06,0.7358,0.0
DHARAN-002,2026-05-19 03:00:00+05:45,2.78,2.775,0.667,0.0
DHARAN-002,2026-05-19 04:00:00+05:45,2.9457,2.9332,0.7067,0.0
DHARAN-002,2026-05-19 05:00:00+05:45,2.7131,2.6943,0.6366,0.0
DHARAN-002,2026-05-19 06:00:00+05:45,4.8329,4.8304,1.1504,0.0
DHARAN-002,2026-05-19 07:00:00+05:45,6.3031,6.2886,1.4854,0.0
DHARAN-002,2026-05-19 08:00:00+05:45,5.1058,5.0944,1.222,0.0
DHARAN-002,2026-05-19 09:00:00+05:45,5.563,5.5404,1.3115,0.0
DHARAN-002,2026-05-19 10:00:00+05:45,3.768,3.7622,0.8955,0.0
DHARAN-002,2026-05-19 11:00:00+05:45,2.8861,2.8807,0.6866,0.0
DHARAN-002,2026-05-19 12:00:00+05:45,3.4572,3.4378,0.8155,0.0
DHARAN-002,2026-05-19 13:00:00+05:45,3.4518,3.4261,0.8396,0.0
DHARAN-002,2026-05-19 14:00:00+05:45,2.4757,2.4558,0.5909,0.0
DHARAN-002,2026-05-19 15:00:00+05:45,3.4014,3.3952,0.822,0.0
DHARAN-002,2026-05-19 16:00:00+05:45,3.4369,3.4308,0.8134,0.0
DHARAN-002,2026-05-19 17:00:00+05:45,3.4091,3.3891,0.8261,0.0
DHARAN-002,2026-05-19 18:00:00+05:45,5.9378,5.9235,1.413,0.0
DHARAN-002,2026-05-19 19:00:00+05:45,6.9747,6.9645,1.6583,0.0
DHARAN-002,2026-05-19 20:00:00+05:45,6.6469,6.626,1.5622,0.0
DHARAN-002,2026-05-19 21:00:00+05:45,6.3168,6.3068,1.5119,0.0
DHARAN-002,2026-05-19 22:00:00+05:45,6.6873,6.6723,1.6006,0.0
DHARAN-002,2026-05-19 23:00:00+05:45,4.0024,3.996,0.9515,0.0
DHARAN-002,2026-05-20 00:00:00+05:45,4.4399,4.4209,1.0403,0.0
DHARAN-002,2026-05-20 01:00:00+05:45,3.9041,3.8833,0.9321,0.0
DHARAN-002,2026-05-20 02:00:00+05:45,3.0041,2.9684,0.7282,0.0
DHARAN-002,2026-05-20 03:00:00+05:45,2.5748,2.5575,0.6102,0.0
DHARAN-002,2026-05-20 04:00:00+05:45,3.5283,3.5139,0.8409,0.0
DHARAN-002,2026-05-20 05:00:00+05:45,3.3608,3.3458,0.7956,0.0
DHARAN-002,2026-05-20 06:00:00+05:45,5.4748,5.4437,1.3161,0.0
DHARAN-002,2026-05-20 07:00:00+05:45,5.8404,5.8304,1.3886,0.0
DHARAN-002,2026-05-20 08:00:00+05:45,5.0906,5.0769,1.2039,0.0
DHARAN-002,2026-05-20 09:00:00+05:45,5.821,5.7936,1.3988,0.0
DHARAN-002,2026-05-20 10:00:00+05:45,3.7229,3.7041,0.8872,0.0
DHARAN-002,2026-05-20 11:00:00+05:45,3.5918,3.5634,0.8679,0.0
DHARAN-002,2026-05-20 12:00:00+05:45,3.4872,3.481,0.837,0.0
DHARAN-002,2026-05-20 13:00:00+05:45,3.7777,3.7589,0.8975,0.0
DHARAN-002,2026-05-20 14:00:00+05:45,3.2451,3.2261,0.7822,0.0
DHARAN-002,2026-05-20 15:00:00+05:45,3.1714,3.1374,0.7553,0.0
DHARAN-002,2026-05-20 16:00:00+05:45,3.7469,3.7101,0.8833,0.0
DHARAN-002,2026-05-20 17:00:00+05:45,3.4704,3.4608,0.8251,0.0
DHARAN-002,2026-05-20 18:00:00+05:45,6.07,6.0487,1.4647,0.0
DHARAN-002,2026-05-20 19:00:00+05:45,5.7776,5.7629,1.367,0.0
DHARAN-002,2026-05-20 20:00:00+05:45,6.4429,6.4168,1.5344,0.0
DHARAN-002,2026-05-20 21:00:00+05:45,6.9884,6.9806,1.6642,0.0
DHARAN-002,2026-05-20 22:00:00+05:45,6.8067,6.8041,1.6299,0.0
DHARAN-002,2026-05-20 23:00:00+05:45,3.5717,3.5599,0.8388,0.0
DHARAN-002,2026-05-21 00:00:00+05:45,3.459,3.4383,0.8275,0.0
DHARAN-002,2026-05-21 01:00:00+05:45,3.8132,3.8064,0.9104,0.0
DHARAN-002,2026-05-21 02:00:00+05:45,2.5745,2.5686,0.6042,0.0
DHARAN-002,2026-05-21 03:00:00+05:45,3.4904,3.4794,0.8236,0.0
DHARAN-002,2026-05-21 04:00:00+05:45,3.228,3.2195,0.7591,0.0
DHARAN-002,2026-05-21 05:00:00+05:45,2.8039,2.7787,0.6698,0.0
DHARAN-002,2026-05-21 06:00:00+05:45,6.3699,6.3606,1.5176,0.0
DHARAN-002,2026-05-21 07:00:00+05:45,6.0316,6.0146,1.452,0.0
DHARAN-002,2026-05-21 08:00:00+05:45,5.5917,5.5655,1.319,0.0
DHARAN-002,2026-05-21 09:00:00+05:45,5.0937,5.0833,1.2112,0.0
DHARAN-002,2026-05-21 10:00:00+05:45,3.1487,3.1363,0.7438,0.0
DHARAN-002,2026-05-21 11:00:00+05:45,3.4078,3.3807,0.8023,0.0
DHARAN-002,2026-05-21 12:00:00+05:45,3.422,3.4159,0.8136,0.0
DHARAN-002,2026-05-21 13:00:00+05:45,4.0909,4.0748,0.9693,0.0
DHARAN-002,2026-05-21 14:00:00+05:45,3.3291,3.3079,0.7892,0.0
DHARAN-002,2026-05-21 15:00:00+05:45,3.7876,3.7706,0.8865,0.0
DHARAN-002,2026-05-21 16:00:00+05:45,4.1982,4.1837,0.9895,0.0
DHARAN-002,2026-05-21 17:00:00+05:45,2.4349,2.4074,0.5789,0.0
DHARAN-002,2026-05-21 18:00:00+05:45,5.9926,5.9763,1.426,0.0
DHARAN-002,2026-05-21 19:00:00+05:45,6.8393,6.8313,1.6321,0.0
DHARAN-002,2026-05-21 20:00:00+05:45,6.6376,6.6372,1.5875,0.0
DHARAN-002,2026-05-21 21:00:00+05:45,7.3446,7.3146,1.7399,0.0
DHARAN-002,2026-05-21 22:00:00+05:45,6.8477,6.8298,1.6239,0.0
DHARAN-002,2026-05-21 23:00:00+05:45,3.1985,3.188,0.7567,0.0
DHARAN-002,2026-05-22 00:00:00+05:45,2.7196,2.6943,0.6507,0.0
DHARAN-002,2026-05-22 01:00:00+05:45,2.602,2.5823,0.6311,0.0
DHARAN-002,2026-05-22 02:00:00+05:45,3.082,3.0591,0.7292,0.0
DHARAN-002,2026-05-22 03:00:00+05:45,3.4791,3.4539,0.8344,0.0
DHARAN-002,2026-05-22 04:00:00+05:45,3.6469,3.6321,0.8681,0.0
DHARAN-002,2026-05-22 05:00:00+05:45,3.4478,3.4459,0.8239,0.0
DHARAN-002,2026-05-22 06:00:00+05:45,5.9678,5.9644,1.4143,0.0
DHARAN-002,2026-05-22 07:00:00+05:45,5.8897,5.8837,1.3856,0.0
DHARAN-002,2026-05-22 08:00:00+05:45,5.5178,5.4896,1.3155,0.0
DHARAN-002,2026-05-22 09:00:00+05:45,6.0919,6.0741,1.4588,0.0
DHARAN-002,2026-05-22 10:00:00+05:45,4.4074,4.3924,1.0553,0.0
DHARAN-002,2026-05-22 11:00:00+05:45,3.5062,3.4771,0.8406,0.0
DHARAN-002,2026-05-22 12:00:00+05:45,2.978,2.9672,0.7223,0.0
DHARAN-002,2026-05-22 13:00:00+05:45,3.569,3.5516,0.8574,0.0
DHARAN-002,2026-05-22 14:00:00+05:45,3.507,3.4965,0.8465,0.0
DHARAN-002,2026-05-22 15:00:00+05:45,3.4758,3.4651,0.8209,0.0
DHARAN-002,2026-05-22 16:00:00+05:45,3.3369,3.3161,0.7972,0.0
DHARAN-002,2026-05-22 17:00:00+05:45,3.5186,3.4998,0.8413,0.0
DHARAN-002,2026-05-22 18:00:00+05:45,6.1904,6.1716,1.4695,0.0
DHARAN-002,2026-05-22 19:00:00+05:45,7.5616,7.5477,1.8036,0.0
DHARAN-002,2026-05-22 20:00:00+05:45,6.0125,6.0011,1.4414,0.0
DHARAN-002,2026-05-22 21:00:00+05:45,6.7447,6.7274,1.5989,0.0
DHARAN-002,2026-05-22 22:00:00+05:45,6.2112,6.2035,1.4836,0.0
DHARAN-002,2026-05-22 23:00:00+05:45,2.9393,2.9135,0.7122,0.0
DHARAN-002,2026-05-23 00:00:00+05:45,4.1203,4.103,0.9995,0.0
DHARAN-002,2026-05-23 01:00:00+05:45,3.4176,3.4073,0.8117,0.0
DHARAN-002,2026-05-23 02:00:00+05:45,3.8036,3.7803,0.9017,0.0
DHARAN-002,2026-05-23 03:00:00+05:45,2.8448,2.8263,0.6905,0.0
DHARAN-002,2026-05-23 04:00:00+05:45,2.8287,2.8266,0.6634,0.0
DHARAN-002,2026-05-23 05:00:00+05:45,3.011,2.9987,0.7228,0.0
DHARAN-002,2026-05-23 06:00:00+05:45,5.7095,5.6894,1.3556,0.0
DHARAN-002,2026-05-23 07:00:00+05:45,5.9357,5.9038,1.4149,0.0
DHARAN-002,2026-05-23 08:00:00+05:45,6.2487,6.2348,1.4908,0.0
DHARAN-002,2026-05-23 09:00:00+05:45,5.4087,5.4015,1.2843,0.0
DHARAN-002,2026-05-23 10:00:00+05:45,2.7872,2.7754,0.6843,0.0
DHARAN-002,2026-05-23 11:00:00+05:45,3.8024,3.7881,0.9068,0.0
DHARAN-002,2026-05-23 12:00:00+05:45,3.3719,3.3567,0.8124,0.0
DHARAN-002,2026-05-23 13:00:00+05:45,3.7328,3.71,0.8858,0.0
DHARAN-002,2026-05-23 14:00:00+05:45,3.9354,3.9261,0.9307,0.0
DHARAN-002,2026-05-23 15:00:00+05:45,3.1756,3.1581,0.7377,0.0
DHARAN-002,2026-05-23 16:00:00+05:45,3.3286,3.3143,0.8007,0.0
DHARAN-002,2026-05-23 17:00:00+05:45,3.6334,3.6226,0.865,0.0
DHARAN-002,2026-05-23 18:00:00+05:45,6.2828,6.2625,1.4846,0.0
DHARAN-002,2026-05-23 19:00:00+05:45,6.6668,6.6613,1.5831,0.0
DHARAN-002,2026-05-23 20:00:00+05:45,6.56,6.5471,1.5517,0.0
DHARAN-002,2026-05-23 21:00:00+05:45,6.8944,6.8728,1.6363,0.0
DHARAN-002,2026-05-23 22:00:00+05:45,6.4411,6.4379,1.5252,0.0
DHARAN-002,2026-05-23 23:00:00+05:45,3.317,3.2997,0.783,0.0
DHARAN-002,2026-05-24 00:00:00+05:45,3.8177,3.8071,0.9105,0.0
DHARAN-002,2026-05-24 01:00:00+05:45,2.4348,2.4157,0.5823,0.0
DHARAN-002,2026-05-24 02:00:00+05:45,3.5994,3.575,0.8703,0.0
DHARAN-002,2026-05-24 03:00:00+05:45,2.7758,2.7654,0.6621,0.0
DHARAN-002,2026-05-24 04:00:00+05:45,3.4859,3.4654,0.8291,0.0
DHARAN-002,2026-05-24 05:00:00+05:45,4.217,4.2066,1.0003,0.0
DHARAN-002,2026-05-24 06:00:00+05:45,5.8722,5.852,1.3796,0.0
DHARAN-002,2026-05-24 07:00:00+05:45,5.9749,5.9569,1.4378,0.0
DHARAN-002,2026-05-24 08:00:00+05:45,5.3998,5.385,1.2921,0.0
DHARAN-002,2026-05-24 09:00:00+05:45,5.5918,5.5753,1.3373,0.0
DHARAN-002,2026-05-24 10:00:00+05:45,3.2125,3.1956,0.7582,0.0
DHARAN-002,2026-05-24 11:00:00+05:45,3.5004,3.481,0.8241,0.0
DHARAN-002,2026-05-24 12:00:00+05:45,3.1853,3.1661,0.7783,0.0
DHARAN-002,2026-05-24 13:00:00+05:45,2.8087,2.7908,0.6696,0.0
DHARAN-002,2026-05-24 14:00:00+05:45,4.0173,4.0097,0.939,0.0
DHARAN-002,2026-05-24 15:00:00+05:45,2.6216,2.6047,0.6211,0.0
DHARAN-002,2026-05-24 16:00:00+05:45,2.6654,2.6456,0.6348,0.0
DHARAN-002,2026-05-24 17:00:00+05:45,2.612,2.6022,0.6314,0.0
DHARAN-002,2026-05-24 18:00:00+05:45,6.3008,6.2884,1.4936,0.0
DHARAN-002,2026-05-24 19:00:00+05:45,6.4977,6.4904,1.5257,0.0
DHARAN-002,2026-05-24 20:00:00+05:45,6.078,6.0551,1.4407,0.0
DHARAN-002,2026-05-24 21:00:00+05:45,6.6614,6.6439,1.5688,0.0
DHARAN-002,2026-05-24 22:00:00+05:45,5.3879,5.3775,1.2819,0.0
DHARAN-002,2026-05-24 23:00:00+05:45,4.0078,4.0055,0.9451,0.0
DHARAN-002,2026-05-25 00:00:00+05:45,3.9899,3.9775,0.941,0.0
DHARAN-002,2026-05-25 01:00:00+05:45,3.288,3.2872,0.7696,0.0
DHARAN-002,2026-05-25 02:00:00+05:45,3.54,3.5257,0.8324,0.0
DHARAN-002,2026-05-25 03:00:00+05:45,3.6025,3.5937,0.8567,0.0
DHARAN-002,2026-05-25 04:00:00+05:45,2.8925,2.8826,0.6819,0.0
DHARAN-002,2026-05-25 05:00:00+05:45,2.5083,2.4974,0.5961,0.0
DHARAN-002,2026-05-25 06:00:00+05:45,4.9606,4.9394,1.1804,0.0
DHARAN-002,2026-05-25 07:00:00+05:45,5.5296,5.5107,1.3267,0.0
DHARAN-002,2026-05-25 08:00:00+05:45,6.1723,6.1458,1.4485,0.0
DHARAN-002,2026-05-25 09:00:00+05:45,5.0897,5.0726,1.2037,0.0
DHARAN-002,2026-05-25 10:00:00+05:45,2.7025,2.6721,0.6407,0.0
DHARAN-002,2026-05-25 11:00:00+05:45,3.834,3.8189,0.9225,0.0
DHARAN-002,2026-05-25 12:00:00+05:45,3.4504,3.449,0.838,0.0
DHARAN-002,2026-05-25 13:00:00+05:45,3.3564,3.3561,0.7976,0.0
DHARAN-002,2026-05-25 14:00:00+05:45,3.5108,3.4976,0.8256,0.0
DHARAN-002,2026-05-25 15:00:00+05:45,3.3248,3.3063,0.7862,0.0
DHARAN-002,2026-05-25 16:00:00+05:45,2.3946,2.3828,0.5788,0.0
DHARAN-002,2026-05-25 17:00:00+05:45,2.8966,2.8765,0.6757,0.0
DHARAN-002,2026-05-25 18:00:00+05:45,5.8121,5.7881,1.3859,0.0
DHARAN-002,2026-05-25 19:00:00+05:45,6.0884,6.0623,1.4415,0.0
DHARAN-002,2026-05-25 20:00:00+05:45,7.0002,6.9752,1.665,0.0
DHARAN-002,2026-05-25 21:00:00+05:45,6.2162,6.1993,1.4564,0.0
DHARAN-002,2026-05-25 22:00:00+05:45,6.9435,6.9245,1.6567,0.0
DHARAN-002,2026-05-25 23:00:00+05:45,3.5086,3.5012,0.8442,0.0
DHARAN-002,2026-05-26 00:00:00+05:45,3.2129,3.2126,0.7545,0.0
DHARAN-002,2026-05-26 01:00:00+05:45,3.1413,3.1362,0.7355,0.0
DHARAN-002,2026-05-26 02:00:00+05:45,3.8587,3.851,0.9295,0.0
DHARAN-002,2026-05-26 03:00:00+05:45,3.2725,3.2627,0.7613,0.0
DHARAN-002,2026-05-26 04:00:00+05:45,2.3423,2.3199,0.571,0.0
DHARAN-002,2026-05-26 05:00:00+05:45,2.6365,2.621,0.6164,0.0
DHARAN-002,2026-05-26 06:00:00+05:45,5.5577,5.5491,1.3204,0.0
DHARAN-002,2026-05-26 07:00:00+05:45,5.5838,5.558,1.3408,0.0
DHARAN-002,2026-05-26 08:00:00+05:45,5.0619,5.0551,1.201,0.0
DHARAN-002,2026-05-26 09:00:00+05:45,5.2784,5.2395,1.2603,0.0
DHARAN-002,2026-05-26 10:00:00+05:45,3.2317,3.2202,0.7773,0.0
DHARAN-002,2026-05-26 11:00:00+05:45,2.5069,2.4771,0.5984,0.0
DHARAN-002,2026-05-26 12:00:00+05:45,3.4773,3.4696,0.8193,0.0
DHARAN-002,2026-05-26 13:00:00+05:45,3.1775,3.1683,0.7546,0.0
DHARAN-002,2026-05-26 14:00:00+05:45,3.498,3.4787,0.827,0.0
DHARAN-002,2026-05-26 15:00:00+05:45,3.2393,3.2264,0.7609,0.0
DHARAN-002,2026-05-26 16:00:00+05:45,3.1537,3.1475,0.7371,0.0
DHARAN-002,2026-05-26 17:00:00+05:45,2.3788,2.3607,0.5746,0.0
DHARAN-002,2026-05-26 18:00:00+05:45,7.0005,6.971,1.6731,0.0
DHARAN-002,2026-05-26 19:00:00+05:45,6.3891,6.3809,1.5223,0.0
DHARAN-002,2026-05-26 20:00:00+05:45,7.3575,7.3531,1.7532,0.0
DHARAN-002,2026-05-26 21:00:00+05:45,7.6344,7.613,1.814,0.0
DHARAN-002,2026-05-26 22:00:00+05:45,7.2521,7.2293,1.7208,0.0
DHARAN-002,2026-05-26 23:00:00+05:45,3.3285,3.3138,0.7855,0.0
DHARAN-002,2026-05-27 00:00:00+05:45,3.2664,3.2546,0.7766,0.0
DHARAN-002,2026-05-27 01:00:00+05:45,3.5461,3.5245,0.8395,0.0
DHARAN-002,2026-05-27 02:00:00+05:45,3.6742,3.6507,0.8558,0.0
DHARAN-002,2026-05-27 03:00:00+05:45,3.1855,3.1592,0.7541,0.0
DHARAN-002,2026-05-27 04:00:00+05:45,2.8736,2.8648,0.665,0.0
DHARAN-002,2026-05-27 05:00:00+05:45,3.7258,3.7112,0.887,0.0
DHARAN-002,2026-05-27 06:00:00+05:45,4.9417,4.937,1.168,0.0
DHARAN-002,2026-05-27 07:00:00+05:45,4.8813,4.852,1.1512,0.0
DHARAN-002,2026-05-27 08:00:00+05:45,5.2659,5.2445,1.2442,0.0
DHARAN-002,2026-05-27 09:00:00+05:45,5.5694,5.5557,1.3133,0.0
DHARAN-002,2026-05-27 10:00:00+05:45,3.4825,3.4772,0.8411,0.0
DHARAN-002,2026-05-27 11:00:00+05:45,3.883,3.8692,0.9193,0.0
DHARAN-002,2026-05-27 12:00:00+05:45,4.3092,4.2907,1.0079,0.0
DHARAN-002,2026-05-27 13:00:00+05:45,2.5337,2.5253,0.6043,0.0
DHARAN-002,2026-05-27 14:00:00+05:45,3.2795,3.274,0.7897,0.0
DHARAN-002,2026-05-27 15:00:00+05:45,2.1381,2.1347,0.5075,0.0
DHARAN-002,2026-05-27 16:00:00+05:45,3.1382,3.129,0.7406,0.0
DHARAN-002,2026-05-27 17:00:00+05:45,2.7223,2.714,0.6488,0.0
DHARAN-002,2026-05-27 18:00:00+05:45,6.4323,6.4181,1.5413,0.0
DHARAN-002,2026-05-27 19:00:00+05:45,6.205,6.1769,1.4775,0.0
DHARAN-002,2026-05-27 20:00:00+05:45,6.5009,6.4909,1.543,0.0
DHARAN-002,2026-05-27 21:00:00+05:45,6.4815,6.4663,1.5458,0.0
DHARAN-002,2026-05-27 22:00:00+05:45,6.6871,6.6753,1.5969,0.0
DHARAN-002,2026-05-27 23:00:00+05:45,3.0064,2.99,0.7206,0.0
DHARAN-002,2026-05-28 00:00:00+05:45,3.1483,3.1118,0.7353,0.0
DHARAN-002,2026-05-28 01:00:00+05:45,2.9973,2.974,0.7108,0.0
DHARAN-002,2026-05-28 02:00:00+05:45,3.0981,3.0692,0.7471,0.0
DHARAN-002,2026-05-28 03:00:00+05:45,3.6304,3.6038,0.8613,0.0
DHARAN-002,2026-05-28 04:00:00+05:45,3.6581,3.6509,0.8714,0.0
DHARAN-002,2026-05-28 05:00:00+05:45,3.0714,3.0509,0.7198,0.0
DHARAN-002,2026-05-28 06:00:00+05:45,5.5386,5.5249,1.3019,0.0
DHARAN-002,2026-05-28 07:00:00+05:45,6.0686,6.0381,1.4428,0.0
DHARAN-002,2026-05-28 08:00:00+05:45,5.9434,5.9299,1.4147,0.0
DHARAN-002,2026-05-28 09:00:00+05:45,5.5253,5.5212,1.3225,0.0
DHARAN-002,2026-05-28 10:00:00+05:45,3.4061,3.3954,0.816,0.0
DHARAN-002,2026-05-28 11:00:00+05:45,3.2291,3.2141,0.7683,0.0
DHARAN-002,2026-05-28 12:00:00+05:45,4.1744,4.1425,0.9876,0.0
DHARAN-002,2026-05-28 13:00:00+05:45,3.0819,3.07,0.7263,0.0
DHARAN-002,2026-05-28 14:00:00+05:45,3.0748,3.066,0.7117,0.0
DHARAN-002,2026-05-28 15:00:00+05:45,2.1187,2.1176,0.5112,0.0
DHARAN-002,2026-05-28 16:00:00+05:45,2.758,2.7427,0.6648,0.0
DHARAN-002,2026-05-28 17:00:00+05:45,2.2866,2.2866,0.533,0.0
DHARAN-002,2026-05-28 18:00:00+05:45,6.3027,6.2811,1.5037,0.0
DHARAN-002,2026-05-28 19:00:00+05:45,6.6047,6.5926,1.5612,0.0
DHARAN-002,2026-05-28 20:00:00+05:45,6.1623,6.1391,1.4633,0.0
DHARAN-002,2026-05-28 21:00:00+05:45,6.8087,6.7919,1.6181,0.0
DHARAN-002,2026-05-28 22:00:00+05:45,6.3781,6.3468,1.5147,0.0
DHARAN-002,2026-05-28 23:00:00+05:45,3.135,3.1235,0.7499,0.0
DHARAN-002,2026-05-29 00:00:00+05:45,3.3832,3.3693,0.8257,0.0
DHARAN-002,2026-05-29 01:00:00+05:45,3.6946,3.6781,0.8847,0.0
DHARAN-002,2026-05-29 02:00:00+05:45,4.3482,4.3453,1.0321,0.0
DHARAN-002,2026-05-29 03:00:00+05:45,2.5512,2.5426,0.6098,0.0
DHARAN-002,2026-05-29 04:00:00+05:45,3.3121,3.2878,0.7914,0.0
DHARAN-002,2026-05-29 05:00:00+05:45,2.7135,2.6967,0.648,0.0
DHARAN-002,2026-05-29 06:00:00+05:45,5.7399,5.7356,1.3652,0.0
DHARAN-002,2026-05-29 07:00:00+05:45,5.598,5.5761,1.3343,0.0
DHARAN-002,2026-05-29 08:00:00+05:45,5.9361,5.9186,1.4111,0.0
DHARAN-002,2026-05-29 09:00:00+05:45,6.2897,6.2725,1.4866,0.0
DHARAN-002,2026-05-29 10:00:00+05:45,4.328,4.3224,1.0365,0.0
DHARAN-002,2026-05-29 11:00:00+05:45,3.2514,3.2467,0.7777,0.0
DHARAN-002,2026-05-29 12:00:00+05:45,2.9567,2.9422,0.7007,0.0
DHARAN-002,2026-05-29 13:00:00+05:45,2.8822,2.8662,0.6858,0.0
DHARAN-002,2026-05-29 14:00:00+05:45,3.6065,3.5845,0.8648,0.0
DHARAN-002,2026-05-29 15:00:00+05:45,2.702,2.6734,0.6481,0.0
DHARAN-002,2026-05-29 16:00:00+05:45,2.7294,2.7244,0.6561,0.0
DHARAN-002,2026-05-29 17:00:00+05:45,2.8604,2.8397,0.6797,0.0
DHARAN-002,2026-05-29 18:00:00+05:45,6.3576,6.3526,1.5168,0.0
DHARAN-002,2026-05-29 19:00:00+05:45,5.9517,5.9308,1.4318,0.0
DHARAN-002,2026-05-29 20:00:00+05:45,6.7847,6.7661,1.6158,0.0
DHARAN-002,2026-05-29 21:00:00+05:45,6.8257,6.7995,1.6242,0.0
DHARAN-002,2026-05-29 22:00:00+05:45,5.8501,5.8388,1.3962,0.0
DHARAN-002,2026-05-29 23:00:00+05:45,3.5406,3.5141,0.8567,0.0
DHARAN-002,2026-05-30 00:00:00+05:45,3.6249,3.6103,0.8464,0.0
DHARAN-002,2026-05-30 01:00:00+05:45,3.0207,2.9975,0.713,0.0
DHARAN-002,2026-05-30 02:00:00+05:45,2.8318,2.8314,0.6933,0.0
DHARAN-002,2026-05-30 03:00:00+05:45,3.4651,3.4606,0.8104,0.0
DHARAN-002,2026-05-30 04:00:00+05:45,3.1206,3.0902,0.7463,0.0
DHARAN-002,2026-05-30 05:00:00+05:45,4.4272,4.405,1.05,0.0
DHARAN-002,2026-05-30 06:00:00+05:45,5.9494,5.9288,1.4287,0.0
DHARAN-002,2026-05-30 07:00:00+05:45,5.0413,5.0172,1.2019,0.0
DHARAN-002,2026-05-30 08:00:00+05:45,5.647,5.6216,1.334,0.0
DHARAN-002,2026-05-30 09:00:00+05:45,4.5895,4.5652,1.1135,0.0
DHARAN-002,2026-05-30 10:00:00+05:45,3.8881,3.8699,0.9233,0.0
DHARAN-002,2026-05-30 11:00:00+05:45,3.7569,3.7443,0.8862,0.0
DHARAN-002,2026-05-30 12:00:00+05:45,3.7397,3.7227,0.8937,0.0
DHARAN-002,2026-05-30 13:00:00+05:45,3.3382,3.3292,0.803,0.0
DHARAN-002,2026-05-30 14:00:00+05:45,4.3621,4.3442,1.0471,0.0
DHARAN-002,2026-05-30 15:00:00+05:45,3.5619,3.5415,0.8486,0.0
DHARAN-002,2026-05-30 16:00:00+05:45,3.4028,3.3835,0.8185,0.0
DHARAN-002,2026-05-30 17:00:00+05:45,3.0669,3.0485,0.7136,0.0
DHARAN-002,2026-05-30 18:00:00+05:45,6.0408,6.0332,1.435,0.0
DHARAN-002,2026-05-30 19:00:00+05:45,6.5009,6.4925,1.55,0.0
DHARAN-002,2026-05-30 20:00:00+05:45,6.0543,6.0386,1.4183,0.0
DHARAN-002,2026-05-30 21:00:00+05:45,6.1382,6.1194,1.4672,0.0
DHARAN-002,2026-05-30 22:00:00+05:45,6.0144,5.9997,1.4424,0.0
DHARAN-002,2026-05-30 23:00:00+05:45,3.235,3.2271,0.7742,0.0
DHARAN-002,2026-05-31 00:00:00+05:45,3.056,3.0458,0.7321,0.0
DHARAN-002,2026-05-31 01:00:00+05:45,3.5002,3.4746,0.8122,0.0
DHARAN-002,2026-05-31 02:00:00+05:45,4.2278,4.1994,1.012,0.0
DHARAN-002,2026-05-31 03:00:00+05:45,3.4258,3.4071,0.8063,0.0
DHARAN-002,2026-05-31 04:00:00+05:45,3.1276,3.1087,0.7378,0.0
DHARAN-002,2026-05-31 05:00:00+05:45,2.3757,2.3537,0.5668,0.0
DHARAN-002,2026-05-31 06:00:00+05:45,5.7207,5.7117,1.3576,0.0
DHARAN-002,2026-05-31 07:00:00+05:45,5.6873,5.674,1.355,0.0
DHARAN-002,2026-05-31 08:00:00+05:45,5.2563,5.2385,1.2428,0.0
DHARAN-002,2026-05-31 09:00:00+05:45,5.7673,5.7486,1.3536,0.0
DHARAN-002,2026-05-31 10:00:00+05:45,3.8878,3.8756,0.9231,0.0
DHARAN-002,2026-05-31 11:00:00+05:45,2.7477,2.7413,0.6519,0.0
DHARAN-002,2026-05-31 12:00:00+05:45,3.4217,3.4085,0.8117,0.0
DHARAN-002,2026-05-31 13:00:00+05:45,3.1752,3.1491,0.7679,0.0
DHARAN-002,2026-05-31 14:00:00+05:45,3.0629,3.0436,0.7385,0.0
DHARAN-002,2026-05-31 15:00:00+05:45,3.3133,3.302,0.7923,0.0
DHARAN-002,2026-05-31 16:00:00+05:45,3.3228,3.304,0.7783,0.0
DHARAN-002,2026-05-31 17:00:00+05:45,3.2886,3.2733,0.7749,0.0
DHARAN-002,2026-05-31 18:00:00+05:45,6.5884,6.5687,1.5672,0.0
DHARAN-002,2026-05-31 19:00:00+05:45,6.1106,6.0883,1.4658,0.0
DHARAN-002,2026-05-31 20:00:00+05:45,7.0948,7.0784,1.6996,0.0
DHARAN-002,2026-05-31 21:00:00+05:45,6.1891,6.1721,1.4652,0.0
DHARAN-002,2026-05-31 22:00:00+05:45,8.045,8.0177,1.9183,0.0
DHARAN-002,2026-05-31 23:00:00+05:45,4.117,4.1017,0.9752,0.0
DHARAN-002,2026-06-01 00:00:00+05:45,3.32,3.2959,0.7904,0.0
DHARAN-002,2026-06-01 01:00:00+05:45,2.8256,2.8128,0.6743,0.0
DHARAN-002,2026-06-01 02:00:00+05:45,2.4362,2.4127,0.5719,0.0
DHARAN-002,2026-06-01 03:00:00+05:45,2.9934,2.991,0.7029,0.0
DHARAN-002,2026-06-01 04:00:00+05:45,3.2788,3.2631,0.7819,0.0
DHARAN-002,2026-06-01 05:00:00+05:45,3.3103,3.2984,0.7889,0.0
DHARAN-002,2026-06-01 06:00:00+05:45,5.5618,5.5514,1.3113,0.0
DHARAN-002,2026-06-01 07:00:00+05:45,6.6733,6.6564,1.5949,0.0
DHARAN-002,2026-06-01 08:00:00+05:45,5.8383,5.8122,1.3928,0.0
DHARAN-002,2026-06-01 09:00:00+05:45,5.8287,5.8027,1.3897,0.0
DHARAN-002,2026-06-01 10:00:00+05:45,2.7374,2.7179,0.6571,0.0
DHARAN-002,2026-06-01 11:00:00+05:45,3.6886,3.6747,0.8752,0.0
DHARAN-002,2026-06-01 12:00:00+05:45,3.1903,3.1734,0.7488,0.0
DHARAN-002,2026-06-01 13:00:00+05:45,2.795,2.7679,0.6743,0.0
DHARAN-002,2026-06-01 14:00:00+05:45,2.9205,2.8946,0.6927,0.0
DHARAN-002,2026-06-01 15:00:00+05:45,3.5147,3.5078,0.8441,0.0
DHARAN-002,2026-06-01 16:00:00+05:45,4.1726,4.162,1.0034,0.0
DHARAN-002,2026-06-01 17:00:00+05:45,3.4508,3.4312,0.8237,0.0
DHARAN-002,2026-06-01 18:00:00+05:45,5.6318,5.6114,1.3429,0.0
DHARAN-002,2026-06-01 19:00:00+05:45,6.7004,6.6935,1.6008,0.0
DHARAN-002,2026-06-01 20:00:00+05:45,6.4352,6.4099,1.5447,0.0
DHARAN-002,2026-06-01 21:00:00+05:45,6.4315,6.4249,1.5379,0.0
DHARAN-002,2026-06-01 22:00:00+05:45,5.9985,5.9795,1.4431,0.0
DHARAN-002,2026-06-01 23:00:00+05:45,2.8832,2.8639,0.6827,0.0
DHARAN-002,2026-06-02 00:00:00+05:45,3.7687,3.7447,0.8949,0.0
DHARAN-002,2026-06-02 01:00:00+05:45,3.9807,3.9632,0.9453,0.0
DHARAN-002,2026-06-02 02:00:00+05:45,2.9513,2.9261,0.7121,0.0
DHARAN-002,2026-06-02 03:00:00+05:45,3.6046,3.5943,0.8517,0.0
DHARAN-002,2026-06-02 04:00:00+05:45,4.0811,4.0725,0.9739,0.0
DHARAN-002,2026-06-02 05:00:00+05:45,3.0455,3.0394,0.7102,0.0
DHARAN-002,2026-06-02 06:00:00+05:45,5.2994,5.2769,1.2342,0.0
DHARAN-002,2026-06-02 07:00:00+05:45,5.1493,5.1477,1.2363,0.0
DHARAN-002,2026-06-02 08:00:00+05:45,5.6401,5.613,1.336,0.0
DHARAN-002,2026-06-02 09:00:00+05:45,4.5545,4.5404,1.097,0.0
DHARAN-002,2026-06-02 10:00:00+05:45,4.7122,4.6942,1.1135,0.0
DHARAN-002,2026-06-02 11:00:00+05:45,2.5696,2.5543,0.632,0.0
DHARAN-002,2026-06-02 12:00:00+05:45,3.211,3.199,0.7671,0.0
DHARAN-002,2026-06-02 13:00:00+05:45,2.8555,2.8294,0.6892,0.0
DHARAN-002,2026-06-02 14:00:00+05:45,2.8139,2.7993,0.6726,0.0
DHARAN-002,2026-06-02 15:00:00+05:45,3.5937,3.5709,0.8638,0.0
DHARAN-002,2026-06-02 16:00:00+05:45,2.9732,2.945,0.7094,0.0
DHARAN-002,2026-06-02 17:00:00+05:45,2.8121,2.7891,0.6627,0.0
DHARAN-002,2026-06-02 18:00:00+05:45,6.5315,6.4995,1.5562,0.0
DHARAN-002,2026-06-02 19:00:00+05:45,6.3812,6.3689,1.5174,0.0
DHARAN-002,2026-06-02 20:00:00+05:45,6.4947,6.4819,1.5372,0.0
DHARAN-002,2026-06-02 21:00:00+05:45,5.3379,5.3315,1.266,0.0
DHARAN-002,2026-06-02 22:00:00+05:45,6.7539,6.7313,1.6081,0.0
DHARAN-002,2026-06-02 23:00:00+05:45,2.7724,2.7601,0.6652,0.0
DHARAN-002,2026-06-03 00:00:00+05:45,2.5692,2.5672,0.6011,0.0
DHARAN-002,2026-06-03 01:00:00+05:45,3.8418,3.8284,0.9107,0.0
DHARAN-002,2026-06-03 02:00:00+05:45,3.4584,3.4467,0.8204,0.0
DHARAN-002,2026-06-03 03:00:00+05:45,3.4513,3.4439,0.8148,0.0
DHARAN-002,2026-06-03 04:00:00+05:45,3.3412,3.3408,0.8205,0.0
DHARAN-002,2026-06-03 05:00:00+05:45,3.5396,3.5314,0.8467,0.0
DHARAN-002,2026-06-03 06:00:00+05:45,5.5195,5.5124,1.3179,0.0
DHARAN-002,2026-06-03 07:00:00+05:45,4.6573,4.6363,1.1276,0.0
DHARAN-002,2026-06-03 08:00:00+05:45,5.3879,5.3764,1.2736,0.0
DHARAN-002,2026-06-03 09:00:00+05:45,5.7359,5.7206,1.3669,0.0
DHARAN-002,2026-06-03 10:00:00+05:45,3.3009,3.2957,0.7902,0.0
DHARAN-002,2026-06-03 11:00:00+05:45,3.7217,3.6934,0.8709,0.0
DHARAN-002,2026-06-03 12:00:00+05:45,2.9636,2.9531,0.7126,0.0
DHARAN-002,2026-06-03 13:00:00+05:45,3.1811,3.1741,0.7579,0.0
DHARAN-002,2026-06-03 14:00:00+05:45,2.528,2.5148,0.6014,0.0
DHARAN-002,2026-06-03 15:00:00+05:45,3.1833,3.162,0.7669,0.0
DHARAN-002,2026-06-03 16:00:00+05:45,3.8427,3.8304,0.9047,0.0
DHARAN-002,2026-06-03 17:00:00+05:45,2.6671,2.6498,0.6428,0.0
DHARAN-002,2026-06-03 18:00:00+05:45,5.6062,5.5939,1.3215,0.0
DHARAN-002,2026-06-03 19:00:00+05:45,6.5608,6.5532,1.5791,0.0
DHARAN-002,2026-06-03 20:00:00+05:45,5.4604,5.4467,1.2904,0.0
DHARAN-002,2026-06-03 21:00:00+05:45,6.6705,6.6517,1.5876,0.0
DHARAN-002,2026-06-03 22:00:00+05:45,6.2018,6.1875,1.4786,0.0
DHARAN-002,2026-06-03 23:00:00+05:45,3.4935,3.456,0.8277,0.0
DHARAN-002,2026-06-04 00:00:00+05:45,4.0482,4.0343,0.9808,0.0
DHARAN-002,2026-06-04 01:00:00+05:45,3.1184,3.106,0.7303,0.0
DHARAN-002,2026-06-04 02:00:00+05:45,3.4123,3.4094,0.8347,0.0
DHARAN-002,2026-06-04 03:00:00+05:45,4.3283,4.3213,1.0301,0.0
DHARAN-002,2026-06-04 04:00:00+05:45,3.3521,3.3394,0.8081,0.0
DHARAN-002,2026-06-04 05:00:00+05:45,2.5081,2.4965,0.6047,0.0
DHARAN-002,2026-06-04 06:00:00+05:45,6.1455,6.1253,1.4588,0.0
DHARAN-002,2026-06-04 07:00:00+05:45,5.582,5.574,1.3212,0.0
DHARAN-002,2026-06-04 08:00:00+05:45,5.2091,5.1963,1.2364,0.0
DHARAN-002,2026-06-04 09:00:00+05:45,5.5485,5.5235,1.3226,0.0
DHARAN-002,2026-06-04 10:00:00+05:45,3.9048,3.9038,0.9357,0.0
DHARAN-002,2026-06-04 11:00:00+05:45,2.8773,2.8557,0.6936,0.0
DHARAN-002,2026-06-04 12:00:00+05:45,3.6945,3.6855,0.8895,0.0
DHARAN-002,2026-06-04 13:00:00+05:45,2.5318,2.5171,0.6015,0.0
DHARAN-002,2026-06-04 14:00:00+05:45,3.6894,3.6695,0.8737,0.0
DHARAN-002,2026-06-04 15:00:00+05:45,2.4696,2.447,0.594,0.0
DHARAN-002,2026-06-04 16:00:00+05:45,2.9353,2.9138,0.7144,0.0
DHARAN-002,2026-06-04 17:00:00+05:45,3.0234,3.0085,0.7097,0.0
DHARAN-002,2026-06-04 18:00:00+05:45,6.2948,6.2902,1.4858,0.0
DHARAN-002,2026-06-04 19:00:00+05:45,7.0773,7.061,1.6912,0.0
DHARAN-002,2026-06-04 20:00:00+05:45,6.4495,6.4406,1.5397,0.0
DHARAN-002,2026-06-04 21:00:00+05:45,6.153,6.1223,1.4747,0.0
DHARAN-002,2026-06-04 22:00:00+05:45,6.1839,6.1607,1.4613,0.0
DHARAN-002,2026-06-04 23:00:00+05:45,3.4493,3.4327,0.8226,0.0
DHARAN-002,2026-06-05 00:00:00+05:45,3.5642,3.5617,0.8477,0.0
DHARAN-002,2026-06-05 01:00:00+05:45,2.4157,2.4097,0.5608,0.0
DHARAN-002,2026-06-05 02:00:00+05:45,3.361,3.3447,0.8025,0.0
DHARAN-002,2026-06-05 03:00:00+05:45,2.7113,2.6946,0.6422,0.0
DHARAN-002,2026-06-05 04:00:00+05:45,4.6685,4.6428,1.1103,0.0
DHARAN-002,2026-06-05 05:00:00+05:45,2.5573,2.5405,0.5992,0.0
DHARAN-002,2026-06-05 06:00:00+05:45,5.7094,5.6807,1.3567,0.0
DHARAN-002,2026-06-05 07:00:00+05:45,5.6593,5.6492,1.3549,0.0
DHARAN-002,2026-06-05 08:00:00+05:45,5.9918,5.989,1.4224,0.0
DHARAN-002,2026-06-05 09:00:00+05:45,5.7781,5.7596,1.3861,0.0
DHARAN-002,2026-06-05 10:00:00+05:45,2.8545,2.8439,0.6823,0.0
DHARAN-002,2026-06-05 11:00:00+05:45,4.0534,4.0283,0.9613,0.0
DHARAN-002,2026-06-05 12:00:00+05:45,4.7329,4.7058,1.1264,0.0
DHARAN-002,2026-06-05 13:00:00+05:45,2.9695,2.9609,0.6951,0.0
DHARAN-002,2026-06-05 14:00:00+05:45,3.284,3.2634,0.7768,0.0
DHARAN-002,2026-06-05 15:00:00+05:45,2.5958,2.5759,0.6263,0.0
DHARAN-002,2026-06-05 16:00:00+05:45,3.0306,3.0161,0.7349,0.0
DHARAN-002,2026-06-05 17:00:00+05:45,3.2189,3.1997,0.7647,0.0
DHARAN-002,2026-06-05 18:00:00+05:45,6.584,6.5723,1.5749,0.0
DHARAN-002,2026-06-05 19:00:00+05:45,6.8259,6.814,1.6304,0.0
DHARAN-002,2026-06-05 20:00:00+05:45,5.6207,5.6029,1.3385,0.0
DHARAN-002,2026-06-05 21:00:00+05:45,5.3416,5.3379,1.282,0.0
DHARAN-002,2026-06-05 22:00:00+05:45,6.7008,6.6865,1.6137,0.0
DHARAN-002,2026-06-05 23:00:00+05:45,3.6411,3.6296,0.8651,0.0
DHARAN-002,2026-06-06 00:00:00+05:45,3.4879,3.4738,0.8206,0.0
DHARAN-002,2026-06-06 01:00:00+05:45,2.1893,2.1711,0.5103,0.0
DHARAN-002,2026-06-06 02:00:00+05:45,3.1759,3.1633,0.775,0.0
DHARAN-002,2026-06-06 03:00:00+05:45,2.7819,2.768,0.6739,0.0
DHARAN-002,2026-06-06 04:00:00+05:45,2.9829,2.962,0.7147,0.0
DHARAN-002,2026-06-06 05:00:00+05:45,3.3808,3.3708,0.8097,0.0
DHARAN-002,2026-06-06 06:00:00+05:45,5.3229,5.3032,1.2697,0.0
DHARAN-002,2026-06-06 07:00:00+05:45,5.0949,5.0753,1.1992,0.0
DHARAN-002,2026-06-06 08:00:00+05:45,4.1856,4.1622,0.9957,0.0
DHARAN-002,2026-06-06 09:00:00+05:45,5.7415,5.727,1.3709,0.0
DHARAN-002,2026-06-06 10:00:00+05:45,3.3925,3.3888,0.8004,0.0
DHARAN-002,2026-06-06 11:00:00+05:45,3.0324,3.0172,0.7064,0.0
DHARAN-002,2026-06-06 12:00:00+05:45,4.1613,4.1502,0.9623,0.0
DHARAN-002,2026-06-06 13:00:00+05:45,2.6577,2.634,0.6353,0.0
DHARAN-002,2026-06-06 14:00:00+05:45,3.9871,3.9724,0.9277,0.0
DHARAN-002,2026-06-06 15:00:00+05:45,3.4893,3.4843,0.8376,0.0
DHARAN-002,2026-06-06 16:00:00+05:45,3.2057,3.1855,0.7742,0.0
DHARAN-002,2026-06-06 17:00:00+05:45,2.294,2.2769,0.5532,0.0
DHARAN-002,2026-06-06 18:00:00+05:45,6.5658,6.5358,1.5637,0.0
DHARAN-002,2026-06-06 19:00:00+05:45,7.1436,7.1158,1.7074,0.0
DHARAN-002,2026-06-06 20:00:00+05:45,7.2632,7.2478,1.7305,0.0
DHARAN-002,2026-06-06 21:00:00+05:45,6.3286,6.318,1.513,0.0
DHARAN-002,2026-06-06 22:00:00+05:45,7.0624,7.0519,1.6774,0.0
DHARAN-002,2026-06-06 23:00:00+05:45,2.7748,2.7611,0.6679,0.0
DHARAN-002,2026-06-07 00:00:00+05:45,3.6976,3.6754,0.8886,0.0
DHARAN-002,2026-06-07 01:00:00+05:45,3.3768,3.3536,0.8026,0.0
DHARAN-002,2026-06-07 02:00:00+05:45,3.6407,3.6343,0.8802,0.0
DHARAN-002,2026-06-07 03:00:00+05:45,3.1704,3.1444,0.7515,0.0
DHARAN-002,2026-06-07 04:00:00+05:45,3.3727,3.3634,0.7868,0.0
DHARAN-002,2026-06-07 05:00:00+05:45,2.9886,2.9802,0.7145,0.0
DHARAN-002,2026-06-07 06:00:00+05:45,6.0356,6.0246,1.4634,0.0
DHARAN-002,2026-06-07 07:00:00+05:45,6.1283,6.1047,1.4621,0.0
DHARAN-002,2026-06-07 08:00:00+05:45,6.6729,6.6486,1.588,0.0
DHARAN-002,2026-06-07 09:00:00+05:45,6.7974,6.7828,1.6146,0.0
DHARAN-002,2026-06-07 10:00:00+05:45,3.774,3.7593,0.8873,0.0
DHARAN-002,2026-06-07 11:00:00+05:45,3.0966,3.0838,0.7209,0.0
DHARAN-002,2026-06-07 12:00:00+05:45,3.884,3.8543,0.9222,0.0
DHARAN-002,2026-06-07 13:00:00+05:45,2.8098,2.788,0.6771,0.0
DHARAN-002,2026-06-07 14:00:00+05:45,2.7068,2.6794,0.6434,0.0
DHARAN-002,2026-06-07 15:00:00+05:45,2.3883,2.3636,0.5648,0.0
DHARAN-002,2026-06-07 16:00:00+05:45,3.2217,3.2088,0.7759,0.0
DHARAN-002,2026-06-07 17:00:00+05:45,2.852,2.8392,0.6784,0.0
DHARAN-002,2026-06-07 18:00:00+05:45,6.14,6.1123,1.4575,0.0
DHARAN-002,2026-06-07 19:00:00+05:45,6.599,6.5713,1.5584,0.0
DHARAN-002,2026-06-07 20:00:00+05:45,6.0953,6.0837,1.4487,0.0
DHARAN-002,2026-06-07 21:00:00+05:45,5.6472,5.6406,1.3412,0.0
DHARAN-002,2026-06-07 22:00:00+05:45,6.5619,6.5455,1.5772,0.0
DHARAN-002,2026-06-07 23:00:00+05:45,2.5071,2.4953,0.5905,0.0
DHARAN-002,2026-06-08 00:00:00+05:45,3.07,3.0576,0.7202,0.0
DHARAN-002,2026-06-08 01:00:00+05:45,3.3197,3.3007,0.7923,0.0
DHARAN-002,2026-06-08 02:00:00+05:45,3.8309,3.8196,0.9042,0.0
DHARAN-002,2026-06-08 03:00:00+05:45,3.8445,3.8354,0.9241,0.0
DHARAN-002,2026-06-08 04:00:00+05:45,3.2493,3.2436,0.7637,0.0
DHARAN-002,2026-06-08 05:00:00+05:45,3.7189,3.7074,0.886,0.0
DHARAN-002,2026-06-08 06:00:00+05:45,6.0832,6.05,1.456,0.0
DHARAN-002,2026-06-08 07:00:00+05:45,5.479,5.4517,1.3031,0.0
DHARAN-002,2026-06-08 08:00:00+05:45,5.6983,5.6977,1.3454,0.0
DHARAN-002,2026-06-08 09:00:00+05:45,5.3549,5.3312,1.2712,0.0
DHARAN-002,2026-06-08 10:00:00+05:45,3.6868,3.6633,0.8714,0.0
DHARAN-002,2026-06-08 11:00:00+05:45,3.4255,3.3989,0.836,0.0
DHARAN-002,2026-06-08 12:00:00+05:45,2.8622,2.8457,0.6785,0.0
DHARAN-002,2026-06-08 13:00:00+05:45,3.2514,3.2509,0.7847,0.0
DHARAN-002,2026-06-08 14:00:00+05:45,2.7997,2.7962,0.6587,0.0
DHARAN-002,2026-06-08 15:00:00+05:45,2.8449,2.8381,0.6734,0.0
DHARAN-002,2026-06-08 16:00:00+05:45,3.0014,2.9841,0.7138,0.0
DHARAN-002,2026-06-08 17:00:00+05:45,2.7496,2.7314,0.6533,0.0
DHARAN-002,2026-06-08 18:00:00+05:45,5.7469,5.7376,1.3663,0.0
DHARAN-002,2026-06-08 19:00:00+05:45,6.4714,6.4578,1.5339,0.0
DHARAN-002,2026-06-08 20:00:00+05:45,6.872,6.8497,1.6287,0.0
DHARAN-002,2026-06-08 21:00:00+05:45,6.6272,6.6091,1.5674,0.0
DHARAN-002,2026-06-08 22:00:00+05:45,5.508,5.4947,1.319,0.0
DHARAN-002,2026-06-08 23:00:00+05:45,3.2421,3.2336,0.7685,0.0
DHARAN-002,2026-06-09 00:00:00+05:45,4.2801,4.2652,1.02,0.0
DHARAN-002,2026-06-09 01:00:00+05:45,2.8936,2.8796,0.6985,0.0
DHARAN-002,2026-06-09 02:00:00+05:45,3.2822,3.254,0.7823,0.0
DHARAN-002,2026-06-09 03:00:00+05:45,3.2047,3.1832,0.7638,0.0
DHARAN-002,2026-06-09 04:00:00+05:45,3.2072,3.2024,0.7585,0.0
DHARAN-002,2026-06-09 05:00:00+05:45,2.636,2.6229,0.6265,0.0
DHARAN-002,2026-06-09 06:00:00+05:45,5.1592,5.1425,1.2272,0.0
DHARAN-002,2026-06-09 07:00:00+05:45,5.1835,5.1668,1.2391,0.0
DHARAN-002,2026-06-09 08:00:00+05:45,5.0233,5.004,1.2018,0.0
DHARAN-002,2026-06-09 09:00:00+05:45,5.531,5.5232,1.3214,0.0
DHARAN-002,2026-06-09 10:00:00+05:45,2.7559,2.7247,0.6574,0.0
DHARAN-002,2026-06-09 11:00:00+05:45,3.5036,3.483,0.8469,0.0
DHARAN-002,2026-06-09 12:00:00+05:45,2.8891,2.8788,0.6879,0.0
DHARAN-002,2026-06-09 13:00:00+05:45,4.2459,4.2284,1.0217,0.0
DHARAN-002,2026-06-09 14:00:00+05:45,2.9559,2.9386,0.6968,0.0
DHARAN-002,2026-06-09 15:00:00+05:45,3.9328,3.9234,0.9295,0.0
DHARAN-002,2026-06-09 16:00:00+05:45,4.7638,4.7532,1.1289,0.0
DHARAN-002,2026-06-09 17:00:00+05:45,3.4006,3.3809,0.8037,0.0
DHARAN-002,2026-06-09 18:00:00+05:45,6.6687,6.6467,1.5786,0.0
DHARAN-002,2026-06-09 19:00:00+05:45,6.0372,6.0064,1.4173,0.0
DHARAN-002,2026-06-09 20:00:00+05:45,6.7852,6.7698,1.6152,0.0
DHARAN-002,2026-06-09 21:00:00+05:45,6.2091,6.2066,1.4802,0.0
DHARAN-002,2026-06-09 22:00:00+05:45,7.1984,7.1968,1.7027,0.0
DHARAN-002,2026-06-09 23:00:00+05:45,3.72,3.7066,0.8858,0.0
DHARAN-002,2026-06-10 00:00:00+05:45,3.4505,3.4356,0.8381,0.0
DHARAN-002,2026-06-10 01:00:00+05:45,3.3151,3.311,0.7885,0.0
DHARAN-002,2026-06-10 02:00:00+05:45,3.5394,3.5212,0.8326,0.0
DHARAN-002,2026-06-10 03:00:00+05:45,3.2639,3.2562,0.7515,0.0
DHARAN-002,2026-06-10 04:00:00+05:45,3.6714,3.6403,0.8718,0.0
DHARAN-002,2026-06-10 05:00:00+05:45,3.4908,3.4717,0.8254,0.0
DHARAN-002,2026-06-10 06:00:00+05:45,4.9939,4.9811,1.1973,0.0
DHARAN-002,2026-06-10 07:00:00+05:45,6.0539,6.0406,1.4392,0.0
DHARAN-002,2026-06-10 08:00:00+05:45,6.1744,6.1697,1.489,0.0
DHARAN-002,2026-06-10 09:00:00+05:45,4.3521,4.3379,1.0247,0.0
DHARAN-002,2026-06-10 10:00:00+05:45,3.7544,3.7313,0.895,0.0
DHARAN-002,2026-06-10 11:00:00+05:45,3.2243,3.2072,0.7638,0.0
DHARAN-002,2026-06-10 12:00:00+05:45,3.5094,3.5074,0.8195,0.0
DHARAN-002,2026-06-10 13:00:00+05:45,3.2453,3.2299,0.7708,0.0
DHARAN-002,2026-06-10 14:00:00+05:45,3.0499,3.0226,0.7313,0.0
DHARAN-002,2026-06-10 15:00:00+05:45,3.3337,3.3144,0.7705,0.0
DHARAN-002,2026-06-10 16:00:00+05:45,3.1479,3.132,0.7442,0.0
DHARAN-002,2026-06-10 17:00:00+05:45,3.9015,3.9009,0.94,0.0
DHARAN-002,2026-06-10 18:00:00+05:45,6.5954,6.5781,1.5624,0.0
DHARAN-002,2026-06-10 19:00:00+05:45,6.74,6.7368,1.5997,0.0
DHARAN-002,2026-06-10 20:00:00+05:45,6.5744,6.5581,1.5528,0.0
DHARAN-002,2026-06-10 21:00:00+05:45,5.7064,5.687,1.3619,0.0
DHARAN-002,2026-06-10 22:00:00+05:45,7.2068,7.1889,1.7345,0.0
DHARAN-002,2026-06-10 23:00:00+05:45,2.8223,2.8026,0.6671,0.0
DHARAN-002,2026-06-11 00:00:00+05:45,3.1796,3.1554,0.751,0.0
DHARAN-002,2026-06-11 01:00:00+05:45,3.1354,3.109,0.7593,0.0
DHARAN-002,2026-06-11 02:00:00+05:45,3.712,3.7025,0.8784,0.0
DHARAN-002,2026-06-11 03:00:00+05:45,3.8502,3.8361,0.8973,0.0
DHARAN-002,2026-06-11 04:00:00+05:45,3.2768,3.2676,0.7903,0.0
DHARAN-002,2026-06-11 05:00:00+05:45,2.7354,2.7232,0.6501,0.0
DHARAN-002,2026-06-11 06:00:00+05:45,5.7143,5.7006,1.369,0.0
DHARAN-002,2026-06-11 07:00:00+05:45,5.089,5.087,1.2099,0.0
DHARAN-002,2026-06-11 08:00:00+05:45,5.6273,5.6109,1.3425,0.0
DHARAN-002,2026-06-11 09:00:00+05:45,4.7555,4.7429,1.126,0.0
DHARAN-002,2026-06-11 10:00:00+05:45,3.3064,3.3014,0.8051,0.0
DHARAN-002,2026-06-11 11:00:00+05:45,3.1302,3.111,0.7322,0.0
DHARAN-002,2026-06-11 12:00:00+05:45,3.3003,3.2941,0.7946,0.0
DHARAN-002,2026-06-11 13:00:00+05:45,3.4393,3.4226,0.8122,0.0
DHARAN-002,2026-06-11 14:00:00+05:45,4.1061,4.0897,0.9841,0.0
DHARAN-002,2026-06-11 15:00:00+05:45,2.4269,2.4001,0.5758,0.0
DHARAN-002,2026-06-11 16:00:00+05:45,2.7806,2.754,0.654,0.0
DHARAN-002,2026-06-11 17:00:00+05:45,2.9429,2.9152,0.6962,0.0
DHARAN-002,2026-06-11 18:00:00+05:45,6.5276,6.5268,1.5467,0.0
DHARAN-002,2026-06-11 19:00:00+05:45,6.7017,6.6973,1.5907,0.0
DHARAN-002,2026-06-11 20:00:00+05:45,5.9181,5.9056,1.4033,0.0
DHARAN-002,2026-06-11 21:00:00+05:45,6.9529,6.9374,1.6525,0.0
DHARAN-002,2026-06-11 22:00:00+05:45,6.3058,6.2844,1.4986,0.0
DHARAN-002,2026-06-11 23:00:00+05:45,3.5239,3.499,0.8431,0.0
DHARAN-002,2026-06-12 00:00:00+05:45,3.6187,3.603,0.8579,0.0
DHARAN-002,2026-06-12 01:00:00+05:45,3.4506,3.4336,0.839,0.0
DHARAN-002,2026-06-12 02:00:00+05:45,4.1073,4.0916,0.9758,0.0
DHARAN-002,2026-06-12 03:00:00+05:45,2.9912,2.9777,0.7075,0.0
DHARAN-002,2026-06-12 04:00:00+05:45,3.8971,3.8858,0.9361,0.0
DHARAN-002,2026-06-12 05:00:00+05:45,3.0423,3.0289,0.7069,0.0
DHARAN-002,2026-06-12 06:00:00+05:45,5.2022,5.1945,1.2585,0.0
DHARAN-002,2026-06-12 07:00:00+05:45,5.8491,5.8393,1.3876,0.0
DHARAN-002,2026-06-12 08:00:00+05:45,5.3362,5.2997,1.2528,0.0
DHARAN-002,2026-06-12 09:00:00+05:45,6.2039,6.1747,1.4623,0.0
DHARAN-002,2026-06-12 10:00:00+05:45,4.3759,4.3679,1.0447,0.0
DHARAN-002,2026-06-12 11:00:00+05:45,4.1573,4.1505,0.999,0.0
DHARAN-002,2026-06-12 12:00:00+05:45,2.7597,2.7588,0.6583,0.0
DHARAN-002,2026-06-12 13:00:00+05:45,2.5246,2.5192,0.607,0.0
DHARAN-002,2026-06-12 14:00:00+05:45,3.8075,3.7879,0.9065,0.0
DHARAN-002,2026-06-12 15:00:00+05:45,3.4992,3.4763,0.8351,0.0
DHARAN-002,2026-06-12 16:00:00+05:45,3.4869,3.4854,0.8333,0.0
DHARAN-002,2026-06-12 17:00:00+05:45,3.4838,3.4657,0.8415,0.0
DHARAN-002,2026-06-12 18:00:00+05:45,6.3654,6.3483,1.5285,0.0
DHARAN-002,2026-06-12 19:00:00+05:45,6.4842,6.4681,1.542,0.0
DHARAN-002,2026-06-12 20:00:00+05:45,6.0749,6.0654,1.4408,0.0
DHARAN-002,2026-06-12 21:00:00+05:45,5.8654,5.8429,1.3901,0.0
DHARAN-002,2026-06-12 22:00:00+05:45,6.6772,6.6767,1.5918,0.0
DHARAN-002,2026-06-12 23:00:00+05:45,3.9404,3.9207,0.9568,0.0
DHARAN-002,2026-06-13 00:00:00+05:45,4.3413,4.324,1.0322,0.0
DHARAN-002,2026-06-13 01:00:00+05:45,3.4709,3.4371,0.8245,0.0
DHARAN-002,2026-06-13 02:00:00+05:45,2.8081,2.7957,0.6778,0.0
DHARAN-002,2026-06-13 03:00:00+05:45,4.1261,4.1077,0.9879,0.0
DHARAN-002,2026-06-13 04:00:00+05:45,3.8427,3.8196,0.9075,0.0
DHARAN-002,2026-06-13 05:00:00+05:45,3.9988,3.9875,0.9492,0.0
DHARAN-002,2026-06-13 06:00:00+05:45,5.6227,5.5875,1.342,0.0
DHARAN-002,2026-06-13 07:00:00+05:45,5.3129,5.3099,1.2604,0.0
DHARAN-002,2026-06-13 08:00:00+05:45,5.6175,5.5971,1.3402,0.0
DHARAN-002,2026-06-13 09:00:00+05:45,5.9724,5.9467,1.4085,0.0
DHARAN-002,2026-06-13 10:00:00+05:45,3.2006,3.1922,0.771,0.0
DHARAN-002,2026-06-13 11:00:00+05:45,3.4307,3.4136,0.8153,0.0
DHARAN-002,2026-06-13 12:00:00+05:45,3.0596,3.0564,0.7148,0.0
DHARAN-002,2026-06-13 13:00:00+05:45,2.9311,2.9178,0.7081,0.0
DHARAN-002,2026-06-13 14:00:00+05:45,3.8886,3.8727,0.9286,0.0
DHARAN-002,2026-06-13 15:00:00+05:45,3.5932,3.5751,0.8587,0.0
DHARAN-002,2026-06-13 16:00:00+05:45,3.3529,3.3417,0.8091,0.0
DHARAN-002,2026-06-13 17:00:00+05:45,3.5018,3.4765,0.8216,0.0
DHARAN-002,2026-06-13 18:00:00+05:45,7.4556,7.4439,1.7705,0.0
DHARAN-002,2026-06-13 19:00:00+05:45,6.3432,6.3315,1.5114,0.0
DHARAN-002,2026-06-13 20:00:00+05:45,6.5902,6.5846,1.565,0.0
DHARAN-002,2026-06-13 21:00:00+05:45,6.855,6.8418,1.6496,0.0
DHARAN-002,2026-06-13 22:00:00+05:45,6.9836,6.9714,1.657,0.0
DHARAN-002,2026-06-13 23:00:00+05:45,4.2465,4.2455,1.0153,0.0
DHARAN-002,2026-06-14 00:00:00+05:45,3.4288,3.4205,0.8333,0.0
DHARAN-002,2026-06-14 01:00:00+05:45,3.5672,3.5476,0.8537,0.0
DHARAN-002,2026-06-14 02:00:00+05:45,2.7225,2.721,0.64,0.0
DHARAN-002,2026-06-14 03:00:00+05:45,3.9174,3.8901,0.9372,0.0
DHARAN-002,2026-06-14 04:00:00+05:45,2.9252,2.9178,0.6781,0.0
DHARAN-002,2026-06-14 05:00:00+05:45,2.3694,2.3445,0.5637,0.0
DHARAN-002,2026-06-14 06:00:00+05:45,6.0071,5.9857,1.4192,0.0
DHARAN-002,2026-06-14 07:00:00+05:45,5.1793,5.1636,1.2259,0.0
DHARAN-002,2026-06-14 08:00:00+05:45,5.2115,5.197,1.2391,0.0
DHARAN-002,2026-06-14 09:00:00+05:45,6.2551,6.2446,1.4942,0.0
DHARAN-002,2026-06-14 10:00:00+05:45,2.9956,2.9857,0.6952,0.0
DHARAN-002,2026-06-14 11:00:00+05:45,3.8842,3.8651,0.9346,0.0
DHARAN-002,2026-06-14 12:00:00+05:45,3.4534,3.4297,0.8105,0.0
DHARAN-002,2026-06-14 13:00:00+05:45,3.2916,3.2636,0.7888,0.0
DHARAN-002,2026-06-14 14:00:00+05:45,2.8601,2.8599,0.7026,0.0
DHARAN-002,2026-06-14 15:00:00+05:45,2.4816,2.4489,0.5852,0.0
DHARAN-002,2026-06-14 16:00:00+05:45,2.2124,2.1966,0.5342,0.0
DHARAN-002,2026-06-14 17:00:00+05:45,4.0192,3.9995,0.9645,0.0
DHARAN-002,2026-06-14 18:00:00+05:45,6.3583,6.3421,1.489,0.0
DHARAN-002,2026-06-14 19:00:00+05:45,6.5626,6.551,1.5617,0.0
DHARAN-002,2026-06-14 20:00:00+05:45,6.8124,6.8114,1.633,0.0
DHARAN-002,2026-06-14 21:00:00+05:45,6.3369,6.3266,1.501,0.0
DHARAN-002,2026-06-14 22:00:00+05:45,6.4252,6.4017,1.5414,0.0
DHARAN-002,2026-06-14 23:00:00+05:45,3.6012,3.5848,0.8572,0.0
DHARAN-002,2026-06-15 00:00:00+05:45,2.5155,2.5015,0.6118,0.0
DHARAN-002,2026-06-15 01:00:00+05:45,3.5533,3.5412,0.8406,0.0
DHARAN-002,2026-06-15 02:00:00+05:45,3.7043,3.69,0.8684,0.0
DHARAN-002,2026-06-15 03:00:00+05:45,3.4196,3.4056,0.8162,0.0
DHARAN-002,2026-06-15 04:00:00+05:45,3.4254,3.4031,0.7993,0.0
DHARAN-002,2026-06-15 05:00:00+05:45,3.6695,3.6617,0.878,0.0
DHARAN-002,2026-06-15 06:00:00+05:45,5.8081,5.7793,1.371,0.0
DHARAN-002,2026-06-15 07:00:00+05:45,4.4238,4.4055,1.03,0.0
DHARAN-002,2026-06-15 08:00:00+05:45,5.9506,5.9375,1.4334,0.0
DHARAN-002,2026-06-15 09:00:00+05:45,5.9298,5.9217,1.423,0.0
DHARAN-002,2026-06-15 10:00:00+05:45,3.4389,3.4124,0.8193,0.0
DHARAN-002,2026-06-15 11:00:00+05:45,3.1877,3.1672,0.7598,0.0
DHARAN-002,2026-06-15 12:00:00+05:45,3.7643,3.7418,0.903,0.0
DHARAN-002,2026-06-15 13:00:00+05:45,3.0095,2.9891,0.7164,0.0
DHARAN-002,2026-06-15 14:00:00+05:45,3.7105,3.7041,0.8804,0.0
DHARAN-002,2026-06-15 15:00:00+05:45,2.3217,2.2989,0.5546,0.0
DHARAN-002,2026-06-15 16:00:00+05:45,3.5081,3.4932,0.833,0.0
DHARAN-002,2026-06-15 17:00:00+05:45,3.3878,3.3666,0.8161,0.0
DHARAN-002,2026-06-15 18:00:00+05:45,6.7923,6.7738,1.6206,0.0
DHARAN-002,2026-06-15 19:00:00+05:45,5.5221,5.5081,1.3131,0.0
DHARAN-002,2026-06-15 20:00:00+05:45,7.0067,6.9848,1.6702,0.0
DHARAN-002,2026-06-15 21:00:00+05:45,6.0914,6.0782,1.4721,0.0
DHARAN-002,2026-06-15 22:00:00+05:45,6.4852,6.4689,1.5427,0.0
DHARAN-002,2026-06-15 23:00:00+05:45,3.0036,2.9976,0.7182,0.0
DHARAN-002,2026-06-16 00:00:00+05:45,2.2613,2.2522,0.5394,0.0
DHARAN-002,2026-06-16 01:00:00+05:45,3.7288,3.7114,0.9086,0.0
DHARAN-002,2026-06-16 02:00:00+05:45,4.3337,4.3187,1.0336,0.0
DHARAN-002,2026-06-16 03:00:00+05:45,3.5069,3.4951,0.8302,0.0
DHARAN-002,2026-06-16 04:00:00+05:45,2.7897,2.7895,0.658,0.0
DHARAN-002,2026-06-16 05:00:00+05:45,3.6756,3.6605,0.8789,0.0
DHARAN-002,2026-06-16 06:00:00+05:45,5.3544,5.3374,1.2612,0.0
DHARAN-002,2026-06-16 07:00:00+05:45,5.3859,5.3721,1.2857,0.0
DHARAN-002,2026-06-16 08:00:00+05:45,6.7174,6.6938,1.6119,0.0
DHARAN-002,2026-06-16 09:00:00+05:45,5.91,5.8899,1.3925,0.0
DHARAN-002,2026-06-16 10:00:00+05:45,3.3143,3.2975,0.7794,0.0
DHARAN-002,2026-06-16 11:00:00+05:45,3.7094,3.6937,0.8696,0.0
DHARAN-002,2026-06-16 12:00:00+05:45,3.0322,3.0136,0.7281,0.0
DHARAN-002,2026-06-16 13:00:00+05:45,2.8152,2.808,0.6736,0.0
DHARAN-002,2026-06-16 14:00:00+05:45,3.4979,3.4932,0.84,0.0
DHARAN-002,2026-06-16 15:00:00+05:45,2.6891,2.678,0.6457,0.0
DHARAN-002,2026-06-16 16:00:00+05:45,3.3921,3.3741,0.8092,0.0
DHARAN-002,2026-06-16 17:00:00+05:45,3.5285,3.5283,0.8331,0.0
DHARAN-002,2026-06-16 18:00:00+05:45,5.8341,5.8174,1.3838,0.0
DHARAN-002,2026-06-16 19:00:00+05:45,6.8106,6.7994,1.6363,0.0
DHARAN-002,2026-06-16 20:00:00+05:45,6.2373,6.222,1.4835,0.0
DHARAN-002,2026-06-16 21:00:00+05:45,6.6118,6.5859,1.5753,0.0
DHARAN-002,2026-06-16 22:00:00+05:45,7.1877,7.1723,1.722,0.0
DHARAN-002,2026-06-16 23:00:00+05:45,3.6974,3.6857,0.8748,0.0
DHARAN-002,2026-06-17 00:00:00+05:45,3.3369,3.3221,0.8096,0.0
DHARAN-002,2026-06-17 01:00:00+05:45,2.5561,2.5501,0.6038,0.0
DHARAN-002,2026-06-17 02:00:00+05:45,3.3667,3.3511,0.7986,0.0
DHARAN-002,2026-06-17 03:00:00+05:45,2.9449,2.9204,0.7032,0.0
DHARAN-002,2026-06-17 04:00:00+05:45,3.0587,3.0481,0.728,0.0
DHARAN-002,2026-06-17 05:00:00+05:45,3.7892,3.7803,0.9015,0.0
DHARAN-002,2026-06-17 06:00:00+05:45,5.556,5.5299,1.3252,0.0
DHARAN-002,2026-06-17 07:00:00+05:45,5.4842,5.4652,1.3189,0.0
DHARAN-002,2026-06-17 08:00:00+05:45,6.5101,6.5039,1.5386,0.0
DHARAN-002,2026-06-17 09:00:00+05:45,5.4254,5.4105,1.2921,0.0
DHARAN-002,2026-06-17 10:00:00+05:45,3.45,3.4424,0.8247,0.0
DHARAN-002,2026-06-17 11:00:00+05:45,3.7066,3.698,0.8932,0.0
DHARAN-002,2026-06-17 12:00:00+05:45,2.7269,2.711,0.6434,0.0
DHARAN-002,2026-06-17 13:00:00+05:45,3.6857,3.6807,0.885,0.0
DHARAN-002,2026-06-17 14:00:00+05:45,3.0408,3.0241,0.7257,0.0
DHARAN-002,2026-06-17 15:00:00+05:45,2.443,2.4352,0.5771,0.0
DHARAN-002,2026-06-17 16:00:00+05:45,2.9925,2.99,0.7013,0.0
DHARAN-002,2026-06-17 17:00:00+05:45,3.4471,3.4386,0.8177,0.0
DHARAN-002,2026-06-17 18:00:00+05:45,6.2036,6.1729,1.4654,0.0
DHARAN-002,2026-06-17 19:00:00+05:45,6.9921,6.9826,1.6468,0.0
DHARAN-002,2026-06-17 20:00:00+05:45,5.5815,5.5601,1.3294,0.0
DHARAN-002,2026-06-17 21:00:00+05:45,5.4082,5.3997,1.2965,0.0
DHARAN-002,2026-06-17 22:00:00+05:45,6.5688,6.56,1.5618,0.0
DHARAN-002,2026-06-17 23:00:00+05:45,3.3166,3.305,0.8006,0.0
DHARAN-002,2026-06-18 00:00:00+05:45,2.6283,2.6197,0.6272,0.0
DHARAN-002,2026-06-18 01:00:00+05:45,3.6187,3.6055,0.8618,0.0
DHARAN-002,2026-06-18 02:00:00+05:45,4.1783,4.1662,0.9912,0.0
DHARAN-002,2026-06-18 03:00:00+05:45,2.9304,2.9159,0.709,0.0
DHARAN-002,2026-06-18 04:00:00+05:45,3.3503,3.3462,0.8159,0.0
DHARAN-002,2026-06-18 05:00:00+05:45,2.9678,2.9524,0.7171,0.0
DHARAN-002,2026-06-18 06:00:00+05:45,5.649,5.6296,1.3462,0.0
DHARAN-002,2026-06-18 07:00:00+05:45,5.2654,5.2585,1.2541,0.0
DHARAN-002,2026-06-18 08:00:00+05:45,5.7085,5.7031,1.3585,0.0
DHARAN-002,2026-06-18 09:00:00+05:45,5.4824,5.4651,1.3057,0.0
DHARAN-002,2026-06-18 10:00:00+05:45,3.4033,3.3822,0.8172,0.0
DHARAN-002,2026-06-18 11:00:00+05:45,3.5064,3.5006,0.8418,0.0
DHARAN-002,2026-06-18 12:00:00+05:45,2.8863,2.8696,0.7012,0.0
DHARAN-002,2026-06-18 13:00:00+05:45,3.9252,3.9189,0.921,0.0
DHARAN-002,2026-06-18 14:00:00+05:45,3.6717,3.6676,0.8734,0.0
DHARAN-002,2026-06-18 15:00:00+05:45,3.0865,3.0618,0.7391,0.0
DHARAN-002,2026-06-18 16:00:00+05:45,2.8554,2.8412,0.6745,0.0
DHARAN-002,2026-06-18 17:00:00+05:45,2.521,2.4938,0.6055,0.0
DHARAN-002,2026-06-18 18:00:00+05:45,6.3289,6.3071,1.4982,0.0
DHARAN-002,2026-06-18 19:00:00+05:45,6.1027,6.097,1.4653,0.0
DHARAN-002,2026-06-18 20:00:00+05:45,7.1177,7.1166,1.6933,0.0
DHARAN-002,2026-06-18 21:00:00+05:45,6.7289,6.7205,1.6191,0.0
DHARAN-002,2026-06-18 22:00:00+05:45,6.5218,6.5003,1.5288,0.0
DHARAN-002,2026-06-18 23:00:00+05:45,3.0298,3.0075,0.7211,0.0
DHARAN-002,2026-06-19 00:00:00+05:45,3.9785,3.9653,0.9496,0.0
DHARAN-002,2026-06-19 01:00:00+05:45,2.8801,2.8569,0.6794,0.0
DHARAN-002,2026-06-19 02:00:00+05:45,2.2788,2.2735,0.5464,0.0
DHARAN-002,2026-06-19 03:00:00+05:45,3.2983,3.2939,0.7971,0.0
DHARAN-002,2026-06-19 04:00:00+05:45,3.8314,3.8169,0.9138,0.0
DHARAN-002,2026-06-19 05:00:00+05:45,3.5282,3.5166,0.8308,0.0
DHARAN-002,2026-06-19 06:00:00+05:45,5.3466,5.323,1.2767,0.0
DHARAN-002,2026-06-19 07:00:00+05:45,5.5161,5.4979,1.3161,0.0
DHARAN-002,2026-06-19 08:00:00+05:45,6.488,6.4751,1.5441,0.0
DHARAN-002,2026-06-19 09:00:00+05:45,6.5945,6.57,1.5575,0.0
DHARAN-002,2026-06-19 10:00:00+05:45,2.9955,2.9951,0.7189,0.0
DHARAN-002,2026-06-19 11:00:00+05:45,3.7612,3.7606,0.8948,0.0
DHARAN-002,2026-06-19 12:00:00+05:45,3.864,3.8507,0.9232,0.0
DHARAN-002,2026-06-19 13:00:00+05:45,2.529,2.5099,0.5974,0.0
DHARAN-002,2026-06-19 14:00:00+05:45,3.2309,3.1949,0.7732,0.0
DHARAN-002,2026-06-19 15:00:00+05:45,2.6364,2.6158,0.6346,0.0
DHARAN-002,2026-06-19 16:00:00+05:45,2.717,2.6929,0.6573,0.0
DHARAN-002,2026-06-19 17:00:00+05:45,3.5962,3.5797,0.8516,0.0
DHARAN-002,2026-06-19 18:00:00+05:45,6.0211,6.0067,1.436,0.0
DHARAN-002,2026-06-19 19:00:00+05:45,6.8235,6.816,1.6206,0.0
DHARAN-002,2026-06-19 20:00:00+05:45,6.7108,6.6984,1.6138,0.0
DHARAN-002,2026-06-19 21:00:00+05:45,5.7701,5.7397,1.382,0.0
DHARAN-002,2026-06-19 22:00:00+05:45,5.606,5.5869,1.3426,0.0
DHARAN-002,2026-06-19 23:00:00+05:45,3.0411,3.0147,0.7226,0.0
DHARAN-002,2026-06-20 00:00:00+05:45,3.583,3.5691,0.8576,0.0
DHARAN-002,2026-06-20 01:00:00+05:45,3.5646,3.5495,0.8427,0.0
DHARAN-002,2026-06-20 02:00:00+05:45,3.468,3.4537,0.8223,0.0
DHARAN-002,2026-06-20 03:00:00+05:45,2.9965,2.9791,0.7064,0.0
DHARAN-002,2026-06-20 04:00:00+05:45,2.19,2.1788,0.5293,0.0
DHARAN-002,2026-06-20 05:00:00+05:45,3.2186,3.178,0.7549,0.0
DHARAN-002,2026-06-20 06:00:00+05:45,4.335,4.3194,1.0292,0.0
DHARAN-002,2026-06-20 07:00:00+05:45,5.4928,5.4766,1.3026,0.0
DHARAN-002,2026-06-20 08:00:00+05:45,5.3811,5.3616,1.2809,0.0
DHARAN-002,2026-06-20 09:00:00+05:45,5.8022,5.7919,1.3797,0.0
DHARAN-002,2026-06-20 10:00:00+05:45,4.707,4.6859,1.1173,0.0
DHARAN-002,2026-06-20 11:00:00+05:45,3.0235,3.007,0.7181,0.0
DHARAN-002,2026-06-20 12:00:00+05:45,2.2795,2.2704,0.5496,0.0
DHARAN-002,2026-06-20 13:00:00+05:45,2.9264,2.911,0.7069,0.0
DHARAN-002,2026-06-20 14:00:00+05:45,3.9813,3.9757,0.9467,0.0
DHARAN-002,2026-06-20 15:00:00+05:45,2.7371,2.7335,0.6553,0.0
DHARAN-002,2026-06-20 16:00:00+05:45,3.4794,3.469,0.8155,0.0
DHARAN-002,2026-06-20 17:00:00+05:45,3.293,3.2831,0.7881,0.0
DHARAN-002,2026-06-20 18:00:00+05:45,6.449,6.4405,1.5418,0.0
DHARAN-002,2026-06-20 19:00:00+05:45,5.5665,5.5429,1.3247,0.0
DHARAN-002,2026-06-20 20:00:00+05:45,6.7962,6.7866,1.6039,0.0
DHARAN-002,2026-06-20 21:00:00+05:45,6.7647,6.744,1.6211,0.0
DHARAN-002,2026-06-20 22:00:00+05:45,7.2286,7.2003,1.7164,0.0
DHARAN-002,2026-06-20 23:00:00+05:45,2.9647,2.957,0.7072,0.0
DHARAN-002,2026-06-21 00:00:00+05:45,3.3001,3.2849,0.7832,0.0
DHARAN-002,2026-06-21 01:00:00+05:45,3.0132,2.9954,0.7221,0.0
DHARAN-002,2026-06-21 02:00:00+05:45,3.1454,3.1453,0.7599,0.0
DHARAN-002,2026-06-21 03:00:00+05:45,2.9164,2.9081,0.7075,0.0
DHARAN-002,2026-06-21 04:00:00+05:45,3.0526,3.0429,0.7282,0.0
DHARAN-002,2026-06-21 05:00:00+05:45,4.3257,4.301,1.0419,0.0
DHARAN-002,2026-06-21 06:00:00+05:45,5.4538,5.4341,1.3048,0.0
DHARAN-002,2026-06-21 07:00:00+05:45,5.3015,5.2722,1.27,0.0
DHARAN-002,2026-06-21 08:00:00+05:45,4.4463,4.4297,1.061,0.0
DHARAN-002,2026-06-21 09:00:00+05:45,6.2558,6.2195,1.4933,0.0
DHARAN-002,2026-06-21 10:00:00+05:45,3.5597,3.5563,0.8701,0.0
DHARAN-002,2026-06-21 11:00:00+05:45,3.3455,3.3261,0.8074,0.0
DHARAN-002,2026-06-21 12:00:00+05:45,2.9953,2.988,0.7246,0.0
DHARAN-002,2026-06-21 13:00:00+05:45,3.6202,3.5969,0.8812,0.0
DHARAN-002,2026-06-21 14:00:00+05:45,3.8001,3.7963,0.9079,0.0
DHARAN-002,2026-06-21 15:00:00+05:45,3.5325,3.5296,0.8457,0.0
DHARAN-002,2026-06-21 16:00:00+05:45,4.1986,4.1954,1.0081,0.0
DHARAN-002,2026-06-21 17:00:00+05:45,3.4128,3.3859,0.8132,0.0
DHARAN-002,2026-06-21 18:00:00+05:45,6.1734,6.1557,1.4734,0.0
DHARAN-002,2026-06-21 19:00:00+05:45,6.4898,6.4726,1.543,0.0
DHARAN-002,2026-06-21 20:00:00+05:45,6.4463,6.4247,1.5388,0.0
DHARAN-002,2026-06-21 21:00:00+05:45,6.2308,6.2047,1.4759,0.0
DHARAN-002,2026-06-21 22:00:00+05:45,6.1347,6.1254,1.4377,0.0
DHARAN-002,2026-06-21 23:00:00+05:45,2.9379,2.9194,0.6944,0.0
DHARAN-002,2026-06-22 00:00:00+05:45,3.3407,3.3237,0.7876,0.0
DHARAN-002,2026-06-22 01:00:00+05:45,4.3108,4.3026,1.0269,0.0
DHARAN-002,2026-06-22 02:00:00+05:45,3.0126,2.9937,0.7128,0.0
DHARAN-002,2026-06-22 03:00:00+05:45,3.3419,3.318,0.8038,0.0
DHARAN-002,2026-06-22 04:00:00+05:45,4.2492,4.2197,1.0114,0.0
DHARAN-002,2026-06-22 05:00:00+05:45,3.7971,3.7784,0.883,0.0
DHARAN-002,2026-06-22 06:00:00+05:45,5.6646,5.6531,1.3407,0.0
DHARAN-002,2026-06-22 07:00:00+05:45,5.8205,5.7989,1.3732,0.0
DHARAN-002,2026-06-22 08:00:00+05:45,5.5545,5.5334,1.3206,0.0
DHARAN-002,2026-06-22 09:00:00+05:45,5.9572,5.9395,1.4112,0.0
DHARAN-002,2026-06-22 10:00:00+05:45,2.8296,2.8109,0.6801,0.0
DHARAN-002,2026-06-22 11:00:00+05:45,3.7189,3.7093,0.8788,0.0
DHARAN-002,2026-06-22 12:00:00+05:45,3.1486,3.1448,0.7609,0.0
DHARAN-002,2026-06-22 13:00:00+05:45,3.3672,3.3514,0.7888,0.0
DHARAN-002,2026-06-22 14:00:00+05:45,4.2269,4.2117,1.008,0.0
DHARAN-002,2026-06-22 15:00:00+05:45,2.7584,2.753,0.6601,0.0
DHARAN-002,2026-06-22 16:00:00+05:45,2.446,2.4304,0.5936,0.0
DHARAN-002,2026-06-22 17:00:00+05:45,2.8805,2.8622,0.6906,0.0
DHARAN-002,2026-06-22 18:00:00+05:45,5.6027,5.5809,1.3332,0.0
DHARAN-002,2026-06-22 19:00:00+05:45,6.8717,6.8571,1.6312,0.0
DHARAN-002,2026-06-22 20:00:00+05:45,6.0624,6.0341,1.4442,0.0
DHARAN-002,2026-06-22 21:00:00+05:45,6.5134,6.4939,1.5518,0.0
DHARAN-002,2026-06-22 22:00:00+05:45,6.4141,6.4011,1.525,0.0
DHARAN-002,2026-06-22 23:00:00+05:45,3.1025,3.1019,0.7292,0.0
DHARAN-002,2026-06-23 00:00:00+05:45,3.4939,3.4937,0.8364,0.0
DHARAN-002,2026-06-23 01:00:00+05:45,2.7792,2.7633,0.662,0.0
DHARAN-002,2026-06-23 02:00:00+05:45,3.6771,3.6745,0.8678,0.0
DHARAN-002,2026-06-23 03:00:00+05:45,3.4912,3.4745,0.8243,0.0
DHARAN-002,2026-06-23 04:00:00+05:45,3.4477,3.4407,0.8393,0.0
DHARAN-002,2026-06-23 05:00:00+05:45,3.9491,3.9163,0.9429,0.0
DHARAN-002,2026-06-23 06:00:00+05:45,4.9803,4.9702,1.1709,0.0
DHARAN-002,2026-06-23 07:00:00+05:45,5.9849,5.969,1.4278,0.0
DHARAN-002,2026-06-23 08:00:00+05:45,5.8377,5.8163,1.3958,0.0
DHARAN-002,2026-06-23 09:00:00+05:45,5.4352,5.429,1.2924,0.0
DHARAN-002,2026-06-23 10:00:00+05:45,3.1523,3.1318,0.7385,0.0
DHARAN-002,2026-06-23 11:00:00+05:45,3.7208,3.6923,0.8854,0.0
DHARAN-002,2026-06-23 12:00:00+05:45,3.3908,3.3689,0.8136,0.0
DHARAN-002,2026-06-23 13:00:00+05:45,3.762,3.7502,0.8897,0.0
DHARAN-002,2026-06-23 14:00:00+05:45,3.4694,3.4506,0.8128,0.0
DHARAN-002,2026-06-23 15:00:00+05:45,2.5019,2.4923,0.6017,0.0
DHARAN-002,2026-06-23 16:00:00+05:45,2.8072,2.777,0.6885,0.0
DHARAN-002,2026-06-23 17:00:00+05:45,2.798,2.7975,0.6738,0.0
DHARAN-002,2026-06-23 18:00:00+05:45,6.8131,6.8009,1.623,0.0
DHARAN-002,2026-06-23 19:00:00+05:45,6.2533,6.2422,1.4833,0.0
DHARAN-002,2026-06-23 20:00:00+05:45,5.3259,5.3217,1.2804,0.0
DHARAN-002,2026-06-23 21:00:00+05:45,6.556,6.5292,1.5521,0.0
DHARAN-002,2026-06-23 22:00:00+05:45,5.5808,5.5708,1.3229,0.0
DHARAN-002,2026-06-23 23:00:00+05:45,4.8006,4.7719,1.1298,0.0
DHARAN-002,2026-06-24 00:00:00+05:45,3.6915,3.6797,0.8753,0.0
DHARAN-002,2026-06-24 01:00:00+05:45,2.9377,2.9178,0.7071,0.0
DHARAN-002,2026-06-24 02:00:00+05:45,4.044,4.0347,0.9662,0.0
DHARAN-002,2026-06-24 03:00:00+05:45,2.5339,2.5091,0.601,0.0
DHARAN-002,2026-06-24 04:00:00+05:45,3.9717,3.9534,0.9325,0.0
DHARAN-002,2026-06-24 05:00:00+05:45,3.3685,3.3624,0.7898,0.0
DHARAN-002,2026-06-24 06:00:00+05:45,5.4083,5.4019,1.2714,0.0
DHARAN-002,2026-06-24 07:00:00+05:45,5.5699,5.5543,1.3202,0.0
DHARAN-002,2026-06-24 08:00:00+05:45,6.2024,6.1836,1.4622,0.0
DHARAN-002,2026-06-24 09:00:00+05:45,6.2255,6.2118,1.4911,0.0
DHARAN-002,2026-06-24 10:00:00+05:45,4.5617,4.5569,1.0676,0.0
DHARAN-002,2026-06-24 11:00:00+05:45,3.2708,3.2525,0.7775,0.0
DHARAN-002,2026-06-24 12:00:00+05:45,3.9875,3.9722,0.9319,0.0
DHARAN-002,2026-06-24 13:00:00+05:45,3.8632,3.8484,0.9136,0.0
DHARAN-002,2026-06-24 14:00:00+05:45,2.4567,2.4368,0.5752,0.0
DHARAN-002,2026-06-24 15:00:00+05:45,3.4289,3.3982,0.8258,0.0
DHARAN-002,2026-06-24 16:00:00+05:45,3.303,3.2984,0.7973,0.0
DHARAN-002,2026-06-24 17:00:00+05:45,3.6415,3.6302,0.8603,0.0
DHARAN-002,2026-06-24 18:00:00+05:45,6.6399,6.6238,1.5746,0.0
DHARAN-002,2026-06-24 19:00:00+05:45,6.065,6.0433,1.4349,0.0
DHARAN-002,2026-06-24 20:00:00+05:45,6.6328,6.6284,1.5872,0.0
DHARAN-002,2026-06-24 21:00:00+05:45,6.4558,6.4324,1.5282,0.0
DHARAN-002,2026-06-24 22:00:00+05:45,6.6565,6.648,1.5892,0.0
DHARAN-002,2026-06-24 23:00:00+05:45,3.263,3.2391,0.777,0.0
DHARAN-002,2026-06-25 00:00:00+05:45,3.0142,2.9827,0.7214,0.0
DHARAN-002,2026-06-25 01:00:00+05:45,4.0183,3.9916,0.9651,0.0
DHARAN-002,2026-06-25 02:00:00+05:45,2.689,2.6766,0.6444,0.0
DHARAN-002,2026-06-25 03:00:00+05:45,3.2575,3.2416,0.7697,0.0
DHARAN-002,2026-06-25 04:00:00+05:45,3.5655,3.5476,0.8528,0.0
DHARAN-002,2026-06-25 05:00:00+05:45,3.2561,3.2372,0.7885,0.0
DHARAN-002,2026-06-25 06:00:00+05:45,5.5819,5.5703,1.3358,0.0
DHARAN-002,2026-06-25 07:00:00+05:45,5.3505,5.3214,1.2763,0.0
DHARAN-002,2026-06-25 08:00:00+05:45,6.5065,6.4876,1.5751,0.0
DHARAN-002,2026-06-25 09:00:00+05:45,6.0347,6.0123,1.4389,0.0
DHARAN-002,2026-06-25 10:00:00+05:45,4.0506,4.0346,0.9775,0.0
DHARAN-002,2026-06-25 11:00:00+05:45,4.2085,4.1944,1.0138,0.0
DHARAN-002,2026-06-25 12:00:00+05:45,3.0879,3.0634,0.7252,0.0
DHARAN-002,2026-06-25 13:00:00+05:45,3.3549,3.3537,0.7985,0.0
DHARAN-002,2026-06-25 14:00:00+05:45,3.9749,3.961,0.9498,0.0
DHARAN-002,2026-06-25 15:00:00+05:45,3.7694,3.7464,0.8956,0.0
DHARAN-002,2026-06-25 16:00:00+05:45,3.5841,3.5666,0.8514,0.0
DHARAN-002,2026-06-25 17:00:00+05:45,2.7,2.6763,0.6443,0.0
DHARAN-002,2026-06-25 18:00:00+05:45,5.8985,5.8905,1.4112,0.0
DHARAN-002,2026-06-25 19:00:00+05:45,6.5134,6.494,1.5375,0.0
DHARAN-002,2026-06-25 20:00:00+05:45,5.3088,5.2973,1.2578,0.0
DHARAN-002,2026-06-25 21:00:00+05:45,6.6308,6.6226,1.5802,0.0
DHARAN-002,2026-06-25 22:00:00+05:45,6.3263,6.3089,1.5105,0.0
DHARAN-002,2026-06-25 23:00:00+05:45,2.7803,2.7594,0.6727,0.0
DHARAN-002,2026-06-26 00:00:00+05:45,3.8539,3.844,0.9121,0.0
DHARAN-002,2026-06-26 01:00:00+05:45,2.8715,2.8494,0.6902,0.0
DHARAN-002,2026-06-26 02:00:00+05:45,2.8913,2.8712,0.68,0.0
DHARAN-002,2026-06-26 03:00:00+05:45,3.9381,3.9188,0.9275,0.0
DHARAN-002,2026-06-26 04:00:00+05:45,2.556,2.5401,0.6028,0.0
DHARAN-002,2026-06-26 05:00:00+05:45,3.1382,3.1244,0.7342,0.0
DHARAN-002,2026-06-26 06:00:00+05:45,5.3402,5.3284,1.2608,0.0
DHARAN-002,2026-06-26 07:00:00+05:45,5.2249,5.2165,1.2548,0.0
DHARAN-002,2026-06-26 08:00:00+05:45,5.2168,5.2099,1.2362,0.0
DHARAN-002,2026-06-26 09:00:00+05:45,4.6378,4.6279,1.1014,0.0
DHARAN-002,2026-06-26 10:00:00+05:45,3.3149,3.2993,0.777,0.0
DHARAN-002,2026-06-26 11:00:00+05:45,4.0299,4.0069,0.9602,0.0
DHARAN-002,2026-06-26 12:00:00+05:45,3.0002,2.9927,0.7133,0.0
DHARAN-002,2026-06-26 13:00:00+05:45,2.8525,2.8481,0.6813,0.0
DHARAN-002,2026-06-26 14:00:00+05:45,3.34,3.3231,0.7981,0.0
DHARAN-002,2026-06-26 15:00:00+05:45,2.638,2.6094,0.6214,0.0
DHARAN-002,2026-06-26 16:00:00+05:45,4.0972,4.0818,0.9574,0.0
DHARAN-002,2026-06-26 17:00:00+05:45,3.1137,3.1006,0.7367,0.0
DHARAN-002,2026-06-26 18:00:00+05:45,5.5356,5.5225,1.3102,0.0
DHARAN-002,2026-06-26 19:00:00+05:45,5.6201,5.6068,1.343,0.0
DHARAN-002,2026-06-26 20:00:00+05:45,6.3869,6.361,1.5205,0.0
DHARAN-002,2026-06-26 21:00:00+05:45,5.7245,5.7165,1.3644,0.0
DHARAN-002,2026-06-26 22:00:00+05:45,6.9907,6.9784,1.6698,0.0
DHARAN-002,2026-06-26 23:00:00+05:45,3.8538,3.8271,0.905,0.0
DHARAN-002,2026-06-27 00:00:00+05:45,2.463,2.4458,0.5818,0.0
DHARAN-002,2026-06-27 01:00:00+05:45,3.2486,3.2234,0.7729,0.0
DHARAN-002,2026-06-27 02:00:00+05:45,3.8311,3.8145,0.9036,0.0
DHARAN-002,2026-06-27 03:00:00+05:45,4.4002,4.3981,1.0515,0.0
DHARAN-002,2026-06-27 04:00:00+05:45,3.1404,3.115,0.7472,0.0
DHARAN-002,2026-06-27 05:00:00+05:45,3.0339,3.0307,0.7177,0.0
DHARAN-002,2026-06-27 06:00:00+05:45,6.1098,6.0971,1.4541,0.0
DHARAN-002,2026-06-27 07:00:00+05:45,6.6792,6.6725,1.5801,0.0
DHARAN-002,2026-06-27 08:00:00+05:45,5.6164,5.5855,1.3112,0.0
DHARAN-002,2026-06-27 09:00:00+05:45,5.9534,5.9277,1.4351,0.0
DHARAN-002,2026-06-27 10:00:00+05:45,3.0046,2.9954,0.7028,0.0
DHARAN-002,2026-06-27 11:00:00+05:45,3.4926,3.4805,0.8377,0.0
DHARAN-002,2026-06-27 12:00:00+05:45,3.5326,3.4987,0.8537,0.0
DHARAN-002,2026-06-27 13:00:00+05:45,2.7108,2.6908,0.6557,0.0
DHARAN-002,2026-06-27 14:00:00+05:45,3.91,3.9036,0.934,0.0
DHARAN-002,2026-06-27 15:00:00+05:45,2.7657,2.7483,0.6683,0.0
DHARAN-002,2026-06-27 16:00:00+05:45,3.2536,3.2356,0.7706,0.0
DHARAN-002,2026-06-27 17:00:00+05:45,3.6709,3.6618,0.8779,0.0
DHARAN-002,2026-06-27 18:00:00+05:45,6.4566,6.4396,1.5378,0.0
DHARAN-002,2026-06-27 19:00:00+05:45,6.047,6.0414,1.4336,0.0
DHARAN-002,2026-06-27 20:00:00+05:45,6.2032,6.1973,1.4662,0.0
DHARAN-002,2026-06-27 21:00:00+05:45,6.853,6.8507,1.6451,0.0
DHARAN-002,2026-06-27 22:00:00+05:45,5.6318,5.6109,1.3398,0.0
DHARAN-002,2026-06-27 23:00:00+05:45,3.9718,3.9499,0.9341,0.0
DHARAN-002,2026-06-28 00:00:00+05:45,2.819,2.7977,0.6792,0.0
DHARAN-002,2026-06-28 01:00:00+05:45,3.9469,3.9215,0.9496,0.0
DHARAN-002,2026-06-28 02:00:00+05:45,2.3195,2.3054,0.5486,0.0
DHARAN-002,2026-06-28 03:00:00+05:45,3.1701,3.162,0.7545,0.0
DHARAN-002,2026-06-28 04:00:00+05:45,3.4991,3.4766,0.8325,0.0
DHARAN-002,2026-06-28 05:00:00+05:45,4.0784,4.07,0.9698,0.0
DHARAN-002,2026-06-28 06:00:00+05:45,5.0565,5.0289,1.1878,0.0
DHARAN-002,2026-06-28 07:00:00+05:45,6.0117,5.9902,1.4308,0.0
DHARAN-002,2026-06-28 08:00:00+05:45,6.1948,6.1796,1.4808,0.0
DHARAN-002,2026-06-28 09:00:00+05:45,4.9994,4.972,1.1916,0.0
DHARAN-002,2026-06-28 10:00:00+05:45,3.8208,3.8142,0.9084,0.0
DHARAN-002,2026-06-28 11:00:00+05:45,2.9454,2.9321,0.7003,0.0
DHARAN-002,2026-06-28 12:00:00+05:45,3.298,3.2873,0.7829,0.0
DHARAN-002,2026-06-28 13:00:00+05:45,3.262,3.2527,0.7781,0.0
DHARAN-002,2026-06-28 14:00:00+05:45,4.1833,4.1803,1.0006,0.0
DHARAN-002,2026-06-28 15:00:00+05:45,4.1367,4.1145,0.993,0.0
DHARAN-002,2026-06-28 16:00:00+05:45,2.9514,2.9368,0.6973,0.0
DHARAN-002,2026-06-28 17:00:00+05:45,3.7674,3.7577,0.899,0.0
DHARAN-002,2026-06-28 18:00:00+05:45,6.4942,6.4938,1.5499,0.0
DHARAN-002,2026-06-28 19:00:00+05:45,6.1916,6.1912,1.4469,0.0
DHARAN-002,2026-06-28 20:00:00+05:45,6.4918,6.4621,1.548,0.0
DHARAN-002,2026-06-28 21:00:00+05:45,5.8241,5.8036,1.3857,0.0
DHARAN-002,2026-06-28 22:00:00+05:45,6.2589,6.2441,1.4975,0.0
DHARAN-002,2026-06-28 23:00:00+05:45,3.1033,3.0809,0.7419,0.0
DHARAN-002,2026-06-29 00:00:00+05:45,3.497,3.4793,0.8274,0.0
DHARAN-002,2026-06-29 01:00:00+05:45,3.8078,3.795,0.8942,0.0
DHARAN-002,2026-06-29 02:00:00+05:45,3.633,3.6299,0.8773,0.0
DHARAN-002,2026-06-29 03:00:00+05:45,4.179,4.162,0.9982,0.0
DHARAN-002,2026-06-29 04:00:00+05:45,2.6034,2.5941,0.632,0.0
DHARAN-002,2026-06-29 05:00:00+05:45,3.5752,3.5628,0.8561,0.0
DHARAN-002,2026-06-29 06:00:00+05:45,5.2335,5.2115,1.235,0.0
DHARAN-002,2026-06-29 07:00:00+05:45,5.3454,5.3324,1.2662,0.0
DHARAN-002,2026-06-29 08:00:00+05:45,5.3899,5.3698,1.2838,0.0
DHARAN-002,2026-06-29 09:00:00+05:45,5.1325,5.0975,1.2172,0.0
DHARAN-002,2026-06-29 10:00:00+05:45,3.3655,3.3512,0.801,0.0
DHARAN-002,2026-06-29 11:00:00+05:45,3.4484,3.4198,0.8364,0.0
DHARAN-002,2026-06-29 12:00:00+05:45,3.7405,3.7253,0.8967,0.0
DHARAN-002,2026-06-29 13:00:00+05:45,3.0029,2.9874,0.7121,0.0
DHARAN-002,2026-06-29 14:00:00+05:45,3.3459,3.3348,0.8064,0.0
DHARAN-002,2026-06-29 15:00:00+05:45,3.8281,3.8219,0.9165,0.0
DHARAN-002,2026-06-29 16:00:00+05:45,3.2923,3.2706,0.7609,0.0
DHARAN-002,2026-06-29 17:00:00+05:45,2.9754,2.9549,0.7089,0.0
DHARAN-002,2026-06-29 18:00:00+05:45,5.4606,5.4424,1.3083,0.0
DHARAN-002,2026-06-29 19:00:00+05:45,7.1661,7.1385,1.7104,0.0
DHARAN-002,2026-06-29 20:00:00+05:45,5.8644,5.8435,1.4285,0.0
DHARAN-002,2026-06-29 21:00:00+05:45,6.6818,6.6612,1.5839,0.0
DHARAN-002,2026-06-29 22:00:00+05:45,6.4663,6.4531,1.5421,0.0
DHARAN-002,2026-06-29 23:00:00+05:45,3.0237,3.0232,0.7238,0.0
