Hour_tod,Load_curr,Energy_cum,Delta_load,Bal_token,Minutes_Remaining,Ground_Truth_Theft
0,0.33862803573425293,0.08465700893356323,-0.16137196426574707,99.98984115892797,10000.0,0
0,0.35512366333621814,0.17343792476761777,0.016495627601965213,99.97918744902789,10000.0,0
0,0.48235819129493196,0.29402747259135076,0.12723452795871382,99.96471670328904,10000.0,0
0,0.3691799164660003,0.38632245170785084,-0.11317827482893167,99.95364130579506,10000.0,0
1,0.5544225155519791,0.5249280805958456,0.1852425990859788,99.9370086303285,10000.0,0
1,0.26447025965250115,0.5910456455089709,-0.28995225589947793,99.92907452253893,10000.0,0
1,0.4194804975943892,0.6959157699075682,0.15501023794188806,99.9164901076111,10000.0,0
1,0.5967378742360777,0.8451002384665877,0.1772573766416885,99.89858797138402,10000.0,0
2,0.4829925557499841,0.9658483774040837,-0.1137453184860936,99.88409819471151,10000.0,0
2,0.6684371927095265,1.1329576755814652,0.18544463695954239,99.86404507893023,10000.0,0
2,0.2954504135536628,1.206820278969881,-0.3729867791558637,99.85518156652363,10000.0,0
2,0.40295920640799415,1.3075600805718794,0.10750879285433135,99.84309279033138,10000.0,0
3,0.7025157345910085,1.4831890142196316,0.2995565281830143,99.82201731829365,10000.0,0
3,0.8071978235340551,1.6849884701031455,0.10468208894304665,99.79780138358763,10000.0,0
3,0.6976634082310619,1.859404322160911,-0.10953441530299324,99.77687148134069,10000.0,0
3,0.42357310471562887,1.9652975983398182,-0.274090303515433,99.76416428819923,10000.0,0
4,0.21718238127770445,2.019593193659244,-0.20639072343792442,99.75764881676089,10000.0,0
4,0.47316558230708294,2.1378845892360148,0.2559832010293785,99.74345384929168,10000.0,0
4,0.2993185734067956,2.2127142325877136,-0.17384700890028737,99.73447429208947,10000.0,0
4,0.3432631457347105,2.298530019021391,0.04394457232791493,99.72417639771743,10000.0,0
5,0.6671101871899668,2.465307565818883,0.32384704145525633,99.70416309210172,10000.0,0
5,0.697282984633714,2.6396283119773116,0.030172797443747124,99.68324460256271,10000.0,0
5,0.29257096246296077,2.7127710525930517,-0.4047120221707532,99.67446747368882,10000.0,0
5,0.5343576262647469,2.8463604591592384,0.24178666380178615,99.65843674490088,10000.0,0
6,0.6753220132582685,3.0151909624738056,0.14096438699352154,99.63817708450314,10000.0,0
6,0.3774938368082177,3.1095644216758602,-0.2978281764500508,99.6268522693989,10000.0,0
6,0.7538574447351063,3.2980287828596366,0.3763636079268886,99.60423654605684,10000.0,0
6,0.5429112569521295,3.433756597097669,-0.2109461877829768,99.58794920834828,10000.0,0
7,1.3835440808849548,3.7796426173189075,0.8406328239328253,99.54644288592173,10000.0,0
7,2.511815635660035,4.407596526233917,1.1282715547750803,99.47108841685193,10000.0,0
7,1.8314570901658378,4.865460798775376,-0.6803585454941974,99.41614470414696,10000.0,0
7,1.8641225812908908,5.3314914440980985,0.032665491125053014,99.36022102670823,10000.0,0
8,2.479842485495053,5.9514520654718615,0.6157199042041623,99.28582575214338,10000.0,0
8,2.419490742192317,6.5563247510199405,-0.06035174330273607,99.21324102987761,10000.0,0
8,2.5297452118449555,7.188761053981179,0.11025446965263841,99.13734867352225,10000.0,0
8,1.8355588043673472,7.647650755073016,-0.6941864074776083,99.08228190939123,10000.0,0
9,1.8553085245558973,8.11147788621199,0.019749720188550146,99.02662265365456,10000.0,0
9,1.4777568634486289,8.480917102074146,-0.37755166110726845,98.9822899477511,10000.0,0
9,1.8778593579907497,8.950381941571834,0.40010249454212077,98.92595416701137,10000.0,0
9,2.413996018265525,9.553880946138214,0.5361366602747755,98.8535342864634,10000.0,0
10,0.4132105678506201,9.65718358810087,-2.000785450414905,98.84113796942788,10000.0,0
10,0.8253747918427737,9.863527286061563,0.41216422399215363,98.8163767256726,10000.0,0
10,0.3916462189133884,9.96143884078991,-0.4337285729293853,98.8046273391052,10000.0,0
10,0.4445671156516397,10.07258061970282,0.05292089673825129,98.79129032563564,10000.0,0
11,0.36836691044334846,10.164672347313656,-0.07620020520829124,98.78023931832234,10000.0,0
11,0.3320550843626002,10.247686118404307,-0.03631182608074829,98.77027766579147,10000.0,0
11,0.7709898655148806,10.440433584783026,0.4389347811522804,98.74714796982602,10000.0,0
11,0.280075759847524,10.510452524744908,-0.4909141056673566,98.7387456970306,10000.0,0
12,0.5876337836755201,10.657360970663788,0.30755802382799613,98.72111668352034,10000.0,0
12,0.4753484833709536,10.776198091506526,-0.11228530030456652,98.70685622901921,10000.0,0
12,0.5989725213565406,10.925941221845662,0.12362403798558697,98.68888705337851,10000.0,0
12,0.5921961648832503,11.073990263066474,-0.006776356473290224,98.67112116843201,10000.0,0
13,0.6117027194019864,11.226915942916971,0.019506554518736063,98.65277008684996,10000.0,0
13,0.583222902368566,11.372721668509113,-0.028479817033420396,98.6352733997789,10000.0,0
13,0.40075203784328395,11.472909677969934,-0.18247086452528205,98.6232508386436,10000.0,0
13,0.6825010599338829,11.643534942953405,0.28174902209059893,98.60277580684559,10000.0,0
14,0.4794111355595132,11.763387726843284,-0.20308992437436968,98.5883934727788,10000.0,0
14,0.6395805511557816,11.92328286463223,0.1601694155962684,98.56920605624413,10000.0,0
14,0.565551597845929,12.064670764093712,-0.0740289533098526,98.55223950830874,10000.0,0
14,0.5681199541010916,12.206700752618985,0.002568356255162607,98.53519590968571,10000.0,0
15,0.5794414854116025,12.351561123971885,0.011321531310510835,98.51781266512336,10000.0,0
15,0.4253287604040767,12.457893314072905,-0.15411272500752576,98.50505280231124,10000.0,0
15,0.3195079347376346,12.537770297757314,-0.10582082566644208,98.4954675642691,10000.0,0
15,0.43909901456511624,12.647545051398593,0.11959107982748163,98.48229459383215,10000.0,0
16,0.5097537460726216,12.774983487916748,0.07065473150750534,98.46700198144997,10000.0,0
16,0.4468103543068328,12.886686076493456,-0.06294339176578878,98.45359767082077,10000.0,0
16,0.4762810479221999,13.005756338474006,0.029470693615367083,98.4393092393831,10000.0,0
16,0.4206671323155211,13.110923121552887,-0.05561391560667878,98.42668922541364,10000.0,0
17,0.7770715767200678,13.305191015732904,0.35640444440454666,98.40337707811204,10000.0,0
17,0.5939650705972783,13.453682283382223,-0.18310650612278945,98.38555812599412,10000.0,0
17,0.3901210271323887,13.55121254016532,-0.2038440434648896,98.37385449518015,10000.0,0
17,0.40885597936686147,13.653426535007036,0.018734952234472746,98.36158881579915,10000.0,0
18,3.4557952049725853,14.517375336250183,3.046939225605724,98.25791495964998,10000.0,0
18,4.019464047428653,15.522241348107347,0.5636688424560679,98.13733103822712,10000.0,0
18,3.04623045493901,16.2837989618421,-0.9732335924896431,98.04594412457895,10000.0,0
18,2.7200249487686006,16.963805199034248,-0.32620550617040944,97.96434337611589,10000.0,0
19,3.967239655101272,17.955615112809564,1.2472147063326715,97.84532618646286,10000.0,0
19,3.5988045872790773,18.855316259629333,-0.3684350678221948,97.73736204884449,10000.0,0
19,2.8158683737410235,19.55928335306459,-0.7829362135380538,97.65288599763225,10000.0,0
19,3.5506596974408655,20.446948277424806,0.734791323699842,97.54636620670902,10000.0,0
20,3.129748922825289,21.229385508131127,-0.4209107746155767,97.45247373902427,10000.0,0
20,3.7402180406217025,22.16444001828655,0.6104691177964137,97.34026719780562,10000.0,0
20,3.4107492311247594,23.01712732606774,-0.3294688094969431,97.23794472087188,10000.0,0
20,3.5536809531606184,23.905547564357896,0.14293172203585902,97.13133429227706,10000.0,0
21,3.719751475560348,24.83548543324798,0.16607052239972964,97.01974174801025,10000.0,0
21,3.2173433721735436,25.639821276291368,-0.5024081033868044,96.92322144684505,10000.0,0
21,3.0195473767006407,26.39470812046653,-0.19779599547290294,96.83263502554402,10000.0,0
21,2.581480829102238,27.040078327742087,-0.4380665475984027,96.75519060067096,10000.0,0
22,3.644588813626565,27.95122553114873,1.063107984524327,96.64585293626216,10000.0,0
22,3.621508604908443,28.85660268237584,-0.02308020871812211,96.53720767811491,10000.0,0
22,3.6732393094677462,29.774912509742776,0.0517307045593034,96.42701049883088,10000.0,0
22,3.7734783764160458,30.71828210384679,0.10023906694829954,96.3138061475384,10000.0,0
23,0.6113221137199734,30.871112632276784,-3.1621562626960724,96.2954664841268,10000.0,0
23,0.4127315935346837,30.974295530660456,-0.19859052018528967,96.28308453632077,10000.0,0
23,0.23295838959050746,31.032535128058083,-0.17977320394417623,96.27609578463306,10000.0,0
23,0.5287049901292499,31.164711375590397,0.2957466005387424,96.26023463492918,10000.0,0
0,0.6142288348912048,31.3182685843132,0.08552384476195496,96.24180776988244,10000.0,0
0,0.808586797802565,31.52041528376384,0.1943579629113602,96.21755016594837,10000.0,0
0,0.3890584443909705,31.61767989486158,-0.41952835341159456,96.20587841261664,10000.0,0
0,0.6267606512356892,31.774370057670502,0.23770220684471877,96.18707559307957,10000.0,0
1,0.28201819933123545,31.84487460750331,-0.3447424519044538,96.17861504709963,10000.0,0
1,0.6838469180939634,32.015836337026805,0.4018287187627279,96.15809963955681,10000.0,0
1,0.16978459080824113,32.05828248472886,-0.5140623272857222,96.15300610183256,10000.0,0
1,0.4240181761877135,32.16428702877579,0.2542335853794724,96.14028555654693,10000.0,0
2,0.4556959360812729,32.278211012796106,0.03167775989355942,96.12661467846449,10000.0,0
2,0.7982771454926103,32.47778029916926,0.3425812094113374,96.10266636409972,10000.0,0
2,0.3079817463770168,32.55477573576351,-0.4902953991155935,96.0934269117084,10000.0,0
2,0.682181757281699,32.72532117508394,0.37420001090468225,96.07296145898995,10000.0,0
3,0.3937546027054757,32.82375982576031,-0.28842715457622337,96.06114882090878,10000.0,0
3,0.8877176876722351,33.04568924767837,0.49396308496675945,96.03451729027861,10000.0,0
3,0.6358329489243296,33.20464748490945,-0.2518847387479055,96.01544230181088,10000.0,0
3,0.6587099505163537,33.36932497253854,0.022877001592024104,95.99568100329539,10000.0,0
4,0.5635636765449463,33.51021589167478,-0.0951462739714074,95.97877409299905,10000.0,0
4,0.5160282746203176,33.63922296032986,-0.047535401924628684,95.96329324476044,10000.0,0
4,0.5310583317950429,33.77198754327862,0.015030057174725275,95.94736149480659,10000.0,0
4,0.6879213656515759,33.94396788469152,0.156863033856533,95.92672385383703,10000.0,0
5,0.5174348956070911,34.07332660859329,-0.1704864700444848,95.91120080696882,10000.0,0
5,0.31426440567302166,34.151892710011545,-0.20317048993406944,95.90177287479862,10000.0,0
5,0.7986510783211372,34.35155547959183,0.4843866726481156,95.87781334244899,10000.0,0
5,0.2972977599869453,34.42587991958857,-0.5013533183341919,95.86889440964939,10000.0,0
6,0.44978213962043184,34.53832545449367,0.15248437963348654,95.85540094546077,10000.0,0
6,0.5505949702717651,34.67597419706161,0.10081283065133323,95.83888309635262,10000.0,0
6,0.6350487443388512,34.83473638314633,0.0844537740670861,95.81983163402245,10000.0,0
6,0.6189333904841846,34.989469730767375,-0.01611535385466656,95.80126363230792,10000.0,0
7,1.9526327021562775,35.477627906306445,1.3336993116720928,95.74268465124324,10000.0,0
7,2.1278411048980477,36.009588182530955,0.1752084027417702,95.67884941809629,10000.0,0
7,2.2216643859166565,36.56500427901012,0.09382328101860882,95.61219948651879,10000.0,0
7,1.9406487967487962,37.05016647819732,-0.2810155891678603,95.55398002261633,10000.0,0
8,1.912299146699621,37.52824126487222,-0.028349650049175112,95.49661104821534,10000.0,0
8,1.7198948849249962,37.95821498610347,-0.19240426177462489,95.44501420166759,10000.0,0
8,1.6286739266256463,38.365383467759884,-0.09122095829934995,95.39615398386881,10000.0,0
8,1.67209187322824,38.78340643606694,0.04341794660259368,95.34599122767197,10000.0,0
9,1.9897062295970125,39.28083299346619,0.31761435636877255,95.28630004078407,10000.0,0
9,2.4382628907653388,39.89039871615753,0.44855666116832626,95.2131521540611,10000.0,0
9,1.672551992033702,40.30853671416595,-0.7657108987316368,95.1629755943001,10000.0,0
9,1.7682007103604185,40.75058689175606,0.09564871832671651,95.10992957298929,10000.0,0
10,0.23630719779495224,40.8096636912048,-1.5318935125654662,95.10284035705544,10000.0,0
10,0.34219095015726064,40.89521142874411,0.1058837523623084,95.09257462855072,10000.0,0
10,0.6476866000862098,41.057133078765666,0.3054956499289492,95.07314403054814,10000.0,0
10,0.42317213512591867,41.16292611254715,-0.22451446496029115,95.06044886649435,10000.0,0
11,0.39640360185966894,41.262027013012066,-0.026768533266249728,95.04855675843856,10000.0,0
11,0.42786905653000606,41.368994277144566,0.03146545467033712,95.03572068674266,10000.0,0
11,0.9152971440043599,41.59781856314566,0.48742808747435384,95.00826177242253,10000.0,0
11,0.5224390944121021,41.728428336748685,-0.3928580495922578,94.99258859959016,10000.0,0
12,0.522632531206289,41.859086469550256,0.00019343679418692972,94.97690962365398,10000.0,0
12,0.5085833858405633,41.986232316010394,-0.014049145365725768,94.96165212207876,10000.0,0
12,0.5887394023777905,42.13341716660484,0.08015601653722726,94.94398994000743,10000.0,0
12,0.508744790566865,42.260603364246556,-0.0799946118109256,94.92872759629041,10000.0,0
13,0.38799403390147613,42.35760187272192,-0.12075075666538881,94.91708777527337,10000.0,0
13,0.6101401149020819,42.510136901447446,0.22214608100060573,94.89878357182631,10000.0,0
13,0.7385671754504834,42.69477869531006,0.12842706054840158,94.8766265565628,10000.0,0
13,0.8207572558845682,42.8999680092812,0.08219008043408471,94.85200383888626,10000.0,0
14,0.3107263564632851,42.97764959839702,-0.510030899421283,94.84268204819236,10000.0,0
14,0.6666883328272567,43.144321681603834,0.3559619763639716,94.82268139820754,10000.0,0
14,0.5717445059967494,43.28725780810302,-0.09494382683050728,94.80552906302763,10000.0,0
14,0.6266901312012938,43.44393034090334,0.05494562520454438,94.7867283590916,10000.0,0
15,0.45506493452618046,43.55769657453489,-0.17162519667511333,94.77307641105581,10000.0,0
15,0.6196119078222637,43.712599551490456,0.16454697329608325,94.75448805382115,10000.0,0
15,0.8502780671229517,43.925169068271195,0.230666159300688,94.72897971180745,10000.0,0
15,0.6711048043807593,44.09294526936638,-0.17917326274219247,94.70884656767603,10000.0,0
16,0.34335864256985166,44.178784930008845,-0.3277461618109076,94.69854580839893,10000.0,0
16,0.6008004771806787,44.328985049304016,0.2574418346108271,94.68052179408352,10000.0,0
16,0.36965640548816286,44.42139915067606,-0.23114407169251588,94.66943210191887,10000.0,0
16,0.7128052925578211,44.599600473815514,0.34314888706965824,94.64804794314213,10000.0,0
17,0.6234207201650019,44.755455653856764,-0.08938457239281916,94.62934532153719,10000.0,0
17,0.37021490463107143,44.84800938001453,-0.2532058155339305,94.61823887439826,10000.0,0
17,0.7509594196578955,45.03574923492901,0.38074451502682405,94.59571009180853,10000.0,0
17,0.4423311070827192,45.146332011699684,-0.30862831257517626,94.58244015859604,10000.0,0
18,2.852794027833339,45.85953051865802,2.4104629207506196,94.49685633776105,10000.0,0
18,4.000671920938804,46.85969849889272,1.147877893105465,94.37683618013288,10000.0,0
18,3.222312784135441,47.66527669492658,-0.7783591368033629,94.28016679660882,10000.0,0
18,3.926990127206531,48.64702422672821,0.70467734307109,94.16235709279263,10000.0,0
19,2.7191383955300634,49.326808825610726,-1.2078517316764676,94.08078294092672,10000.0,0
19,3.2683441773270245,50.143894869942486,0.5492057817969611,93.98273261560692,10000.0,0
19,3.3511949094691063,50.981693597309764,0.08285073214208172,93.88219676832284,10000.0,0
19,2.469675416113396,51.599112451338115,-0.8815194933557104,93.80810650583945,10000.0,0
20,2.5819435679519476,52.2445983433261,0.11226815183855177,93.73064819880089,10000.0,0
20,3.8939499423513473,53.21808582891394,1.3120063743993997,93.61382970053035,10000.0,0
20,3.4566682607124743,54.08225289409206,-0.43728168163887293,93.51012965270897,10000.0,0
20,2.7058354598113867,54.75871175904491,-0.7508328009010876,93.42895458891462,10000.0,0
21,2.6221068394918676,55.41423846891787,-0.08372862031951911,93.35029138372987,10000.0,0
21,3.235972623890956,56.22323162489061,0.6138657843990885,93.25321220501314,10000.0,0
21,2.6104271088307023,56.87583840209828,-0.6255455150602538,93.17489939174823,10000.0,0
21,3.9308314434177483,57.85854626295272,1.320404334587046,93.0569744484457,10000.0,0
22,2.6767523662423467,58.527734354513306,-1.2540790771754016,92.97667187745843,10000.0,0
22,2.714745156781011,59.20642064370856,0.037992790538664334,92.895229522755,10000.0,0
22,3.2931223285271325,60.02970122584034,0.5783771717461215,92.7964358528992,10000.0,0
22,3.1627296477380025,60.82038363777484,-0.13039268078913002,92.70155396346705,10000.0,0
23,0.39981349039412206,60.920337010373366,-2.7629161573438803,92.68955955875522,10000.0,0
23,0.40587739226661224,61.02180635844002,0.006063901872490174,92.67738323698723,10000.0,0
23,0.49524754555529127,61.14561824482884,0.08937015328867903,92.66252581062056,10000.0,0
23,0.16202258669340444,61.18612389150219,-0.33322495886188686,92.65766513301976,10000.0,0
0,0.2019022158164315,61.2365994454563,0.03987962912302706,92.65160806654526,10000.0,0
0,0.28246751811639886,61.3072163249854,0.08056530229996736,92.64313404100177,10000.0,0
0,0.6429700810762609,61.467958845254465,0.360502562959862,92.62384493856949,10000.0,0
0,0.4001315413685018,61.56799173059659,-0.24283853970775904,92.61184099232844,10000.0,0
1,0.49068599132099905,61.690663228426835,0.09055444995249723,92.59712041258881,10000.0,0
1,0.5717141806158678,61.8335917735808,0.08102818929486871,92.57996898717033,10000.0,0
1,0.36698913850580483,61.92533905820725,-0.20472504211006293,92.56895931301516,10000.0,0
1,0.6364383855488023,62.08444865459445,0.26944924704299744,92.54986616144869,10000.0,0
2,0.2949019987650239,62.15817415428571,-0.3415363867837784,92.54101910148574,10000.0,0
2,0.31202751659508227,62.236181033434484,0.01712551783005839,92.5316582759879,10000.0,0
2,0.11907348595168032,62.2659494049224,-0.19295403064340194,92.52808607140935,10000.0,0
2,0.41327978102273777,62.36926935017809,0.29420629507105744,92.51568767797866,10000.0,0
3,0.7115206117861218,62.547149503124615,0.29824083076338403,92.49434205962508,10000.0,0
3,0.3957127752698891,62.646077696942086,-0.3158078365162327,92.48247067636699,10000.0,0
3,0.8760824446192648,62.865098308096904,0.48036966934937564,92.4561882030284,10000.0,0
3,0.7697583888205058,63.05753790530203,-0.10632405579875892,92.43309545136378,10000.0,0
4,0.4574474295403683,63.17189976268712,-0.3123109592801375,92.41937202847757,10000.0,0
4,0.07183924544971126,63.18985957404955,-0.38560818409065706,92.41721685111408,10000.0,0
4,0.301538048437114,63.26524408615883,0.22969880298740275,92.40817070966096,10000.0,0
4,0.5398100395909604,63.40019659605657,0.2382719911538464,92.39197640847324,10000.0,0
5,0.37444484338792977,63.49380780690355,-0.16536519620303064,92.38074306317161,10000.0,0
5,0.6801162534194106,63.6638368702584,0.30567141003148085,92.36033957556903,10000.0,0
5,0.3116061565858741,63.74173840940487,-0.3685100968335365,92.35099139087146,10000.0,0
5,0.5289848562116621,63.87398462345778,0.21737869962578804,92.3351218451851,10000.0,0
6,0.3666918178332552,63.96565757791609,-0.16229303837840692,92.3241210906501,10000.0,0
6,0.33553789886127594,64.04954205263141,-0.031153918971979278,92.31405495368426,10000.0,0
6,0.5178041533354047,64.17899309096526,0.1822662544741288,92.2985208290842,10000.0,0
6,0.39202387404039585,64.27699905947536,-0.1257802792950089,92.28676011286298,10000.0,0
7,1.7186141132273707,64.7066525877822,1.3265902391869748,92.23520168946615,10000.0,0
7,1.9623225768315622,65.1972332319901,0.24370846360419152,92.17633201216121,10000.0,0
7,1.8674328473151842,65.66409144381889,-0.09488972951637797,92.12030902674175,10000.0,0
7,2.092785028985836,66.18728770106534,0.22535218167065185,92.05752547587218,10000.0,0
8,2.0895841865018983,66.70968374769082,-0.003200842483937816,91.99483795027713,10000.0,0
8,1.8854965632376046,67.18105788850022,-0.20408762326429364,91.93827305338,10000.0,0
8,2.317990516772748,67.7605555176934,0.4324939535351435,91.86873333787682,10000.0,0
8,2.1564021791938472,68.29965606249186,-0.1615883375789009,91.80404127250101,10000.0,0
9,1.690209884296998,68.72220853356612,-0.4661922948968493,91.7533349759721,10000.0,0
9,2.5186252885741305,69.35186485570965,0.8284154042771326,91.67777621731487,10000.0,0
9,1.542535836003404,69.7374988147105,-0.9760894525707264,91.63150014223477,10000.0,0
9,1.4518322908096901,70.10045688741293,-0.09070354519371393,91.58794517351048,10000.0,0
10,0.5702308009189807,70.24301458764268,-0.8816014898907094,91.5708382494829,10000.0,0
10,0.42716656324060975,70.34980622845283,-0.14306423767837095,91.55802325258568,10000.0,0
10,0.4796929613177523,70.46972946878228,0.052526398077142544,91.54363246374615,10000.0,0
10,0.3472368022684926,70.5565386693494,-0.13245615904925973,91.5332153596781,10000.0,0
11,0.7266049467475396,70.73818990603628,0.37936814447904704,91.51141721127567,10000.0,0
11,0.5015799185476647,70.8635848856732,-0.2250250281998749,91.49636981371924,10000.0,0
11,0.38969850707865655,70.96100951244287,-0.11188141146900815,91.48467885850688,10000.0,0
11,0.5683588612926433,71.10309922776604,0.1786603542139868,91.46762809266811,10000.0,0
12,0.3793936454269752,71.19794763912279,-0.18896521586566817,91.4562462833053,10000.0,0
12,0.5716012318681913,71.34084794708984,0.19220758644121616,91.43909824634926,10000.0,0
12,0.8510636748470528,71.55361386580161,0.27946244297886147,91.41356633610386,10000.0,0
12,0.6419229156315382,71.7140945947095,-0.20914075921551456,91.3943086486349,10000.0,0
13,0.3963708282867554,71.81318730178118,-0.24555208734478284,91.3824175237863,10000.0,0
13,0.8624296171200296,72.02879470606119,0.46605878883327423,91.3565446352727,10000.0,0
13,0.7342048587354015,72.21234592074504,-0.1282247583846281,91.33451848951064,10000.0,0
13,0.3742999222395919,72.30592090130493,-0.3599049364958096,91.32328949184345,10000.0,0
14,0.7063660283422314,72.48251240839049,0.3320661061026395,91.30209851099319,10000.0,0
14,0.20646466034857142,72.53412857347763,-0.49990136799366,91.29590457118273,10000.0,0
14,0.4447239974808389,72.64530957284784,0.2382593371322675,91.2825628512583,10000.0,0
14,0.33026929166273805,72.72787689576352,-0.11445470581810085,91.27265477250842,10000.0,0
15,0.5797910201068783,72.87282465079024,0.24952172844414028,91.25526104190521,10000.0,0
15,0.5165139507747722,73.00195313848393,-0.06327706933210608,91.23976562338197,10000.0,0
15,0.2035185655807944,73.05283277987913,-0.31299538519397785,91.23366006641454,10000.0,0
15,0.4111320219660574,73.15561578537064,0.20761345638526302,91.22132610575557,10000.0,0
16,0.33420977898717497,73.23916823011744,-0.07692224297888245,91.21129981238595,10000.0,0
16,0.3426561890507077,73.32483227738012,0.00844641006353275,91.20102012671443,10000.0,0
16,0.37247783528993195,73.41795173620261,0.02982164623922423,91.18984579165573,10000.0,0
16,0.3301235294987898,73.50048261857731,-0.04235430579114213,91.17994208577076,10000.0,0
17,0.6647946802090754,73.66668128862958,0.3346711507102856,91.15999824536449,10000.0,0
17,0.19437008864519312,73.71527381079088,-0.4704245915638823,91.15416714270513,10000.0,0
17,0.39108032478913174,73.81304389198816,0.19671023614393862,91.14243473296146,10000.0,0
17,0.4238415996746647,73.91900429190683,0.03276127488553299,91.12971948497122,10000.0,0
18,3.4298102177352234,74.77645684634064,3.0059686180605585,91.02682517843917,10000.0,0
18,3.566999360979795,75.66820668658559,0.13718914324457154,90.91981519760978,10000.0,0
18,2.4701969784092723,76.28575593118791,-1.0968023825705226,90.8457092882575,10000.0,0
18,2.456734291636758,76.89993950409709,-0.013462686772514498,90.7720072595084,10000.0,0
19,3.749921880001847,77.83741997409756,1.2931875883650892,90.65950960310835,10000.0,0
19,2.543836217074518,78.47337902836618,-1.2060856629273289,90.58319451659611,10000.0,0
19,3.6068655982989974,79.37509542794093,1.0630293812244793,90.47498854864713,10000.0,0
19,3.527403255609758,80.25694624184338,-0.07946234268923957,90.36916645097884,10000.0,0
20,2.7727436781846797,80.95013216138955,-0.7546595774250782,90.2859841406333,10000.0,0
20,3.902634036033933,81.92579067039803,1.1298903578492534,90.16890511955229,10000.0,0
20,3.020711800975155,82.68096862064182,-0.8819222350587781,90.07828376552304,10000.0,0
20,3.260912657079879,83.49619678491179,0.2402008561047242,89.98045638581064,10000.0,0
21,3.152723829652904,84.28437774232502,-0.10818882742697511,89.88587467092105,10000.0,0
21,3.5909164677437504,85.18210685926095,0.4381926380908463,89.77814717688874,10000.0,0
21,3.8998842328641428,86.157077917477,0.30896776512039237,89.66115064990281,10000.0,0
21,3.1347244316401928,86.94075902538704,-0.76515980122395,89.5671089169536,10000.0,0
22,3.1185399929207263,87.72039402361722,-0.01618443871946651,89.47355271716597,10000.0,0
22,2.7762598395506135,88.41445898350487,-0.34228015337011275,89.39026492197945,10000.0,0
22,3.847758533079596,89.37639861677476,1.0714986935289823,89.27483216598706,10000.0,0
22,2.5376677570466053,90.01081555603642,-1.3100907760329905,89.19870213327566,10000.0,0
23,0.1841411345584237,90.05685083967603,-2.3535266224881815,89.1931778992389,10000.0,0
23,0.6157545208716957,90.21078946989395,0.43161338631327195,89.17470526361275,10000.0,0
23,0.5446218532208289,90.34694493319915,-0.07113266765086679,89.15836660801612,10000.0,0
23,0.5271979749754937,90.47874442694302,-0.0174238782453352,89.14255066876686,10000.0,0
0,0.5058696053385062,90.60521182827765,-0.021328369636987476,89.1273745806067,10000.0,0
0,0.129541206553987,90.63759712991614,-0.37632839878451924,89.12348834441008,10000.0,0
0,0.18968297045416602,90.68501787252968,0.06014176390017903,89.11779785529646,10000.0,0
0,0.4735796956948785,90.8034127964534,0.2838967252407125,89.10359046442561,10000.0,0
1,0.6450150579938656,90.96466656095187,0.1714353622989871,89.0842400126858,10000.0,0
1,0.39011109435419056,91.06219433454042,-0.25490396363967505,89.07253667985518,10000.0,0
1,0.6537855253172359,91.22564071586973,0.2636744309630453,89.05292311409566,10000.0,0
1,0.3466285005818768,91.3122978410152,-0.3071570247353591,89.0425242590782,10000.0,0
2,0.39848025796682524,91.4119179055069,0.05185175738494846,89.0305698513392,10000.0,0
2,0.6155275450426932,91.56579979176757,0.217047287075868,89.01210402498792,10000.0,0
2,0.4195657268034276,91.67069122346844,-0.19596181823926567,88.99951705318382,10000.0,0
2,0.5797282155692599,91.81562327736076,0.16016248876583233,88.98212520671674,10000.0,0
3,0.23257136200488104,91.87376611786198,-0.34715685356437886,88.9751480658566,10000.0,0
3,0.7813389504465389,92.06910085547361,0.5487675884416578,88.9517078973432,10000.0,0
3,0.5481601526145804,92.20614089362725,-0.2331787978319585,88.93526309276476,10000.0,0
3,0.6265538124496957,92.36277934673967,0.07839365983511526,88.91646647839127,10000.0,0
4,0.75125132048504,92.55059217686093,0.1246975080353443,88.89392893877672,10000.0,0
4,0.5060881886350455,92.67711422401969,-0.2451631318499945,88.87874629311767,10000.0,0
4,0.47033225019169483,92.79469728656761,-0.03575593844335062,88.86463632561193,10000.0,0
4,0.592352872323336,92.94278550464844,0.12202062213164117,88.84686573944222,10000.0,0
5,0.7826654219041264,93.13845186012448,0.19031254958079036,88.8233857767851,10000.0,0
5,0.41959861192640296,93.24335151310608,-0.3630668099777234,88.8107978184273,10000.0,0
5,0.17428706164975105,93.28692327851851,-0.2453115502766519,88.80556920657781,10000.0,0
5,0.3808846150034182,93.38214443226937,0.20659755335366714,88.7941426681277,10000.0,0
6,0.40984726018254686,93.48460624731501,0.028962645179128665,88.78184725032223,10000.0,0
6,0.5292949890321037,93.61692999457304,0.11944772884955684,88.76596840065126,10000.0,0
6,0.5142775035899168,93.74549937047053,-0.01501748544218695,88.75054007554357,10000.0,0
6,0.4214870104409751,93.85087112308076,-0.09279049314894167,88.73789546523034,10000.0,0
7,2.4414388329214747,94.46123083131113,2.0199518224804995,88.6646523002427,10000.0,0
7,2.502635831845712,95.08688978927256,0.061196998924237356,88.58957322528732,10000.0,0
7,2.2162025311811293,95.64094042206784,-0.2864333006645827,88.5230871493519,10000.0,0
7,2.1252159562777573,96.17224441113729,-0.09098657490337203,88.45933067066356,10000.0,0
8,2.1000913813511954,96.69726725647509,-0.025124574926561838,88.39632792922302,10000.0,0
8,1.5629172457688876,97.08799656791732,-0.5371741355823079,88.34944041184995,10000.0,0
8,1.7540105683324267,97.52649921000042,0.19109332256353917,88.29682009479998,10000.0,0
8,1.4370019938535432,97.8857497084638,-0.31700857447888353,88.25371003498438,10000.0,0
9,2.2943545596252757,98.45933834837012,0.8573525657717325,88.18487939819562,10000.0,0
9,1.5975143047004268,98.85871692454523,-0.6968402549248489,88.1369539690546,10000.0,0
9,2.2697727091008906,99.42616010182046,0.6722584044004638,88.06886078778157,10000.0,0
9,2.3621735379896642,100.01670348631788,0.09240082888877366,87.99799558164189,10000.0,0
10,0.6620748471226466,100.18222219809854,-1.7000986908670175,87.97813333622821,10000.0,0
10,0.5543787804658751,100.32081689321501,-0.10769606665677156,87.96150197281423,10000.0,0
10,0.4437321653087609,100.4317499345422,-0.11064661515711416,87.94819000785498,10000.0,0
10,0.2608500209830301,100.49696243978795,-0.1828821443257308,87.94036450722548,10000.0,0
11,0.6161744271477133,100.65100604657488,0.3553244061646832,87.92187927441105,10000.0,0
11,0.46105122652030434,100.76626885320495,-0.15512320062740897,87.90804773761545,10000.0,0
11,0.555812176363269,100.90522189729576,0.09476094984296463,87.89137337232455,10000.0,0
11,0.4668139676440366,101.02192538920677,-0.08899820871923236,87.87736895329523,10000.0,0
12,0.30034123244916566,101.09701069731906,-0.16647273519487094,87.86835871632175,10000.0,0
12,0.7138792695632199,101.27548051470987,0.41353803711405424,87.84694233823485,10000.0,0
12,0.6992009571851144,101.45028075400614,-0.014678312378105463,87.8259663095193,10000.0,0
12,0.4431556693551111,101.56106967134492,-0.25604528783000335,87.81267163943865,10000.0,0
13,0.5374854904608435,101.69544104396013,0.0943298211057324,87.79654707472483,10000.0,0
13,0.23735010722252645,101.75477857076577,-0.300135383238317,87.78942657150816,10000.0,0
13,0.22522262258782993,101.81108422641272,-0.012127484634696512,87.78266989283053,10000.0,0
13,0.5428500621557085,101.94679674195164,0.3176274395678786,87.76638439096585,10000.0,0
14,0.40726683425721977,102.04861345051594,-0.13558322789848876,87.75416638593813,10000.0,0
14,0.6652252639075252,102.21491976649283,0.25795842965030547,87.7342096280209,10000.0,0
14,0.6807944509517345,102.38511837923076,0.015569187044209287,87.71378579449235,10000.0,0
14,0.6504892860478275,102.54774070074272,-0.030305164903907,87.69427111591092,10000.0,0
15,0.48252541879570576,102.66837205544165,-0.16796386725212176,87.67979535334705,10000.0,0
15,0.6967936218391675,102.84257046090144,0.21426820304346172,87.65889154469187,10000.0,0
15,0.5932943633661754,102.99089405174298,-0.10349925847299213,87.64109271379088,10000.0,0
15,0.2809480596913966,103.06113106666584,-0.3123463036747788,87.63266427200014,10000.0,0
16,0.6102823064261634,103.21370164327237,0.32933424673476686,87.61435580280735,10000.0,0
16,0.5471122424681378,103.3504797038894,-0.0631700639580256,87.59794243553331,10000.0,0
16,0.6280558377144322,103.50749366331802,0.08094359524629435,87.57910076040189,10000.0,0
16,0.476913316866175,103.62672199253456,-0.1511425208482572,87.5647933608959,10000.0,0
17,0.6582133964804955,103.79127534165468,0.1813000796143205,87.5450469590015,10000.0,0
17,0.5578441622818897,103.93073638222515,-0.10036923419860577,87.52831163413303,10000.0,0
17,0.3585584741853225,104.02037600077148,-0.19928568809656722,87.51755487990748,10000.0,0
17,0.4612366616164691,104.13568516617559,0.1026781874311466,87.50371778005899,10000.0,0
18,2.420030012105087,104.74069266920186,1.9587933504886177,87.43111687969584,10000.0,0
18,2.6651145468250923,105.40697130590813,0.24508453472000546,87.35116344329109,10000.0,0
18,3.996943680444902,106.40620722601936,1.3318291336198098,87.23125513287773,10000.0,0
18,2.4806047885622,107.0263584231599,-1.516338891882702,87.15683698922086,10000.0,0
19,3.3061771463403056,107.85290270974498,0.8255723577781056,87.05765167483065,10000.0,0
19,3.018446899454715,108.60751443460866,-0.28773024688559046,86.967098267847,10000.0,0
19,3.0162850155298777,109.36158568849113,-0.0021618839248374044,86.87660971738111,10000.0,0
19,3.522749306523492,110.24227301512201,0.5064642909936143,86.77092723818541,10000.0,0
20,2.735756887366449,110.92621223696362,-0.786992419157043,86.68885453156442,10000.0,0
20,4.057349725844837,111.94054966842484,1.321592838478388,86.56713403978907,10000.0,0
20,3.137043171533106,112.72481046130811,-0.9203065543117308,86.47302274464307,10000.0,0
20,3.159718347174549,113.51474004810174,0.022675175641442724,86.37823119422784,10000.0,0
21,4.065755325815776,114.53117887955568,0.9060369786412275,86.25625853445337,10000.0,0
21,2.799000339194492,115.2309289643543,-1.2667549866212844,86.17228852427753,10000.0,0
21,3.57255051359209,116.12406659275233,0.7735501743975979,86.06511200886978,10000.0,0
21,3.91799255904182,117.10356473251278,0.34544204544973,85.94757223209852,10000.0,0
22,3.8737063060583785,118.07199130902737,-0.044286252983441354,85.83136104291677,10000.0,0
22,3.713789994443506,119.00043880763825,-0.15991631161487252,85.71994734308346,10000.0,0
22,2.8217874932723346,119.70588568095633,-0.8920025011711714,85.6352937182853,10000.0,0
22,2.7251027401455414,120.38716136599271,-0.09668475312679314,85.55354063608092,10000.0,0
23,0.4383989952192533,120.49676111479752,-2.286703744926288,85.54038866622435,10000.0,0
23,0.29407378798640094,120.57027956179412,-0.14432520723285236,85.53156645258476,10000.0,0
23,0.34413685824470336,120.6563137763553,0.05006307025830242,85.52124234683741,10000.0,0
23,0.40422343963137586,120.75736963626315,0.0600865813866725,85.50911564364847,10000.0,0
0,0.7042253687899399,120.93342597846063,0.30000192915856405,85.48798888258477,10000.0,0
0,0.5284061366498884,121.0655275126231,-0.17581923214005146,85.47213669848527,10000.0,0
0,0.609522697847527,121.21790818708499,0.08111656119763855,85.45385101754985,10000.0,0
0,0.3397175343810536,121.30283757068025,-0.2698051634664734,85.44365949151842,10000.0,0
1,0.5972008453441509,121.4521377820163,0.25748331096309723,85.4257434661581,10000.0,0
1,0.5215991644502836,121.58253757312886,-0.0756016808938672,85.41009549122458,10000.0,0
1,0.3429526565001786,121.66827573725391,-0.17864650795010506,85.39980691152958,10000.0,0
1,0.3170472668333404,121.74753755396225,-0.025905389666838197,85.39029549352458,10000.0,0
2,0.4783103389803017,121.86711513870732,0.16126307214696128,85.37594618335517,10000.0,0
2,0.513971401902023,121.99560798918283,0.035661062921721276,85.36052704129811,10000.0,0
2,0.3945440891384532,122.09424401146744,-0.11942731276356977,85.34869071862396,10000.0,0
2,0.23277992636963854,122.15243899305985,-0.16176416276881464,85.34170732083287,10000.0,0
3,0.5019865258740761,122.27793562452837,0.2692065995044376,85.32664772505665,10000.0,0
3,0.621427345722148,122.43329246095891,0.11944081984807187,85.30800490468498,10000.0,0
3,0.4472334136386688,122.54510081436858,-0.17419393208347916,85.29458790227582,10000.0,0
3,0.5759418609072032,122.68908627959539,0.12870844726853442,85.2773096464486,10000.0,0
4,0.4736089026922223,122.80748850526844,-0.10233295821498095,85.26310137936784,10000.0,0
4,0.41929623321313314,122.91231256357172,-0.05431266947908914,85.25052249237145,10000.0,0
4,0.5455558019498647,123.04870151405919,0.1262595687367316,85.23415581831294,10000.0,0
4,0.5105532864457284,123.17633983567062,-0.035002515504136356,85.21883921971957,10000.0,0
5,0.4288240796104926,123.28354585557324,-0.08172920683523577,85.20597449733125,10000.0,0
5,0.7652498408964373,123.47485831579735,0.3364257612859447,85.18301700210436,10000.0,0
5,0.32959140875224563,123.55725616798541,-0.4356584321441917,85.1731292598418,10000.0,0
5,0.4242326524425248,123.66331433109605,0.09464124369027915,85.16040228026853,10000.0,0
6,0.7405969105962144,123.8484635587451,0.31636425815368957,85.13818437295065,10000.0,0
6,0.5256898518807,123.97988602171527,-0.2149070587155143,85.12241367739422,10000.0,0
6,0.538879139354876,124.114605806554,0.013189287474175915,85.10624730321358,10000.0,0
6,0.6948412868228947,124.28831612825972,0.15596214746801873,85.08540206460889,10000.0,0
7,2.2374066359570604,124.847667787249,1.5425653491341658,85.01827986553018,10000.0,0
7,2.3550865031618384,125.43643941303945,0.11767986720477808,84.94762727043532,10000.0,0
7,2.2606469328513756,126.0016011462523,-0.0944395703104628,84.87980786244978,10000.0,0
7,2.2935265742578173,126.57498278981676,0.03287964140644162,84.81100206522204,10000.0,0
8,1.7120631216308364,127.00299857022446,-0.5814634526269808,84.75964017157311,10000.0,0
8,1.718082076503828,127.43251908935042,0.006018954872991644,84.708097709278,10000.0,0
8,1.7218626107712451,127.86298474204324,0.0037805342674170905,84.65644183095486,10000.0,0
8,1.687043855470493,128.28474570591086,-0.03481875530075218,84.60583051529075,10000.0,0
9,2.550141634816396,128.92228111461498,0.8630977793459029,84.52932626624626,10000.0,0
9,2.1488965197766308,129.45950524455913,-0.4012451150397651,84.46485937065296,10000.0,0
9,2.314231180029555,130.0380630395665,0.16533466025292443,84.39543243525208,10000.0,0
9,1.6425183080375598,130.4486926165759,-0.6717128719919954,84.34615688601095,10000.0,0
10,0.40887622631449194,130.55091167315453,-1.233642081723068,84.3338905992215,10000.0,0
10,0.6702266867792156,130.71846834484933,0.26135046046472366,84.31378379861813,10000.0,0
10,0.45152466415888337,130.83134951088905,-0.21870202262033223,84.30023805869337,10000.0,0
10,0.7599182710763669,131.02132907865814,0.3083936069174835,84.27744051056108,10000.0,0
11,0.5038108995651059,131.14728180354942,-0.25610737151126095,84.26232618357413,10000.0,0
11,0.4458724633008082,131.25874991937462,-0.05793843626429773,84.24895000967511,10000.0,0
11,0.4993762139234378,131.3835939728555,0.053503750622629576,84.2339687232574,10000.0,0
11,0.3229669555374869,131.46433571173986,-0.1764092583859509,84.22427971459128,10000.0,0
12,0.33056340298228326,131.54697656248544,0.007596447444796373,84.2143628125018,10000.0,0
12,0.527149431435677,131.67876392034435,0.1965860284533938,84.19854832955873,10000.0,0
12,0.4084252556990164,131.78087023426912,-0.11872417573666066,84.18629557188777,10000.0,0
12,0.4635109789718841,131.89674797901208,0.055085723272867704,84.17239024251862,10000.0,0
13,0.40839829610867207,131.99884755303924,-0.055112682863212026,84.16013829363536,10000.0,0
13,0.5821855480164932,132.14439394004336,0.17378725190782118,84.14267272719486,10000.0,0
13,0.5739616173333077,132.2878843443767,-0.008223930683185499,84.12545387867486,10000.0,0
13,0.8479027205096977,132.49986002450413,0.27394110317639,84.10001679705957,10000.0,0
14,0.3319114228959729,132.5828378802281,-0.5159912976137249,84.09005945437269,10000.0,0
14,0.4311929044510614,132.6906361063409,0.09928148155508848,84.07712366723916,10000.0,0
14,0.38038293001997553,132.7857318388459,-0.05080997443108587,84.06571217933856,10000.0,0
14,0.7294283222758842,132.96808891941487,0.34904539225590864,84.04382932967029,10000.0,0
15,0.7913839310163288,133.16593490216894,0.06195560874044459,84.0200878117398,10000.0,0
15,0.5015685000482221,133.29132702718098,-0.2898154309681067,84.00504075673835,10000.0,0
15,0.48292768503849287,133.4120589484406,-0.018640815009729195,83.99055292618719,10000.0,0
15,0.5297661515024812,133.54450048631622,0.046838466463988315,83.97465994164212,10000.0,0
16,0.7481011123809912,133.73152576441146,0.21833496087851,83.95221690827069,10000.0,0
16,0.4916556466888275,133.85443967608367,-0.2564454656921637,83.93746723887001,10000.0,0
16,0.3020320736164705,133.9299476944878,-0.189623573072357,83.92840627666152,10000.0,0
16,0.29104916894933247,134.00270998672514,-0.010982904667138027,83.91967480159303,10000.0,0
17,0.2657031199851152,134.06913576672142,-0.02534604896421727,83.91170370799348,10000.0,0
17,0.481282041052215,134.18945627698446,0.2155789210670998,83.89726524676192,10000.0,0
17,0.32288656559825185,134.270177918384,-0.15839547545396315,83.88757864979397,10000.0,0
17,0.4393334810193749,134.38001128863885,0.11644691542112307,83.87439864536339,10000.0,0
18,2.422788676204459,134.98570845768998,1.9834551951850838,83.80171498507725,10000.0,0
18,3.216978968614764,135.78995319984367,0.7941902924103053,83.70520561601882,10000.0,0
18,3.4798549467418427,136.65991693652913,0.26287597812707864,83.60080996761656,10000.0,0
18,3.990832410681845,137.6576250391996,0.5109774639400024,83.4810849952961,10000.0,0
19,2.7683984097252226,138.3497246416309,-1.2224340009566226,83.39803304300435,10000.0,0
19,2.6296095384044285,139.007127026232,-0.1387888713207941,83.31914475685221,10000.0,0
19,3.02406537816858,139.76314337077415,0.39445583976415133,83.22842279550716,10000.0,0
19,2.832274534632711,140.47121200443232,-0.19179084353586884,83.14345455946818,10000.0,0
20,3.5133285306405093,141.34954413709244,0.6810539960077984,83.03805470354897,10000.0,0
20,3.6139098779196708,142.25302160657236,0.10058134727916146,82.92963740721137,10000.0,0
20,3.1068968419522762,143.02974581706042,-0.5070130359673946,82.8364305019528,10000.0,0
20,2.7562351337337696,143.71880460049385,-0.3506617082185066,82.75374344794079,10000.0,0
21,3.5796170132835337,144.61370885381473,0.823381879549764,82.64635493754228,10000.0,0
21,3.8506675079729873,145.57637573080797,0.27105049468945364,82.53083491230309,10000.0,0
21,3.65109249914332,146.4891488555938,-0.1995750088296675,82.4213021373288,10000.0,0
21,3.933473852675147,147.47251731876258,0.28238135353182736,82.30329792174854,10000.0,0
22,3.700389108051932,148.39761459577556,-0.23308474462321493,82.19228624850697,10000.0,0
22,3.4565907049091766,149.26176227200287,-0.24379840314275558,82.0885885273597,10000.0,0
22,3.7322596319495376,150.19482717999026,0.27566892704036094,81.97662073840122,10000.0,0
22,3.7459258715733874,151.1313086478836,0.01366623962384983,81.86424296225402,10000.0,0
23,0.8110030320753369,151.33405940590242,-2.9349228394980504,81.83991287129176,10000.0,0
23,0.4667243317440528,151.45074048883845,-0.34427870033128405,81.82591114133943,10000.0,0
23,0.5870796599954806,151.5975104038373,0.1203553282514278,81.80829875153957,10000.0,0
23,0.3132048785885303,151.67581162348444,-0.2738747814069503,81.79890260518191,10000.0,0
0,0.4319138781811489,151.78379009302972,0.1187089995926186,81.78594518883648,10000.0,0
0,0.5551184946762947,151.9225697166988,0.1232046164951458,81.76929163399619,10000.0,0
0,0.5692288834799539,152.06487693756878,0.014110388803659224,81.7522147674918,10000.0,0
0,0.5778494418770191,152.20933929803803,0.008620558397065214,81.73487928423549,10000.0,0
1,0.5689182413164562,152.35156885836716,-0.008931200560562957,81.717811736996,10000.0,0
1,0.46176262942998547,152.46700951572467,-0.10715561188647071,81.7039588581131,10000.0,0
1,0.4274309375049219,152.5738672501009,-0.03433169192506358,81.69113592998795,10000.0,0
1,0.39059784608907455,152.67151671162318,-0.03683309141584734,81.67941799460527,10000.0,0
2,0.26666900160382867,152.73818396202415,-0.12392884448524588,81.67141792455716,10000.0,0
2,0.2566396746223835,152.80234388067976,-0.010029326981445152,81.6637187343185,10000.0,0
2,0.2648631953862468,152.86855967952633,0.00822352076386329,81.65577283845691,10000.0,0
2,0.7221689415085055,153.04910191490345,0.4573057461222587,81.63410777021166,10000.0,0
3,0.3959227889344025,153.14808261213705,-0.326246152574103,81.62223008654362,10000.0,0
3,0.5743089343604564,153.29165984572717,0.17838614542605385,81.6050008185128,10000.0,0
3,0.4970635107541376,153.4159257234157,-0.07724542360631875,81.59008891319019,10000.0,0
3,0.6976021105730399,153.59032625105897,0.20053859981890226,81.569160849873,10000.0,0
4,0.2710519380792935,153.65808923557879,-0.4265501724937464,81.56102929173062,10000.0,0
4,0.4016119383473666,153.75849222016564,0.13056000026807307,81.5489809335802,10000.0,0
4,0.7338662790224882,153.94195878992124,0.33225434067512166,81.52696494520953,10000.0,0
4,0.5494167788191404,154.07931298462603,-0.18444950020334783,81.51048244184496,10000.0,0
5,0.46702604192105895,154.1960694951063,-0.08239073689808146,81.49647166058733,10000.0,0
5,0.5863910088804751,154.3426672473264,0.11936496695941617,81.47887993032091,10000.0,0
5,0.282902840485021,154.41339295744766,-0.3034881683954541,81.47039284510636,10000.0,0
5,0.6489788936105197,154.5756376808503,0.36607605312549873,81.45092347829805,10000.0,0
6,0.2074047183863446,154.62748886044687,-0.44157417522417514,81.44470133674646,10000.0,0
6,0.24608248852687853,154.6890094825786,0.03867777014053392,81.43731886209065,10000.0,0
6,0.4367110263510273,154.79818723916637,0.1906285378241488,81.42421753130012,10000.0,0
6,0.3801358035740716,154.89322119005988,-0.0565752227769557,81.4128134571929,10000.0,0
7,2.4445225372950556,155.50435182438363,2.0643867337209842,81.33947778107405,10000.0,0
7,1.7083554637737455,155.93144069032707,-0.7361670735213102,81.28822711716084,10000.0,0
7,1.5725076772597466,156.324567609642,-0.13584778651399887,81.24105188684305,10000.0,0
7,2.4846869648311296,156.94573935084978,0.912179287571383,81.16651127789812,10000.0,0
8,2.2393181303014025,157.50556888342513,-0.24536883452972713,81.09933173398908,10000.0,0
8,1.649889041277609,157.91804114374452,-0.5894290890237934,81.04983506275074,10000.0,0
8,1.8511533080971863,158.38082947076882,0.2012642668195772,80.99430046350783,10000.0,0
8,1.6495743962458915,158.79322306983028,-0.20157891185129473,80.94481323162044,10000.0,0
9,2.6692449540991627,159.46053430835508,1.0196705578532712,80.86473588299746,10000.0,0
9,1.6448245988211634,159.87174045806037,-1.0244203552779994,80.81539114503283,10000.0,0
9,1.861491737443023,160.33711339242112,0.2166671386218597,80.75954639290954,10000.0,0
9,1.4265805803458778,160.6937585375076,-0.43491115709714534,80.71674897549917,10000.0,0
10,0.7360218116668196,160.87776399042428,-0.6905587686790582,80.69466832114917,10000.0,0
10,0.4301252950786831,160.98529531419396,-0.3058965165881365,80.6817645622968,10000.0,0
10,0.5041346172971797,161.11132896851825,0.0740093222184966,80.66664052377789,10000.0,0
10,0.4685069925757645,161.22845571666218,-0.035627624721415174,80.65258531400062,10000.0,0
11,0.2919432657551649,161.30144153310098,-0.17656372682059962,80.64382701602796,10000.0,0
11,0.3168465287783022,161.38065316529557,0.024903263023137334,80.63432162016461,10000.0,0
11,0.6371066673627311,161.53992983213627,0.3202601385844289,80.61520842014373,10000.0,0
11,0.3802169433971198,161.63498406798556,-0.2568897239656113,80.60380191184181,10000.0,0
12,0.578433208057213,161.77959236999985,0.19821626466009318,80.5864489156001,10000.0,0
12,0.5527149396649671,161.91777110491608,-0.02571826839224589,80.56986746741015,10000.0,0
12,0.4724541468241855,162.03588464162212,-0.08026079284078158,80.55569384300543,10000.0,0
12,0.581152357575847,162.1811727310161,0.10869821075166153,80.53825927227815,10000.0,0
13,0.4292030701152681,162.2884734985449,-0.15194928746057895,80.5253831801747,10000.0,0
13,0.5139109728091642,162.4169512417472,0.08470790269389611,80.50996585099043,10000.0,0
13,0.6047329100663059,162.56813446926378,0.09082193725714172,80.49182386368844,10000.0,0
13,0.29024554022574783,162.64069585432023,-0.3144873698405581,80.48311649748166,10000.0,0
14,0.615000492269766,162.79444597738768,0.3247549520440182,80.46466648271357,10000.0,0
14,0.1929851670376765,162.8426922691471,-0.4220153252320895,80.45887692770243,10000.0,0
14,0.5909388786598022,162.99042698881206,0.39795371162212567,80.44114876134265,10000.0,0
14,0.4786570341084219,163.11009124733917,-0.1122818445513803,80.4267890503194,10000.0,0
15,0.2199270368226742,163.16507300654484,-0.25872999728574775,80.42019123921472,10000.0,0
15,0.5909339796894646,163.3128065014672,0.37100694286679037,80.40246321982403,10000.0,0
15,0.3628732760506958,163.40352482047987,-0.2280607036387688,80.3915770215425,10000.0,0
15,0.4291965247168935,163.5108239516591,0.06632324866619771,80.378701125801,10000.0,0
16,0.7289939999559532,163.69307245164808,0.29979747523905964,80.35683130580232,10000.0,0
16,0.2897860122663817,163.76551895471468,-0.4392079876895715,80.34813772543433,10000.0,0
16,0.3065362736840205,163.8421530231357,0.0167502614176388,80.33894163722381,10000.0,0
16,0.6558765291809627,164.00612215543094,0.34934025549694225,80.31926534134838,10000.0,0
17,0.4906185293899645,164.12877678777843,-0.16525799979099826,80.30454678546668,10000.0,0
17,0.37690711957434125,164.223003567672,-0.11371140981562322,80.29323957187945,10000.0,0
17,0.4819904821760451,164.343501188216,0.10508336260170387,80.27877985741418,10000.0,0
17,0.5955336389904015,164.49238459796362,0.11354315681435634,80.26091384824447,10000.0,0
18,2.5266358183267235,165.1240435525453,1.931102179336322,80.18511477369466,10000.0,0
18,3.1544359771034793,165.91265254682116,0.6278001587767559,80.09048169438157,10000.0,0
18,3.4469149508455574,166.77438128453255,0.2924789737420781,79.9870742458562,10000.0,0
18,3.4468487307870195,167.6360934672293,-6.622005853795798e-05,79.88366878393259,10000.0,0
19,2.958282752565868,168.37566415537077,-0.48856597822115155,79.79492030135562,10000.0,0
19,2.9396467819251435,169.11057585085206,-0.01863597064072442,79.70673089789786,10000.0,0
19,3.4866881957737648,169.9822478997955,0.5470414138486213,79.60213025202464,10000.0,0
19,2.6853895438700874,170.65359528576303,-0.8012986519036773,79.52156856570853,10000.0,0
20,3.8436331564899735,171.61450357488553,1.158243612619886,79.40625957101383,10000.0,0
20,3.8975818396371067,172.58889903479482,0.05394868314713319,79.28933211582472,10000.0,0
20,2.7478257036267997,173.2758554607015,-1.149756136010307,79.20689734471591,10000.0,0
20,3.037213519900165,174.03515884067656,0.2893878162733654,79.1157809391189,10000.0,0
21,3.2170517418284046,174.83942177613366,0.1798382219282395,79.01926938686405,10000.0,0
21,2.6970219969740548,175.51367727537718,-0.5200297448543498,78.93835872695483,10000.0,0
21,3.696332032313521,176.43776028345556,0.9993100353394664,78.82746876598543,10000.0,0
21,3.883355016572584,177.40859903759872,0.18702298425906294,78.71096811548826,10000.0,0
22,3.962146070795169,178.3991355552975,0.07879105422258492,78.5921037333644,9917.870559172952,0
22,3.681633293729125,179.31954387872977,-0.28051277706604383,78.48165473455252,10000.0,0
22,3.5607909869493315,180.2097416254671,-0.12084230677979368,78.37483100494404,10000.0,0
22,4.027294649778176,181.21656528791164,0.46650366282884415,78.2540121654507,9715.456524861045,0
23,0.3078323193152665,181.29352336774045,-3.719462330462909,78.24477719587125,10000.0,0
23,0.6185248069709989,181.4481545694832,0.3106924876557324,78.22622145166213,10000.0,0
23,0.5517854185890934,181.58610092413048,-0.06673938838190552,78.20966788910445,10000.0,0
23,0.6085004381012871,181.7382260336558,0.05671501951219371,78.19141287596142,10000.0,0
0,0.6001568833940263,181.8882652545043,-0.00834355470726078,78.17340816945959,10000.0,0
0,0.616871427281863,182.04248311132474,0.016714543887836664,78.15490202664114,10000.0,0
0,0.3389818500826381,182.1272285738454,-0.27788957719922486,78.14473257113866,10000.0,0
0,0.5886223374641545,182.27438415821143,0.2496404873815164,78.12707390101474,10000.0,0
1,0.4684694872150802,182.3915015300152,-0.1201528502490743,78.11301981639829,10000.0,0
1,0.4797527836123601,182.5114397259183,0.01128329639727993,78.09862723288992,10000.0,0
1,0.49493002518225687,182.63517223221388,0.015177241569896749,78.08377933213445,10000.0,0
1,0.41066826700184655,182.73783929896433,-0.08426175818041032,78.0714592841244,10000.0,0
2,0.45941064746314686,182.85269196083013,0.048742380461300305,78.0576769647005,10000.0,0
2,0.3116108680732517,182.93059467784843,-0.14779977938989514,78.0483286386583,10000.0,0
2,0.6168151883899994,183.08479847494593,0.30520432031674766,78.02982418300661,10000.0,0
2,0.4450662494196521,183.19606503730083,-0.17174893897034726,78.01647219552402,10000.0,0
3,0.6247195107641805,183.35224491499187,0.17965326134452841,77.99773061020109,10000.0,0
3,0.4727451800059248,183.47043120999336,-0.15197433075825573,77.98354825480091,10000.0,0
3,0.6357905835319397,183.62937885587635,0.16304540352601493,77.96447453729495,10000.0,0
3,0.4733539968600001,183.74771735509137,-0.1624365866719396,77.95027391738915,10000.0,0
4,0.718125074694892,183.92724862376508,0.24477107783489183,77.92873016514831,10000.0,0
4,0.759248639499486,184.11706078363994,0.041123564804594004,77.90595270596333,10000.0,0
4,0.40722400815881216,184.21886678567964,-0.3520246313406738,77.89373598571856,10000.0,0
4,0.45466123387185486,184.3325320941476,0.04743722571304271,77.8800961487024,10000.0,0
5,0.7087413711283086,184.5097174369297,0.25408013725645373,77.85883390756855,10000.0,0
5,0.5442830441865889,184.64578819797634,-0.1644583269417197,77.84250541624296,10000.0,0
5,0.34695104101435037,184.73252595822993,-0.19733200317223853,77.83209688501253,10000.0,0
5,0.5257658280622923,184.8639674152455,0.17881478704794196,77.81632391017067,10000.0,0
6,0.7183237881784262,185.0435483622901,0.1925579601161339,77.79477419652531,10000.0,0
6,0.6121467525026002,185.19658505041573,-0.10617703567582604,77.77640979395024,10000.0,0
6,0.4620754093885155,185.31210390276286,-0.1500713431140847,77.76254753166859,10000.0,0
6,0.4983265203736931,185.43668553285627,0.03625111098517764,77.74759773605737,10000.0,0
7,1.543393803324852,185.8225339836875,1.045067282951159,77.70129592195762,10000.0,0
7,1.4067447112146834,186.17422016149115,-0.13664909211016862,77.65909358062119,10000.0,0
7,1.5834743258420836,186.57008874295167,0.17672961462740022,77.61158935084593,10000.0,0
7,1.776326595082013,187.01417039172216,0.19285226923992949,77.55829955299347,10000.0,0
8,2.3358472275253477,187.5981321986035,0.5595206324433346,77.48822413616772,10000.0,0
8,1.99836401499375,188.09772320235194,-0.33748321253159763,77.42827321571791,10000.0,0
8,1.6540486099120122,188.51123535482995,-0.34431540508173786,77.37865175742054,10000.0,0
8,1.8990052974305336,188.9859866791876,0.2449566875185214,77.32168159849762,10000.0,0
9,2.3009907472081297,189.56123436598963,0.4019854497775961,77.25265187608137,10000.0,0
9,2.141588850194123,190.09663157853817,-0.15940189701400653,77.18840421057556,10000.0,0
9,2.358977093955121,190.68637585202694,0.21738824376099775,77.1176348977569,10000.0,0
9,2.317008996585346,191.2656281011733,-0.04196809736977469,77.04812462785934,10000.0,0
10,0.37839680565283074,191.3602273025865,-1.9386121909325156,77.03677272368975,10000.0,0
10,0.48295694249757504,191.4809665382109,0.1045601368447443,77.02228401541483,10000.0,0
10,0.32360986884226406,191.56186900542147,-0.15934707365531098,77.01257571934956,10000.0,0
10,0.32583469135434273,191.64332767826005,0.0022248225120786724,77.00280067860892,10000.0,0
11,0.3334370964908261,191.72668695238275,0.007602405136483359,76.9927975657142,10000.0,0
11,0.6834620906047777,191.89755247503393,0.3500249941139516,76.97229370299605,10000.0,0
11,0.5559780066159339,192.03654697668793,-0.1274840839888438,76.95561436279758,10000.0,0
11,0.31069401110562744,192.11422047946434,-0.24528399551030644,76.9462935424644,10000.0,0
12,0.24592332203853054,192.17570130997396,-0.0647706890670969,76.93891584280324,10000.0,0
12,0.7848900089444497,192.37192381221007,0.5389666869059192,76.91536914253491,10000.0,0
12,0.3029626022669379,192.4476644627768,-0.4819274066775118,76.9062802644669,10000.0,0
12,0.586062924369591,192.5941801938692,0.28310032210265307,76.88869837673582,10000.0,0
13,0.47980224053509163,192.71413075400295,-0.10626068383449933,76.87430430951976,10000.0,0
13,0.5326468382947208,192.84729246357662,0.052844597759629186,76.85832490437092,10000.0,0
13,0.3566862060488921,192.93646401508886,-0.1759606322458287,76.84762431818945,10000.0,0
13,0.6341917538490414,193.0950119535511,0.27750554780014924,76.82859856557397,10000.0,0
14,0.6619044664679394,193.2604880701681,0.027712712618898072,76.80874143157993,10000.0,0
14,0.22147195956039445,193.3158560600582,-0.440432506907545,76.80209727279312,10000.0,0
14,0.5578373830943311,193.45531540583178,0.3363654235339366,76.78536215130029,10000.0,0
14,0.3746573318641173,193.5489797387978,-0.18318005123021375,76.77412243134437,10000.0,0
15,0.48207592271852795,193.66949871947745,0.10741859085441063,76.75966015366281,10000.0,0
15,0.30511601492887774,193.74577772320967,-0.1769599077896502,76.75050667321494,10000.0,0
15,0.615785401560152,193.8997240735997,0.3106693866312743,76.73203311116814,10000.0,0
15,0.7451374125493454,194.08600842673704,0.12935201098919336,76.70967898879165,10000.0,0
16,0.3047626259432244,194.16219908322284,-0.440374786606121,76.70053611001336,10000.0,0
16,0.44189487424880214,194.27267280178503,0.13713224830557774,76.6872792637859,10000.0,0
16,0.44602835555611337,194.38417989067406,0.004133481307311226,76.67389841311922,10000.0,0
16,0.660787149691801,194.54937667809702,0.2147587941356876,76.65407479862846,10000.0,0
17,0.19842973881158898,194.5989841127999,-0.462357410880212,76.64812190646411,10000.0,0
17,0.5511025267480316,194.73675974448693,0.35267278793644263,76.63158883066167,10000.0,0
17,0.695704685263401,194.9106859158028,0.1446021585153694,76.61071769010377,10000.0,0
17,0.34399978331347525,194.99668586163116,-0.35170490194992576,76.60039769660436,10000.0,0
18,3.773272759573318,195.94000405152448,3.429272976259843,76.48719951381716,10000.0,0
18,2.8725811623620383,196.658149342115,-0.9006915972112797,76.4010220789463,10000.0,0
18,2.6564165526222623,197.32225348027058,-0.21616460973977603,76.32132958236762,10000.0,0
18,3.4298671214941425,198.1797202606441,0.7734505688718802,76.2184335687228,10000.0,0
19,3.0869047360482407,198.95144644465617,-0.34296238544590185,76.12582642664135,10000.0,0
19,3.7257725116516123,199.88288957256907,0.6388677756033716,76.0140532512918,10000.0,0
19,3.977195527372787,200.87718845441228,0.25142301572117454,75.89473738547062,9541.237897801362,0
19,3.4475042275980257,201.7390645113118,-0.5296912997747611,75.79131225864268,10000.0,0
20,0.10597556836383826,202.66506213861655,-2.0,75.6801925433661,10000.0,1
20,3.265574238973789,203.48145569836,-0.43841627024517305,75.5822253161969,10000.0,0
20,3.854825509684437,204.44516207578113,0.5892512707106476,75.46658055090636,9788.585807750893,0
20,3.7519489504546772,205.3831493133948,-0.10287655922975958,75.35402208239272,10000.0,0
21,3.2105363759503525,206.1857834073824,-0.5414125745043248,75.25770599111421,10000.0,0
21,3.846443202678612,207.14739420805205,0.6359068267282595,75.14231269503385,9767.765794995457,0
21,3.1663968526442736,207.93899342121313,-0.6800463500343383,75.04732078945452,10000.0,0
21,2.7583555834737274,208.62858231708157,-0.4080412691705462,74.9645701219503,10000.0,0
22,3.7150741091451533,209.55735084436785,0.9567185256714259,74.85311789867595,10000.0,0
22,2.9852296761917816,210.3036582634158,-0.7298444329533718,74.7635610083902,10000.0,0
22,3.744955357527509,211.23989710279767,0.7597256813357274,74.65121234766437,9966.902836052835,0
22,3.914302934819385,212.2184728365025,0.16934757729187622,74.53378325961978,9520.696852127894,0
23,0.6012717891330489,212.36879078378578,-3.3130311456863364,74.5157451059458,10000.0,0
23,0.46247753434483985,212.484410167372,-0.13879425478820906,74.50187077991545,10000.0,0
23,0.3561852464195765,212.5734564789769,-0.10629228792526335,74.49118522252286,10000.0,0
23,0.6089259527267683,212.7256879671586,0.2527407063071918,74.47291744394106,10000.0,0
0,0.5697907219781242,212.86813564765313,-0.03913523074864411,74.4558237222817,10000.0,0
0,0.578950650454267,213.0128733102667,0.009159928476142776,74.43845520276808,10000.0,0
0,0.472969345462181,213.13111564663225,-0.10598130499208597,74.42426612240422,10000.0,0
0,0.6243840888080808,213.28721166883426,0.15141474334589983,74.40553459973998,10000.0,0
1,0.6069758270832494,213.43895562560508,-0.017408261724831453,74.38732532492749,10000.0,0
1,0.5000504869303216,213.56396824733767,-0.10692534015292776,74.37232381031959,10000.0,0
1,0.5895302844512674,213.71135081845048,0.08947979752094581,74.35463790178605,10000.0,0
1,0.440122103192804,213.8213813442487,-0.14940818125846345,74.34143423869027,10000.0,0
2,0.290755418735134,213.89407019893247,-0.14936668445766998,74.33271157612822,10000.0,0
2,0.6581772926492442,214.05861452209479,0.3674218739141102,74.31296625734875,10000.0,0
2,0.6946472505372565,214.2322763347291,0.03646995788801233,74.29212683983263,10000.0,0
2,0.5960080429781838,214.38127834547365,-0.09863920755907274,74.27424659854329,10000.0,0
3,0.5915802726251508,214.52917341362993,-0.004427770353032989,74.25649919036454,10000.0,0
3,0.5212066909834752,214.6594750863758,-0.07037358164167562,74.24086298963503,10000.0,0
3,0.38176088750490883,214.75491530825204,-0.13944580347856633,74.22941016300989,10000.0,0
3,0.5805758989830478,214.9000592829978,0.19881501147813901,74.21199288604039,10000.0,0
4,0.5675013763800073,215.04193462709281,-0.01307452260304054,74.19496784474899,10000.0,0
4,0.25833658375913504,215.1065187730326,-0.30916479262087226,74.18721774723622,10000.0,0
4,0.41428789358869894,215.21009074642978,0.1559513098295639,74.17478911042856,10000.0,0
4,0.5451934090696783,215.34638909869722,0.13090551548097934,74.15843330815648,10000.0,0
5,0.40280928427513335,215.447091419766,-0.14238412479454493,74.14634902962823,10000.0,0
5,0.748737236015103,215.63427572876978,0.34592795173996965,74.12388691254777,10000.0,0
5,0.4434929618020697,215.7451489692203,-0.3052442742130333,74.11058212369372,10000.0,0
5,0.5788183578133134,215.88985355867365,0.13532539601124366,74.09321757295932,10000.0,0
6,0.4067633958156537,215.99154440762757,-0.17205496199765968,74.08101467108484,10000.0,0
6,0.35770608272040694,216.08097092830766,-0.049057313095246746,74.07028348860324,10000.0,0
6,0.6385798315505395,216.2406158861953,0.2808737488301326,74.05112609365672,10000.0,0
6,0.7125449545926112,216.41875212484345,0.0739651230420717,74.02974974501895,10000.0,0
7,1.9877575287327958,216.91569150702665,1.2752125741401845,73.97011701915696,10000.0,0
7,2.0678996000138534,217.43266640703013,0.08014207128105766,73.90808003115654,10000.0,0
7,2.105011311185601,217.95891923482654,0.03711171117174761,73.84492969182098,10000.0,0
7,1.7404373201768488,218.39402856487075,-0.3645739910087522,73.79271657221567,10000.0,0
8,1.8006761841146102,218.8441976108994,0.060238863937761344,73.73869628669223,10000.0,0
8,1.7731106280864644,219.28747526792102,-0.02756555602814581,73.68550296784964,10000.0,0
8,1.6907152607358673,219.71015408310498,-0.08239536735059705,73.63478151002757,10000.0,0
8,1.7723726582531047,220.15324724766825,0.08165739751723744,73.58161033027997,10000.0,0
9,1.9856517207409925,220.6496601778535,0.21327906248788775,73.52204077865774,10000.0,0
9,1.9968330028102423,221.14886842855606,0.011181282069249843,73.46213578857343,10000.0,0
9,1.7774755436514575,221.59323731446892,-0.2193574591587848,73.40881152226389,10000.0,0
9,2.184200523762848,222.13928744540962,0.40672498011139036,73.343285506551,10000.0,0
10,0.5456899709805366,222.27570993815476,-1.6385105527823112,73.32691480742159,10000.0,0
10,0.58303467127986,222.42146860597472,0.03734470029932335,73.30942376728319,10000.0,0
10,0.28175497126814636,222.49190734879176,-0.3012797000117136,73.30097111814514,10000.0,0
10,0.3130369908449356,222.570166596503,0.03128201957678922,73.2915800084198,10000.0,0
11,0.4274939875835292,222.67704009339886,0.11445699673859361,73.27875518879229,10000.0,0
11,0.771528036001607,222.86992210239927,0.34403404841807783,73.25560934771224,10000.0,0
11,0.2523199369082452,222.93300208662635,-0.5192080990933619,73.24803974960498,10000.0,0
11,0.3384891813376636,223.01762438196076,0.08616924442941837,73.23788507416485,10000.0,0
12,0.5477829006064595,223.15457010711236,0.20929371926879592,73.22145158714666,10000.0,0
12,0.35850198616283785,223.24419560365308,-0.18928091444362166,73.21069652756178,10000.0,0
12,0.45445341936575967,223.35780895849453,0.09595143320292182,73.19706292498081,10000.0,0
12,0.4495937050302705,223.4702073847521,-0.0048597143354891514,73.1835751138299,10000.0,0
13,0.458389150944881,223.5848046724883,0.008795445914610456,73.16982343930155,10000.0,0
13,0.44514571158572436,223.69609110038473,-0.013243439359156617,73.15646906795398,10000.0,0
13,0.7606284424218192,223.8862482109902,0.3154827308360948,73.13365021468132,10000.0,0
13,0.3769357830816585,223.98048215676062,-0.38369265934016067,73.12234214118888,10000.0,0
14,0.2122049170102438,224.03353338601318,-0.16473086607141468,73.11597599367857,10000.0,0
14,0.4796696746287079,224.15345080467034,0.2674647576184641,73.10158590343971,10000.0,0
14,0.439527706744945,224.26333273135657,-0.0401419678837629,73.08840007223736,10000.0,0
14,0.5327414486942815,224.39651809353015,0.09321374194933651,73.07241782877654,10000.0,0
15,0.6886151150724528,224.56867187229827,0.15587366637817124,73.05175937532437,10000.0,0
15,0.5146918671432277,224.69734483908408,-0.1739232479292251,73.03631861931007,10000.0,0
15,0.5102107015064652,224.8248975144607,-0.004481165636762485,73.02101229826488,10000.0,0
15,0.5522901152996765,224.96297004328562,0.04207941379321134,73.00444359480589,10000.0,0
16,0.6295940609174586,225.120368558515,0.07730394561778209,72.98555577297837,10000.0,0
16,0.6139603259536237,225.2738586400034,-0.01563373496383491,72.96713696319976,10000.0,0
16,0.643684287154259,225.43477971179198,0.02972396120063525,72.94782643458514,10000.0,0
16,0.4794145943622594,225.55463336038255,-0.16426969279199954,72.93344399675428,10000.0,0
17,0.3262342292141893,225.6361919176861,-0.1531803651480701,72.92365696987785,10000.0,0
17,0.38814515718923437,225.7332282069834,0.06191092797504505,72.91201261516218,10000.0,0
17,0.49854412432406703,225.85786423806442,0.11039896713483266,72.89705629143246,10000.0,0
17,0.4035648106509046,225.95875544072715,-0.09497931367316242,72.88494934711294,10000.0,0
18,3.2852339869910434,226.7800639374749,2.881669176340139,72.78639232750321,10000.0,0
18,3.1217560058788827,227.5605029389446,-0.16347798111216072,72.69273964732685,10000.0,0
18,2.6634455166604494,228.22636431810972,-0.4583104892184333,72.61283628182703,10000.0,0
18,3.9445808835887255,229.2125095390069,1.2811353669282761,72.49449885531936,9189.125663125567,0
19,2.549657722941834,229.84992396974235,-1.3949231606468917,72.41800912363111,10000.0,0
19,2.4980270415040664,230.47443073011837,-0.05163068143776739,72.34306831238598,10000.0,0
19,3.2438764581169597,231.2853998446476,0.7458494166128933,72.24575201864248,10000.0,0
19,3.9043302116300627,232.2614823975551,0.660453753513103,72.12862211229357,9237.003301800616,0
20,3.949917972221686,233.24896189061053,0.04558776059162328,72.01012457312692,9115.394937255347,0
20,2.969572375947928,233.9913549845975,-0.9803455962737582,71.92103740184848,10000.0,0
20,2.9271352271467803,234.7231387913842,-0.04243714880114746,71.83322334503407,10000.0,0
20,2.61854081787675,235.3777739958534,-0.3085944092700301,71.75466712049777,10000.0,0
21,3.3763623287590816,236.22186457804318,0.7578215108823314,71.653376250635,10000.0,0
21,3.003584321521686,236.9727606584236,-0.3727780072373954,71.56326872098936,10000.0,0
21,2.7751213731988287,237.66654100172332,-0.22846294832285752,71.48001507979339,10000.0,0
21,3.9024170210298985,238.6421452569808,1.1272956478310698,71.3629425691625,9143.428570625814,0
22,2.9136412559717804,239.37055557097375,-0.9887757650581182,71.27553333148335,10000.0,0
22,3.463276168542711,240.23637461310943,0.5496349125709306,71.17163504642707,10000.0,0
22,3.212764164481343,241.03956565422976,-0.25051200406136775,71.07525212149262,10000.0,0
22,2.9978029071557093,241.78901638101868,-0.21496125732563387,70.98531803427795,10000.0,0
23,0.5802181478580632,241.9340709179832,-2.417584759297646,70.96791148984221,10000.0,0
23,0.5353145060266901,242.06789954448988,-0.04490364183137319,70.9518520546614,10000.0,0
23,0.6974359266762971,242.24225852615896,0.162121420649607,70.93092897686111,10000.0,0
23,0.6260022330570435,242.39875908442323,-0.07143369361925356,70.9121489098694,10000.0,0
0,0.6798414540053672,242.56871944792456,0.05383922094832372,70.89175366624924,10000.0,0
0,0.32255735415768283,242.64935878646398,-0.3572840998476844,70.88207694562452,10000.0,0
0,0.8049999763422908,242.85060878054955,0.482442622184608,70.85792694633425,10000.0,0
0,0.44499259080899206,242.9618569282518,-0.36000738553329875,70.84457716860997,10000.0,0
1,0.32172310703008566,243.0422877050093,-0.1232694837789064,70.83492547539907,10000.0,0
1,0.6343740013175545,243.2008812053387,0.31265089428746884,70.81589425535955,10000.0,0
1,0.6407414581881922,243.36106656988576,0.006367456870637667,70.79667201161391,10000.0,0
1,0.6343665253476527,243.51965820122268,-0.006374932840539471,70.77764101585348,10000.0,0
2,0.6626850154140406,243.6853294550762,0.02831849006638787,70.75776046539106,10000.0,0
2,0.46053259828814813,243.80046260464823,-0.20215241712589244,70.74394448744242,10000.0,0
2,0.7165917543062521,243.9796105432248,0.256059156018104,70.72244673481323,10000.0,0
2,0.3765141792256066,244.0737390880312,-0.3400775750806455,70.71115130943646,10000.0,0
3,0.6031486593257281,244.22452625286263,0.22663448010012155,70.69305684965668,10000.0,0
3,0.4485266979755345,244.33665792735653,-0.15462196135019363,70.67960104871742,10000.0,0
3,0.3808144877078088,244.43186154928347,-0.06771221026772573,70.66817661408618,10000.0,0
3,0.7692185548535143,244.62416618799685,0.3884040671457055,70.64510005744057,10000.0,0
4,0.7944408468103998,244.82277639969945,0.025222291956885523,70.62126683203626,10000.0,0
4,0.35703465307655324,244.91203506296858,-0.4374061937338466,70.61055579244396,10000.0,0
4,0.569509679277975,245.05441248278808,0.21247502620142178,70.59347050206563,10000.0,0
4,0.6507613673104504,245.2171028246157,0.0812516880324754,70.57394766104632,10000.0,0
5,0.6415911938723927,245.3775006230838,-0.009170173438057705,70.55469992523015,10000.0,0
5,0.6020661476985271,245.52801716000843,-0.03952504617386565,70.5366379407992,10000.0,0
5,0.39549938491553416,245.6268920062373,-0.2065667627829929,70.52477295925173,10000.0,0
5,0.32994737244497413,245.70937884934855,-0.06555201247056003,70.51487453807839,10000.0,0
6,0.48971374369040965,245.83180728527117,0.15976637124543552,70.50018312576768,10000.0,0
6,0.521579077965461,245.96220205476254,0.03186533427505134,70.48453575342872,10000.0,0
6,0.4220786044697818,246.06772170588,-0.0995004734956792,70.47187339529462,10000.0,0
6,0.336129321706864,246.1517540363067,-0.0859492827629178,70.46178951564342,10000.0,0
7,2.5121755378250286,246.77979792076295,2.1760462161181646,70.38642424950866,10000.0,0
7,1.9570543724665113,247.26906151387956,-0.5551211653585173,70.32771261833467,10000.0,0
7,2.1464693052024764,247.80567884018018,0.1894149327359651,70.2633185391786,10000.0,0
7,2.1755551397863475,248.34956762512675,0.02908583458387115,70.198051884985,10000.0,0
8,2.0867078646833157,248.87124459129757,-0.08884727510303181,70.1354506490445,10000.0,0
8,2.143168817264772,249.40703679561375,0.056460952581456336,70.07115558452655,10000.0,0
8,2.2633294808871334,249.97286916583553,0.12016066362236133,70.00325570009994,10000.0,0
8,2.2066038875820735,250.52452013773106,-0.056725593305059885,69.93705758347248,10000.0,0
9,2.0594114890286277,251.03937300998822,-0.1471923985534458,69.87527523880162,10000.0,0
9,1.9457990602471966,251.52582277505002,-0.11361242878143107,69.81690126699421,10000.0,0
9,1.581419523206234,251.92117765585158,-0.3643795370409626,69.76945868129802,10000.0,0
9,1.8328222824644889,252.3793832264677,0.25140275925825484,69.71447401282408,10000.0,0
10,0.47166218404360016,252.4972987724786,-1.3611600984208887,69.70032414730278,10000.0,0
10,0.3170470374493311,252.57656053184093,-0.15461514659426906,69.6908127361793,10000.0,0
10,0.5305499735533029,252.70919802522926,0.2135029361039718,69.6748962369727,10000.0,0
10,0.37778471167614375,252.80364420314828,-0.15276526187715916,69.66356269562242,10000.0,0
11,0.45159529993424974,252.91654302813185,0.07381058825810599,69.6500148366244,10000.0,0
11,0.6833362486785112,253.0873770903015,0.23174094874426143,69.62951474916404,10000.0,0
11,0.712167601536006,253.26541899068548,0.02883135285749483,69.60814972111797,10000.0,0
11,0.3967836564211006,253.36461490479076,-0.3153839451149054,69.59624621142534,10000.0,0
12,0.6780825851128496,253.53413555106897,0.281298928691749,69.57590373387195,10000.0,0
12,0.728028188280935,253.71614259813921,0.049945603168085384,69.55406288822353,10000.0,0
12,0.5192510110704878,253.84595535090685,-0.2087771772104472,69.53848535789142,10000.0,0
12,0.5260524029876614,253.97746845165378,0.00680139191717366,69.52270378580178,10000.0,0
13,0.444072982246051,254.0884866972153,-0.08197942074161041,69.50938159633439,10000.0,0
13,0.5432005169566291,254.22428682645446,0.09912753471057806,69.49308558082569,10000.0,0
13,0.39666884858118695,254.32345403859975,-0.14653166837544213,69.48118551536825,10000.0,0
13,0.4518237408798044,254.4364099738197,0.055154892298617475,69.46763080314186,10000.0,0
14,0.7023599148522983,254.61199995253278,0.2505361739724939,69.44656000569628,10000.0,0
14,0.5381793833905171,254.74654479838043,-0.16418053146178124,69.43041462419457,10000.0,0
14,0.4157494035224112,254.85048214926104,-0.12242997986810589,69.41794214208889,10000.0,0
14,0.6424448699934134,255.01109336675938,0.22669546647100225,69.39866879598908,10000.0,0
15,0.3073097482186072,255.08792080381403,-0.33513512177480625,69.38944950354252,10000.0,0
15,0.5439534052832176,255.22390915513483,0.23664365706461038,69.37313090138403,10000.0,0
15,0.3605524383748126,255.31404726472854,-0.18340096690840496,69.36231432823278,10000.0,0
15,0.49006547047770177,255.43656363234797,0.12951303210288917,69.34761236411845,10000.0,0
16,0.6113320987628759,255.5893966570387,0.1212666282851741,69.32927240115556,10000.0,0
16,0.3622809614410964,255.67996689739897,-0.24905113732177947,69.31840397231232,10000.0,0
16,0.536126631988833,255.81399855539618,0.17384567054773664,69.30232017335265,10000.0,0
16,0.4813238291309927,255.93432951267894,-0.05480280285784034,69.28788045847872,10000.0,0
17,0.4962836747108777,256.0584004313567,0.014959845579885,69.2729919482374,10000.0,0
17,0.7622241018824789,256.24895645682733,0.2659404271716012,69.25012522518092,10000.0,0
17,0.3740651895525144,256.34247275421546,-0.3881589123299645,69.23890326949434,10000.0,0
17,0.4654145465575802,256.4588263908549,0.0913493570050658,69.22494083309762,10000.0,0
18,2.9501485456970458,257.1963635272791,2.4847339991394657,69.1364363767267,10000.0,0
18,0.07998005275652359,257.9994912666564,-2.0,69.04006104800143,10000.0,1
18,3.53671010218463,258.8836687922025,0.3241991446756156,68.93395974493589,9745.491961916148,0
18,3.164704578165708,259.67484493674397,-0.37200552401892173,68.83901860759092,10000.0,0
19,2.52422886195475,260.30590215223265,-0.640475716210958,68.76329174173227,10000.0,0
19,3.5414663295368225,261.19126873461687,1.0172374675820723,68.65704775184616,9693.307992119977,0
19,2.6404757574768554,261.8513876739861,-0.9009905720599671,68.57783347912186,10000.0,0
19,3.0536837600631777,262.6148086140019,0.4132080025863223,68.48622296631997,10000.0,0
20,2.8276310862824787,263.32171638557253,-0.22605267378069893,68.40139403373149,10000.0,0
20,3.268029589890362,264.1387237830451,0.44039850360788346,68.30335314603478,10000.0,0
20,3.586872966394743,265.0354420246438,0.31884337650438077,68.19574695704294,9506.295259961245,0
20,3.047668149655401,265.7973590620577,-0.5392048167393422,68.10431691255329,10000.0,0
21,3.8499308843199174,266.7598417831377,0.8022627346645166,67.98881898602369,8829.875266453488,0
21,3.3780108979971892,267.604344507637,-0.47191998632272814,67.88747865908377,10000.0,0
21,2.6120465548036753,268.25735614633794,-0.7659643431935139,67.80911726243966,10000.0,0
21,3.2789074384855197,269.0770830059593,0.6668608836818444,67.71075003928509,10000.0,0
22,3.197911579785812,269.87656090090576,-0.08099585869970749,67.61481269189152,10000.0,0
22,3.7329108148648924,270.809788604622,0.5349992350790802,67.50282536744557,9041.58024598945,0
22,3.2634956955426526,271.62566252850763,-0.4694151193222398,67.4049204965793,10000.0,0
22,3.160009097763559,272.4156648029485,-0.10348659777909353,67.3101202236464,10000.0,0
23,0.3647777862390509,272.5068592495083,-2.795231311524508,67.29917689005921,10000.0,0
23,0.7213601953366721,272.6871992983425,0.3565824090976212,67.27753608419911,10000.0,0
23,0.6853680687428876,272.8585413155282,-0.03599212659378448,67.25697504213683,10000.0,0
23,0.5079827405920998,272.98553700067623,-0.17738532815078778,67.24173555991906,10000.0,0
0,0.3455070662954456,273.07191376725007,-0.16247567429665422,67.2313703479302,10000.0,0
0,0.6211759517739381,273.22720775519355,0.27566888547849255,67.21273506937698,10000.0,0
0,0.6801487428391418,273.3972449409033,0.0589727910652037,67.1923306070918,10000.0,0
0,0.6601333606942676,273.5622782810769,-0.020015382144874194,67.17252660627098,10000.0,0
1,0.3946112056216342,273.6609310824823,-0.26552215507263344,67.16068827010233,10000.0,0
1,0.6497254240465843,273.823362438494,0.2551142184249501,67.14119650738093,10000.0,0
1,0.5253989693038156,273.9547121808199,-0.12432645474276871,67.12543453830182,10000.0,0
1,0.45984090082675905,274.0696724060266,-0.06555806847705653,67.11163931127702,10000.0,0
2,0.7333401506568344,274.2530074436908,0.2734992498300754,67.08963910675732,10000.0,0
2,0.301728475202259,274.3284395624914,-0.43161167545457546,67.08058725250125,10000.0,0
2,0.5761619741881421,274.4724800560384,0.2744334989858831,67.0633023932756,10000.0,0
2,0.40506309096724696,274.57374582878026,-0.17109888322089511,67.05115050054658,10000.0,0
3,0.27160182718739323,274.6416462855771,-0.13346126377985373,67.04300244573096,10000.0,0
3,0.5406670328727763,274.7768130437953,0.26906520568538306,67.02678243474477,10000.0,0
3,0.46999172236183817,274.89431097438575,-0.07067531051093812,67.01268268307392,10000.0,0
3,0.5070445261765684,275.0210721059299,0.037052803814730195,66.99747134728862,10000.0,0
4,0.65004492002704,275.18358333593665,0.14300039385047159,66.97796999968782,10000.0,0
4,0.4664029584508955,275.3001840755494,-0.18364196157614443,66.96397791093429,10000.0,0
4,0.49164431757910665,275.4230951549442,0.025241359128211127,66.94922858140691,10000.0,0
4,0.2809505218065055,275.4933327853958,-0.21069379577260117,66.94080006575273,10000.0,0
5,0.4097315000053517,275.59576566039715,0.1287809781988462,66.92850812075257,10000.0,0
5,0.6612423011319633,275.76107623568015,0.25151080112661156,66.90867085171861,10000.0,0
5,0.5295687555576711,275.89346842456956,-0.13167354557429212,66.89278378905188,10000.0,0
5,0.6764206307541367,276.0625735822581,0.1468518751964656,66.87249117012925,10000.0,0
6,0.7987428111192226,276.2622592850379,0.12232218036508591,66.84852888579567,10000.0,0
6,0.45847494009706297,276.3768780200622,-0.34026787102215966,66.83477463759276,10000.0,0
6,0.4813800017338554,276.49722302049565,0.022905061636792456,66.82033323754074,10000.0,0
6,0.28020835980983927,276.5672751104481,-0.20117164192401615,66.81192698674644,10000.0,0
7,1.570121748917692,276.95980554767755,1.2899133891078527,66.76482333427892,10000.0,0
7,2.3818427100584993,277.55526622519216,0.8117209611408074,66.69336805297716,10000.0,0
7,1.9358957619895976,278.03924016568953,-0.4459469480689018,66.63529118011748,10000.0,0
7,1.725654161610404,278.47065370609215,-0.2102416003791936,66.58352155526916,10000.0,0
8,1.9818073437822337,278.9661055420377,0.2561531821718297,66.52406733495569,10000.0,0
8,1.4612057721074259,279.3314069850646,-0.5206015716748078,66.48023116179246,10000.0,0
8,1.5690353147933935,279.7236658137629,0.10782954268596767,66.43316010234865,10000.0,0
8,2.2172413246466225,280.2779761449246,0.648206009853229,66.36664286260925,10000.0,0
9,1.701205252545706,280.703277458061,-0.5160360721009165,66.31560670503288,10000.0,0
9,2.154441646992487,281.2418878698091,0.453236394446781,66.2509734556231,10000.0,0
9,1.8460308402602081,281.70339557987415,-0.30841080673227883,66.1955925304153,10000.0,0
9,2.0046847389142464,282.2045667646027,0.15865389865403823,66.13545198824787,10000.0,0
10,0.5164777195338714,282.3336861944862,-1.488207019380375,66.11995765666185,10000.0,0
10,0.5063407261953707,282.460271376035,-0.01013699333850071,66.104767434876,10000.0,0
10,0.7686505953816897,282.6524340248804,0.26230986918631893,66.08170791701454,10000.0,0
10,0.15937207143206772,282.6922770427384,-0.6092785239496219,66.07692675487158,10000.0,0
11,0.6317587966903737,282.85021674191097,0.472386725258306,66.05797399097086,10000.0,0
11,0.6239503442642251,283.006204327977,-0.007808452426148582,66.03925548064294,10000.0,0
11,0.24728400098043093,283.0680253282221,-0.3766663432837942,66.03183696061352,10000.0,0
11,0.682895598358083,283.23874922781164,0.4356115973776521,66.01135009266278,10000.0,0
12,0.27462341255422046,283.3074050809502,-0.40827218580386254,66.00311139028615,10000.0,0
12,0.6467078884894335,283.46908205307255,0.37208447593521304,65.98371015363146,10000.0,0
12,0.6673379386333839,283.6359165377309,0.020630050143950363,65.96369001547247,10000.0,0
12,0.5841713268073875,283.78195936943274,-0.08316661182599638,65.94616487566825,10000.0,0
13,0.3560327211959472,283.87096754973174,-0.22813860561144028,65.93548389403237,10000.0,0
13,0.4882466048696293,283.99302920094914,0.1322138836736821,65.92083649588628,10000.0,0
13,0.7484355941935614,284.1801380994975,0.26018898932393214,65.89838342806047,10000.0,0
13,0.7725922790638841,284.3732861692635,0.02415668487032263,65.87520565968855,10000.0,0
14,0.4976254006669416,284.49769251943025,-0.27496687839694245,65.86027689766854,10000.0,0
14,0.40026869065369475,284.5977596920937,-0.09735671001324686,65.84826883694893,10000.0,0
14,0.6295700319480431,284.7551522000807,0.22930134129434832,65.8293817359905,10000.0,0
14,0.6274279209815906,284.9120091803261,-0.0021421109664524485,65.81055889836105,10000.0,0
15,0.700494444761111,285.08713279151635,0.07306652377952039,65.78954406501822,10000.0,0
15,0.375695884484585,285.1810567626375,-0.324798560276526,65.77827318848368,10000.0,0
15,0.4214436613707114,285.2864176779802,0.04574777688612636,65.76562987864256,10000.0,0
15,0.33492197465528395,285.370148171644,-0.08652168671542743,65.7555822194029,10000.0,0
16,0.4536756142988872,285.48356707521873,0.11875363964360325,65.74197195097393,10000.0,0
16,0.48117294368070224,285.60386031113893,0.02749732938181504,65.72753676266352,10000.0,0
16,0.5356730781416044,285.73777858067433,0.05450013446090213,65.71146657031927,10000.0,0
16,0.35873418706444316,285.82746212744047,-0.1769388910771612,65.70070454470734,10000.0,0
17,0.670291828184964,285.9950350844867,0.31155764112052087,65.68059578986178,10000.0,0
17,0.24049717719876856,286.05515937878636,-0.42979465098619546,65.67338087454581,10000.0,0
17,0.5956377250353599,286.2040688100452,0.3551405478365914,65.65551174279476,10000.0,0
17,0.2568910467033725,286.2682915717211,-0.33874667833198746,65.64780501139366,10000.0,0
18,4.055398615146715,287.28214122550776,3.798507568443343,65.52614305293926,8078.878215350069,0
18,2.913150600095348,288.0104288755316,-1.1422480150513672,65.4387485349364,10000.0,0
18,3.5969832103656216,288.909674678123,0.6838326102702736,65.33083903862543,9081.33777916422,0
18,3.0952246916064636,289.6834808510246,-0.501758518759158,65.23798229787724,10000.0,0
19,2.468422324879228,290.3005864322444,-0.6268023667272358,65.16392962813086,10000.0,0
19,2.6777026289649193,290.97001208948564,0.20928030408569143,65.08359854926191,10000.0,0
19,3.542551746957053,291.8556500262249,0.8648491179921338,64.97732199685319,9170.977114542757,0
19,3.2665706748713794,292.67229269494277,-0.2759810720856737,64.87932487660706,9930.800728681872,0
20,2.633254099590693,293.33060621984043,-0.6333165752806864,64.80032725361934,10000.0,0
20,3.4723299245843746,294.1986887009865,0.8390758249936816,64.69615735588181,9315.957694259958,0
20,3.3971173733116333,295.0479680443144,-0.07521255127274129,64.59424383468246,9507.214019472287,0
20,3.417136139699678,295.90225207923936,0.020018766388044895,64.49172975049147,9436.517468712771,0
21,3.591748369902149,296.8001891717149,0.17461223020247063,64.3839772993944,8962.762792476527,0
21,3.0707286653748587,297.56787133805864,-0.5210197045272902,64.29185543943316,10000.0,0
21,3.375011388539047,298.4116241851934,0.30428272316418825,64.190605097777,9509.687184428052,0
21,3.579388736558739,299.30647136933305,0.2043773480196922,64.08322343568024,8951.699319656813,0
22,3.116605512571436,300.0856227474759,-0.4627832239873033,63.9897252703031,10000.0,0
22,3.1497972555240263,300.8730720613569,0.03319174295259053,63.895231352637374,10000.0,0
22,3.0600146437111304,301.63807572228467,-0.08978261181289593,63.80343091332604,10000.0,0
22,4.007555679383171,302.63996464213045,0.9475410356720406,63.68320424294454,7945.392321130076,0
23,0.21688886979945873,302.6941868595803,-3.7906668095837124,63.67669757685056,10000.0,0
23,0.6517266741116615,302.85711852810823,0.43483780431220276,63.65714577662721,10000.0,0
23,0.571230949893437,302.99992626558156,-0.08049572421822448,63.64000884813041,10000.0,0
23,0.48653698836082704,303.12156051267175,-0.08469396153261,63.62541273847958,10000.0,0
0,0.6358283987402552,303.2805176123568,0.14929141037942817,63.60633788651737,10000.0,0
0,0.28238390324946694,303.35111358816914,-0.35344449549078827,63.59786636941989,10000.0,0
0,0.5256287767310212,303.4825207823519,0.2432448734815542,63.58209750611796,10000.0,0
0,0.23795880771236938,303.54201048428,-0.28766996901865177,63.57495874188659,10000.0,0
1,0.7545910718055808,303.7306582522314,0.5166322640932115,63.552321009732424,10000.0,0
1,0.7803056596201682,303.92573466713645,0.025714587814587353,63.52891183994382,10000.0,0
1,0.4819941713651883,304.04623320997774,-0.2983114882549799,63.51445201480286,10000.0,0
1,0.6178300754506173,304.2006907288404,0.135835904085429,63.495917112539345,10000.0,0
2,0.49007553740067156,304.32320961319056,-0.12775453804994574,63.48121484641732,10000.0,0
2,0.47182399640080186,304.4411656122908,-0.018251540999869698,63.4670601265253,10000.0,0
2,0.4885759073065084,304.5633095891174,0.016751910905706546,63.452402849306104,10000.0,0
2,0.5879906481712469,304.7103072511602,0.0994147408647385,63.43476312986097,10000.0,0
3,0.635169872832072,304.8690997193682,0.047179224660825136,63.415708033676005,10000.0,0
3,0.37528581514615766,304.9629211731547,-0.2598840576859144,63.40444945922162,10000.0,0
3,0.6266071428513953,305.11957295886754,0.25132132770523763,63.38565124493608,10000.0,0
3,0.24306799773876386,305.1803399583022,-0.38353914511263143,63.37835920500392,10000.0,0
4,0.4017873676182854,305.2807868002068,0.1587193698795215,63.36630558397537,10000.0,0
4,0.6041227162054391,305.43181747925814,0.20233534858715374,63.3481819024892,10000.0,0
4,0.4921456640812225,305.5548538952784,-0.1119770521242166,63.33341753256676,10000.0,0
4,0.27896097085790655,305.6245941379929,-0.21318469322331596,63.32504870344103,10000.0,0
5,0.5792596130503872,305.7694090412555,0.30029864219248065,63.30767091504951,10000.0,0
5,0.36066375970709674,305.8595749811823,-0.21859585334329046,63.2968510022583,10000.0,0
5,0.43388332578113165,305.96804581262757,0.0732195660740349,63.283834502484865,10000.0,0
5,0.27677883152063776,306.03724052050774,-0.1571044942604939,63.27553113753925,10000.0,0
6,0.5646151739526554,306.1783943139959,0.2878363424320176,63.25859268232067,10000.0,0
6,0.7816795293984583,306.3738141963455,0.21706435544580294,63.23514229643872,10000.0,0
6,0.5125336218880707,306.5019476018175,-0.2691459075103876,63.21976628778207,10000.0,0
6,0.3419310036846666,306.5874303527387,-0.1706026182034041,63.20950835767153,10000.0,0
7,1.9133037906379153,307.06575630039816,1.5713727869532488,63.152109243952395,10000.0,0
7,2.178373988981253,307.6103497976435,0.26507019834333767,63.08675802428296,10000.0,0
7,2.3198241250464524,308.1903058289051,0.1414501360651994,63.017163300531564,10000.0,0
7,1.819455896610195,308.6451698030576,-0.5003682284362574,62.96257962363326,10000.0,0
8,1.5755514988005042,309.03905767775774,-0.24390439780969086,62.91531307866924,10000.0,0
8,1.7396660599930034,309.473974192756,0.16411456119249923,62.86312309686945,10000.0,0
8,2.229950112535982,310.03146172089,0.4902840525429786,62.79622459349337,10000.0,0
8,1.758018254836558,310.4709662845991,-0.47193185769942403,62.74348404584828,10000.0,0
9,1.6376462122380622,310.8803778376586,-0.12037204259849577,62.694354659481135,10000.0,0
9,1.6478420961060876,311.29233836168515,0.01019588386802539,62.644919396597956,10000.0,0
9,1.877462177361728,311.76170390602556,0.22962008125564037,62.58859553127711,10000.0,0
9,1.951018799110963,312.2494586058033,0.07355662174923516,62.53006496730378,10000.0,0
10,0.39907664079274363,312.3492277660015,-1.5519421583182194,62.518092668079994,10000.0,0
10,0.5108136278209477,312.4769311729567,0.11173698702820412,62.502768259245364,10000.0,0
10,0.624954671167512,312.63316984074856,0.11414104334656427,62.48401961911034,10000.0,0
10,0.605566985963755,312.7845615872395,-0.019387685203757,62.46585260953143,10000.0,0
11,0.7030986708896493,312.96033625496193,0.09753168492589426,62.444759649404745,10000.0,0
11,0.7641752829255424,313.15138007569334,0.061076612035893096,62.42183439091698,10000.0,0
11,0.47823160197115305,313.27093797618613,-0.2859436809543893,62.40748744285784,10000.0,0
11,0.3761369934002299,313.3649722245362,-0.10209460857092317,62.39620333305584,10000.0,0
12,0.11324774864783888,313.39328416169815,-0.262889244752391,62.3928059005964,10000.0,0
12,0.6430606015771472,313.55404931209245,0.5298128529293082,62.373514082549086,10000.0,0
12,0.6925649008177687,313.7271905372969,0.0495042992406215,62.352737135524556,10000.0,0
12,0.4971566061695615,313.8514796888393,-0.1954082946482072,62.33782243733947,10000.0,0
13,0.7138272725440705,314.0299365069753,0.21667066637450905,62.316407619163144,10000.0,0
13,0.6505325593769089,314.1925696468195,-0.06329471316716162,62.29689164238184,10000.0,0
13,0.4095600741363434,314.2949596653536,-0.24097248524056553,62.28460484015775,10000.0,0
13,0.7850051714805775,314.49121095822375,0.3754450973442341,62.26105468501333,10000.0,0
14,0.46806543613153645,314.60822731725665,-0.316939735349041,62.24701272192938,10000.0,0
14,0.5908900581093305,314.755949831784,0.12282462197779404,62.2292860201861,10000.0,0
14,0.29921922551802194,314.8307546381635,-0.29167083259130855,62.22030944342056,10000.0,0
14,0.7812959392025718,315.0260786229642,0.48207671368454985,62.19687056524448,10000.0,0
15,0.5399322629365729,315.16106168869834,-0.24136367626599886,62.180672597356384,10000.0,0
15,0.407058460924802,315.26282630392956,-0.1328738020117709,62.16846084352864,10000.0,0
15,0.4158365328409218,315.3667854371398,0.00877807191611979,62.15598574754341,10000.0,0
15,0.3801415428615288,315.4618208228552,-0.03569498997939302,62.14458150125756,10000.0,0
16,0.6239985728499284,315.6178204660677,0.24385702998839964,62.125861544072066,10000.0,0
16,0.5552216074738824,315.7566258679362,-0.06877696537604605,62.10920489584785,10000.0,0
16,0.36617154430981297,315.8481687540136,-0.18905006316406942,62.098219749518556,10000.0,0
16,0.8328114151812912,316.05637160780896,0.46663987087147824,62.073235407063116,10000.0,0
17,0.6590273543555515,316.22112844639787,-0.17378406082573972,62.05346458643245,10000.0,0
17,0.662665627293613,316.38679485322126,0.0036382729380615153,62.03358461761364,10000.0,0
17,0.46355453067187197,316.50268348588924,-0.19911109662174103,62.019677981693484,10000.0,0
17,0.5205710341564602,316.6328262444284,0.057016503484588255,62.00406085066879,10000.0,0
18,3.871214538751495,317.60062987911624,3.350643504595035,61.88792441450625,7993.347280937021,0
18,3.417532700052066,318.45501305412927,-0.453681838699429,61.78539843350469,9039.474360049779,0
18,4.020154391592323,319.46005165202735,0.6026216915402567,61.66479380175692,7669.4559207379625,0
18,3.3218747897621874,320.2905203494679,-0.6982796018301354,61.56513755806406,9266.625242439,0
19,2.84338279954925,321.0013660493552,-0.4784919902129374,61.47983607407758,10000.0,0
19,2.721563407843399,321.6817569013161,-0.12181939170585121,61.39818917184228,10000.0,0
19,3.7245203107953606,322.61288697901495,1.0029569029519618,61.286453562518425,8227.429098034758,0
19,3.5473387074831235,323.4997216558857,-0.1771816033122371,61.18003340129393,8623.370707769522,0
20,3.8435801885417535,324.4606167030212,0.29624148105863,61.06472599563768,7943.7299340963555,0
20,3.5982166616590847,325.36017086843594,-0.24536352688266883,60.956779495787906,8470.415379000779,0
20,3.7664020666846842,326.3017713851071,0.16818540502559953,60.84378743378736,8077.176355118156,0
20,2.8968959505877563,327.02599537275404,-0.869506116096928,60.75688055526973,10000.0,0
21,2.6754804476196314,327.6948654846589,-0.22141550296812484,60.676616141841144,10000.0,0
21,3.7841970728572654,328.64091475287324,1.108716625237634,60.56309022965543,8002.1057391610875,0
21,3.546334563723596,329.52749839380414,-0.23786250913366924,60.456700192743725,8523.829196936389,0
21,2.690197137156521,330.20004767809326,-0.8561374265670749,60.37599427862903,10000.0,0
22,2.5172508739766,330.8293603965874,-0.172946263179921,60.30047675240973,10000.0,0
22,2.6076231930794265,331.48126619485726,0.09037231910282628,60.222248056617346,10000.0,0
22,3.051615113226161,332.2441699731638,0.4439919201467344,60.13069960322056,9852.274512372976,0
22,3.708897519995745,333.1713943531628,0.6572824067695842,60.01943267762069,8091.276768101367,0
23,0.3288741563800398,333.2536128922578,-3.380023363615705,60.00956645292929,10000.0,0
23,0.7120935763898331,333.4316362863553,0.38321942000979325,59.9882036456376,10000.0,0
23,0.6361336477315588,333.5906696982882,-0.07595992865827428,59.96911963620565,10000.0,0
23,0.4281711207962963,333.6977124784873,-0.20796252693526246,59.956274502581756,10000.0,0
0,0.5859563128872729,333.8442015567091,0.15778519209097658,59.93869581319514,10000.0,0
0,0.36535433210744495,333.93554013973596,-0.22060198077982796,59.92773518323192,10000.0,0
0,0.5262975969078687,334.0671145389629,0.16094326480042376,59.91194625532468,10000.0,0
0,0.6978228389721283,334.24157024870595,0.17152524206425956,59.89101157015551,10000.0,0
1,0.6220341865459507,334.39707879534245,-0.0757886524261776,59.87235054455913,10000.0,0
1,0.5654374912178153,334.5384381681469,-0.05659669532813538,59.8553874198226,10000.0,0
1,0.7795692451533692,334.73333047943527,0.21413175393555395,59.832000342468,10000.0,0
1,0.3423358334737993,334.8189144378037,-0.4372334116795699,59.821730267463785,10000.0,0
2,0.6506247407278959,334.98157062298566,0.3082889072540966,59.80221152524195,10000.0,0
2,0.440702499308438,335.09174624781275,-0.20992224141945787,59.788990450262695,10000.0,0
2,0.8042929276319619,335.2928194797207,0.3635904283235239,59.76486166243374,10000.0,0
2,0.59219485207161,335.4408681927386,-0.21209807556035187,59.74709581687159,10000.0,0
3,0.6008572412875687,335.5910825030605,0.008662389215958632,59.72907009963296,10000.0,0
3,0.7937888577666049,335.78952971750215,0.19293161647903623,59.70525643389996,10000.0,0
3,0.6114384315069444,335.9423893253789,-0.18235042625966047,59.686913280954755,10000.0,0
3,0.5178804163336584,336.0718594294623,-0.09355801517328599,59.67137686846475,10000.0,0
4,0.4337761106234373,336.18030345711816,-0.08410430571022115,59.65836358514604,10000.0,0
4,0.5194181236336348,336.31015798802656,0.08564201301019753,59.64278104143703,10000.0,0
4,0.6872547323082997,336.4819716711036,0.16783660867466488,59.62216339946778,10000.0,0
4,0.7683487080321738,336.67405884811166,0.08109397572387411,59.59911293822682,10000.0,0
5,0.5863419411417788,336.8206443333971,-0.18200676689039497,59.58152267999257,10000.0,0
5,0.6676711136783038,336.9875621118167,0.08132917253652494,59.561492546582215,10000.0,0
5,0.42591605345887223,337.09404112518143,-0.24175506021943155,59.54871506497845,10000.0,0
5,0.51849750818728,337.22366550222824,0.09258145472840779,59.533160139732836,10000.0,0
6,0.231953966002234,337.2816539937288,-0.286543542185046,59.52620152075277,10000.0,0
6,0.6374886823194764,337.44102616430865,0.4055347163172424,59.507076860283185,10000.0,0
6,0.6064972280467654,337.5926504713203,-0.030991454272710994,59.48888194344178,10000.0,0
6,0.3445506437263117,337.6787881322519,-0.2619465843204537,59.47854542412999,10000.0,0
7,1.8153849420078714,338.13263436775384,1.4708342982815596,59.424083875869755,10000.0,0
7,2.3548655573635706,338.72135075709474,0.5394806153556992,59.353437909148845,10000.0,0
7,1.869585750970889,339.18874719483745,-0.48527980639268153,59.297350336619715,10000.0,0
7,1.615948496952937,339.5927343190757,-0.2536372540179521,59.248871881711125,10000.0,0
8,1.5050746621920787,339.9690029846237,-0.11087383476085821,59.20371964184536,10000.0,0
8,1.6980753220720937,340.39352181514175,0.1930006598800149,59.152777382183196,10000.0,0
8,1.4972697624861064,340.7678392557633,-0.20080555958598723,59.107859289308614,10000.0,0
8,1.7799723494071957,341.2128323431151,0.2827025869210893,59.0544601188264,10000.0,0
9,1.6943535782886738,341.6364207376873,-0.0856187711185219,59.00362951147774,10000.0,0
9,2.115979842995453,342.16541569843616,0.421626264706779,58.94015011618788,10000.0,0
9,1.6725664897667587,342.58355732087784,-0.44341335322869413,58.889973121494876,10000.0,0
9,2.397865446774581,343.1830236825715,0.7252989570078221,58.81803715809164,10000.0,0
10,0.14128477419689667,343.21834487612074,-2.2565806725776842,58.81379861486573,10000.0,0
10,0.6065115340348395,343.36997275962943,0.4652267598379428,58.79560326884469,10000.0,0
10,0.41571247479284745,343.47390087832764,-0.19079905924199203,58.7831318946009,10000.0,0
10,0.41126033200771855,343.57671596132957,-0.004452142785128899,58.77079408464067,10000.0,0
11,0.14433223783540053,343.61279902078843,-0.266928094172318,58.766464117505606,10000.0,0
11,0.2834113039545966,343.6836518467771,0.1390790661191961,58.75796177838697,10000.0,0
11,0.5375567785862069,343.8180410414236,0.25414547463161025,58.741835075029385,10000.0,0
11,0.7749356681698597,344.01177495846605,0.23737888958365283,58.718587004984286,10000.0,0
12,0.547935518546361,344.14875883810265,-0.22700014962349868,58.70214893942789,10000.0,0
12,0.6694899073846345,344.3161313149488,0.12155438883827352,58.68206424220635,10000.0,0
12,0.5483362557222538,344.45321537887935,-0.12115365166238079,58.66561415453469,10000.0,0
12,0.4857979285104507,344.57466486100697,-0.06253832721180302,58.65104021667938,10000.0,0
13,0.4172492763861833,344.6789771801035,-0.06854865212426742,58.63852273838779,10000.0,0
13,0.5870391299772055,344.82573696259783,0.16978985359102222,58.62091156448847,10000.0,0
13,0.376595846079729,344.91988592411775,-0.21044328389747652,58.609613689106084,10000.0,0
13,0.37033900989443436,345.01247067659136,-0.006256836185294656,58.59850351880925,10000.0,0
14,0.1822631204620678,345.0580364567069,-0.18807588943236656,58.59303562519539,10000.0,0
14,0.44286859980622595,345.1687536066584,0.2606054793441581,58.579749567201205,10000.0,0
14,0.2832431125791856,345.2395643848032,-0.15962548722704034,58.57125227382383,10000.0,0
14,0.5587795623276043,345.3792592753851,0.2755364497484187,58.554488886954005,10000.0,0
15,0.6775988808705071,345.54865899560275,0.11881931854290284,58.53416092052789,10000.0,0
15,0.4943279444871726,345.67224098172454,-0.18327093638333453,58.519331082193276,10000.0,0
15,0.4585735998864831,345.78688438169615,-0.03575434460068949,58.50557387419668,10000.0,0
15,0.5338807095163536,345.92035455907524,0.07530710962987047,58.489557452911185,10000.0,0
16,0.5008667463363972,346.04557124565935,-0.03301396317995642,58.47453145052109,10000.0,0
16,0.3321846594573909,346.1286174105237,-0.16868208687900627,58.46456591073737,10000.0,0
16,0.32987983677762117,346.2110873697181,-0.0023048226797697247,58.454669515634045,10000.0,0
16,0.6376280012912532,346.3704943700409,0.307748164513632,58.435540675595306,10000.0,0
17,0.4118747369879431,346.4734630542879,-0.2257532643033101,58.423184433485666,10000.0,0
17,0.6421253533692314,346.6339943926302,0.2302506163812883,58.40392067288459,10000.0,0
17,0.3509647699086732,346.72173558510735,-0.2911605834605582,58.393391729787325,10000.0,0
17,0.41393833312099343,346.8252201683876,0.06297356321232023,58.3809735797937,10000.0,0
18,3.636389145606664,347.7343174547893,3.2224508124856706,58.271881905425495,8012.32755518303,0
18,3.273971865204246,348.5528104210903,-0.36241728040241794,58.173662749469365,8884.264304122267,0
18,3.7713395723011254,349.4956453141656,0.4973677070968794,58.06052256230033,7697.59941384356,0
18,2.509161934162193,350.12293579770613,-1.2621776381389322,57.98524770427546,10000.0,0
19,3.251622199112103,350.93584134748414,0.7424602649499099,57.887699038302095,8901.356844917142,0
19,3.286930176653526,351.7575738916475,0.0353079775414229,57.789091133002486,8790.739082848186,0
19,2.5809981434156852,352.4028234275014,-0.7059320332378407,57.71166118870001,10000.0,0
19,3.7075560192356347,353.3297124323103,1.1265578758199495,57.600434508122945,7767.978987947711,0
20,2.3821442878386914,353.92524850427,-1.3254117313969433,57.528970179487786,10000.0,0
20,3.556747693919356,354.8144354277498,1.1746034060806645,57.42226774867021,8072.2998495001175,0
20,3.3310197706946134,355.64719037042346,-0.22572792322474244,57.32233715554937,8604.322565097838,0
20,3.6475427605218265,356.55907606055393,0.31652298982721305,57.212910872733715,7842.664860843015,0
21,3.658655887442238,357.47374003241447,0.011113126920411442,57.103151196110446,7803.842852795756,0
21,3.471465427411334,358.3416063892673,-0.18719046003090378,56.999007233288104,8209.64639071635,0
21,3.8297178941397862,359.29903586280227,0.3582524667284521,56.88411569646391,7426.671790043293,0
21,3.7236656929881145,360.2299522860493,-0.1060522011516718,56.77240572567427,7623.1877948361625,0
22,3.59259327616116,361.12810060508957,-0.13107241682695436,56.66462792738943,7886.312695538141,0
22,3.821769158578357,362.08354289473414,0.22917588241719677,56.54997485263208,7398.402743098678,0
22,3.9693097011477816,363.07587032002107,0.14754054256942473,56.43089556159765,7108.401688243155,0
22,2.8301020764173983,363.78339583912543,-1.1392076247303833,56.34599249930513,9954.763287307473,0
23,0.7119987498380331,363.96139552658497,-2.118103326579365,56.32463253680999,10000.0,0
23,0.4659865019660089,364.07789215207646,-0.24601224787202425,56.310652941751016,10000.0,0
23,0.40323966419348567,364.17870206812484,-0.06274683777252321,56.29855575182521,10000.0,0
23,0.7998813039112612,364.37867239410264,0.39664163971777555,56.27455931270787,10000.0,0
0,0.4251294484460548,364.48495475621417,-0.3747518554652064,56.26180542925449,10000.0,0
0,0.357419835533457,364.5743097150975,-0.0677096129125978,56.25108283418848,10000.0,0
0,0.6273504205829616,364.7311473202433,0.2699305850495046,56.23226232157099,10000.0,0
0,0.20925391001240243,364.7834607977464,-0.4180965105705592,56.22598470427062,10000.0,0
1,0.25557630538156806,364.84735487409176,0.04632239536916563,56.218317415109176,10000.0,0
1,0.5085249955600386,364.9744861229818,0.25294869017847055,56.20306166524237,10000.0,0
1,0.6062272005387463,365.1260429231165,0.09770220497870774,56.18487484922621,10000.0,0
1,0.5643199846554052,365.2671229192803,-0.04190721588334112,56.16794524968655,10000.0,0
2,0.7183525082719643,365.4467110463483,0.15403252361655906,56.14639467443839,10000.0,0
2,0.3726525468891603,365.5398741830706,-0.345699961382804,56.135215098031715,10000.0,0
2,0.3946709893109822,365.63854193039833,0.022018442421821938,56.12337496835239,10000.0,0
2,0.5028667849112547,365.76425862662614,0.10819579560027248,56.10828896480505,10000.0,0
3,0.3151101028548524,365.84303615233983,-0.18775668205640228,56.098835661719406,10000.0,0
3,0.466250028797388,365.95959865953915,0.1511399259425356,56.084848160855486,10000.0,0
3,0.49491446075539336,366.083327274728,0.028664431958005332,56.07000072703283,10000.0,0
3,0.6683946050969867,366.25042592600226,0.1734801443415933,56.04994888887992,10000.0,0
4,0.41752934239640377,366.35480826160136,-0.2508652627005829,56.03742300860802,10000.0,0
4,0.49484445559749496,366.47851937550075,0.07731511320109119,56.022577674940095,10000.0,0
4,0.522800963103876,366.60921961627673,0.027956507506381068,56.006893646046976,10000.0,0
4,0.7535380491010827,366.797604128552,0.23073708599720666,55.98428750457394,10000.0,0
5,0.5411385478532189,366.9328887655153,-0.21239950124786378,55.96805334813835,10000.0,0
5,0.39025581256637576,367.03045271865693,-0.15088273528684315,55.956345673761355,10000.0,0
5,0.6381141586685145,367.18998125832405,0.24785834610213875,55.9372022490013,10000.0,0
5,0.25627822798825395,367.25405081532114,-0.38183593068026056,55.92951390216165,10000.0,0
6,0.40076936256997936,367.3542431559636,0.1444911345817254,55.91749082128455,10000.0,0
6,0.2450332861257035,367.415501477495,-0.15573607644427587,55.91013982270078,10000.0,0
6,0.33848367845275595,367.5001223971082,0.09345039232705246,55.8999853123472,10000.0,0
6,0.6857205395499963,367.6715525319957,0.3472368610972404,55.8794136961607,10000.0,0
7,1.753073376861333,368.109820876211,1.0673528373113366,55.826821494854855,10000.0,0
7,1.5954150825028188,368.5086746468367,-0.15765829435851408,55.77895904237977,10000.0,0
7,2.039957124209665,369.0186639278891,0.4445420417068462,55.717760328653476,10000.0,0
7,1.729466615185666,369.45103058168553,-0.3104905090239991,55.665876330197904,10000.0,0
8,1.9021650470030382,369.9265718434363,0.17269843181737232,55.60881137878781,10000.0,0
8,1.894157970908405,370.40011133616343,-0.008007076094633137,55.55198663966056,10000.0,0
8,2.1979083106718464,370.9495884138314,0.30375033976344135,55.486049390340405,10000.0,0
8,1.9030261113838374,371.42534494167734,-0.2948821992880091,55.42895860699889,10000.0,0
9,2.285351775608114,371.9966828855794,0.3823256642242767,55.36039805373065,10000.0,0
9,2.1934892580654157,372.54505520009576,-0.09186251754269836,55.29459337598868,10000.0,0
9,2.0002002422442695,373.04510526065684,-0.19328901582114622,55.23458736872136,10000.0,0
9,2.4150690838753697,373.64887253162567,0.41486884163110016,55.16213529620509,10000.0,0
10,0.5099456767037864,373.77635895080164,-1.9051234071715832,55.14683692590398,10000.0,0
10,0.31310366310577176,373.85463486657807,-0.19684201359801468,55.13744381601081,10000.0,0
10,0.8608068969540246,374.0698365908166,0.5477032338482528,55.111619609102185,10000.0,0
10,0.5169753548733922,374.19908042953494,-0.3438315420806324,55.09611034845598,10000.0,0
11,0.5631014421683948,374.339855790077,0.04612608729500256,55.07921730519093,10000.0,0
11,0.49060787468451744,374.46250775874813,-0.07249356748387731,55.0644990689504,10000.0,0
11,0.501613141477829,374.58791104411756,0.011005266793311541,55.049450674706065,10000.0,0
11,0.4921449062115603,374.71094727067043,-0.009468235266268665,55.034686327519715,10000.0,0
12,0.23542104174336917,374.7698025311063,-0.2567238644681912,55.02762369626741,10000.0,0
12,0.38456935658504454,374.8659448702525,0.14914831484167537,55.01608661556986,10000.0,0
12,0.42039930925903723,374.97104469756727,0.03582995267399269,55.00347463629209,10000.0,0
12,0.281804587682948,375.041495844488,-0.1385947215760892,54.9950204986616,10000.0,0
13,0.38259166160003977,375.13714375988803,0.10078707391709174,54.983542748813605,10000.0,0
13,0.6027866396314258,375.2878404197959,0.220194978031386,54.965459149624664,10000.0,0
13,0.7186019898876411,375.4674909172678,0.11581535025621537,54.94390108992803,10000.0,0
13,0.6409751616458511,375.6277347076793,-0.07762682824179001,54.924671835078655,10000.0,0
14,0.698373693000613,375.8023281309294,0.05739853135476192,54.90372062428864,10000.0,0
14,0.5148164349539899,375.9310322396679,-0.18355725804662315,54.88827613124002,10000.0,0
14,0.5627389118562929,376.07171696763197,0.047922476902303,54.87139396388433,10000.0,0
14,0.5435213479833314,376.2075973046278,-0.019217563872961474,54.85508832344483,10000.0,0
15,0.5457441332496711,376.34403333794023,0.0022227852663396774,54.838715999447345,10000.0,0
15,0.6163457082537422,376.49811976500365,0.07060157500407116,54.82022562819973,10000.0,0
15,0.5729324974700077,376.64135288937115,-0.0434132107837345,54.80303765327563,10000.0,0
15,0.1392481747689562,376.6761649330634,-0.4336843227010515,54.798860208032565,10000.0,0
16,0.45331497325400466,376.7894936763769,0.3140667984850485,54.785260758834944,10000.0,0
16,0.4992220416267013,376.9142991867836,0.04590706837269665,54.77028409758614,10000.0,0
16,0.8133694702523829,377.1176415543467,0.3141474286256816,54.74588301347857,10000.0,0
16,0.648698377327112,377.27981614867844,-0.16467109292527093,54.726422062158754,10000.0,0
17,0.6696478700120088,377.44722811618146,0.020949492684896764,54.70633262605839,10000.0,0
17,0.7841858977126268,377.6432745906096,0.11453802770061805,54.682807049127014,10000.0,0
17,0.47759917449291206,377.76267438423287,-0.30658672321971475,54.66847907389223,10000.0,0
17,0.364019714875218,377.85367931295167,-0.11357945961769406,54.65755848244597,10000.0,0
18,2.9060148269738284,378.58018301969514,2.5419951120986104,54.57037803763676,9389.211908196541,0
18,2.578592633150438,379.22483117798276,-0.32742219382339055,54.49302025864225,10000.0,0
18,2.537101440396625,379.8591065380819,-0.041491192753812633,54.41690721543035,10000.0,0
18,2.569997207395573,380.5016058399308,0.032895766998947806,54.33980729920848,10000.0,0
19,3.92466968624641,381.4827732614924,1.354672478850837,54.22206720862109,6907.851047775638,0
19,3.838968555874896,382.44251540046116,-0.08570113037151428,54.10689815194485,7047.061907962667,0
19,2.5842818209555967,383.08858585570005,-1.2546867349192992,54.02936969731618,10000.0,0
19,2.4909811325257296,383.7113311388315,-0.09330068842986705,53.95464026334041,10000.0,0
20,2.4492867245587324,384.3236528199712,-0.04169440796699719,53.88116166160365,10000.0,0
20,3.482987622387379,385.194399725568,1.0337008978286466,53.77667203293203,7719.905704986591,0
20,3.7873179845873572,386.14122922171487,0.3043303621999782,53.6630524933944,7084.571814642757,0
20,2.9413332728362294,386.8765625399239,-0.8459847117511279,53.574812495209315,9107.232592440794,0
21,2.999061100441304,387.62632781503424,0.057727827605074555,53.48484066219608,8916.930811167189,0
21,3.7555382362055565,388.56521237408566,0.7564771357642526,53.37217451510991,7105.795648752999,0
21,2.9000439979553856,389.2902233735745,-0.8554942382501709,53.28517319517125,9186.959444880635,0
21,2.5881664685680232,389.9372649907165,-0.31187752938736235,53.20752820111421,10000.0,0
22,3.0739173706149856,390.70574433337026,0.48575090204696236,53.11531067999576,8639.677693966316,0
22,3.1612996521290615,391.49606924640256,0.0873822815140759,53.02047169043189,8385.866182398091,0
22,3.068914970552094,392.26329798904055,-0.09238468157696733,52.92840424131533,8623.309011359406,0
22,3.120968569418808,393.0435401313953,0.0520535988667139,52.83477518423276,8464.48370258207,0
23,0.586869578424936,393.1902575260015,-2.534098990993872,52.817169096880015,10000.0,0
23,0.42746307465829264,393.2971232946661,-0.1594065037666434,52.80434520464026,10000.0,0
23,0.7286584998529854,393.47928791962937,0.3011954251946927,52.782485449644675,10000.0,0
23,0.47065178852248296,393.59695086676,-0.2580067113305024,52.768365895989,10000.0,0
0,0.6231828274578395,393.75274657362445,0.15253103893535652,52.74967041116526,10000.0,0
0,0.5255239058049375,393.8841275500757,-0.09765892165290202,52.733904693991114,10000.0,0
0,0.6206052657564725,394.0392788665148,0.095081359951535,52.71528653601842,10000.0,0
0,0.5560965194162897,394.17830299636887,-0.06450874634018278,52.69860364043593,10000.0,0
1,0.7353232791856443,394.3621338161653,0.17922675976935465,52.676543942060356,10000.0,0
1,0.21832467174873,394.41671498410244,-0.5169986074369144,52.66999420190789,10000.0,0
1,0.4230029732740652,394.522465727421,0.20467830152533523,52.65730411270967,10000.0,0
1,0.7579839478892473,394.7119617143933,0.33498097461518206,52.63456459427299,10000.0,0
2,0.35565789954842914,394.8008761892804,-0.40232604834081814,52.62389485728654,10000.0,0
2,0.6087794159299773,394.9530710432629,0.2531215163815482,52.60563147480864,10000.0,0
2,0.7330343183066156,395.1363296228396,0.12425490237663828,52.58364044525944,10000.0,0
2,0.6660895156966931,395.30285200176377,-0.06694480260992253,52.56365775978854,10000.0,0
3,0.6936969428269653,395.47627623747053,0.0276074271302722,52.54284685150373,10000.0,0
3,0.5738003000630473,395.6197263124863,-0.11989664276391798,52.52563284250184,10000.0,0
3,0.30507149175367204,395.69599418542475,-0.26872880830937523,52.51648069774923,10000.0,0
3,0.6271690823881526,395.8527864560218,0.32209759063448057,52.497665625277584,10000.0,0
4,0.4009684227914173,395.9530285617197,-0.2262006595967353,52.48563657259384,10000.0,0
4,0.7902006306602504,396.1505787193847,0.38923220786883306,52.46193055367403,10000.0,0
4,0.6388047344727399,396.31027990300294,-0.15139589618751048,52.442766411639845,10000.0,0
4,0.25585855145520575,396.37424454086675,-0.38294618301753414,52.43509065509619,10000.0,0
5,0.459678171496959,396.489164083741,0.20381962004175325,52.42130030995128,10000.0,0
5,0.6262041895600395,396.645715131131,0.16652601806308054,52.402514184264476,10000.0,0
5,0.47050923800267297,396.7633424406317,-0.15569495155736657,52.3883989071244,10000.0,0
5,0.3588214735867252,396.85304780902834,-0.11168776441594774,52.37763426291679,10000.0,0
6,0.41102437544989484,396.9558039028908,0.052202901863169615,52.365303531653296,10000.0,0
6,0.4919886228759627,397.07880105860977,0.08096424742606784,52.350543872967016,10000.0,0
6,0.4402838717780874,397.1888720265543,-0.05170475109787526,52.337335356813675,10000.0,0
6,0.663868206930419,397.3548390782869,0.22358433515233161,52.317419310605764,10000.0,0
7,1.9866112211985754,397.8514918835865,1.3227430142681564,52.25782097396981,10000.0,0
7,2.1009620121624493,398.3767323866271,0.1143507909638739,52.19479211360493,10000.0,0
7,2.310504581517583,398.9543585320065,0.2095425693551336,52.125476976159405,10000.0,0
7,1.7653965910143556,399.3957076797601,-0.5451079905032272,52.07251507842897,10000.0,0
8,2.2089604623104977,399.9479477953377,0.44356387129614205,52.00624626455966,10000.0,0
8,2.194876659082562,400.49666696010837,-0.014083803227935565,51.94039996478718,10000.0,0
8,1.8610887382142438,400.9619391446619,-0.3337879208683183,51.884567302640754,10000.0,0
8,1.9796926370496506,401.4568623039243,0.11860389883540678,51.825176523529265,10000.0,0
9,2.3452812649345933,402.04318262015795,0.36558862788494273,51.75481808558123,10000.0,0
9,1.7181715342664516,402.4727255037246,-0.6271097306681417,51.70327293955324,10000.0,0
9,1.5183999527642724,402.8523254919156,-0.19977158150217922,51.65772094097031,10000.0,0
9,2.257652535517456,403.416738625795,0.7392525827531835,51.58999136490478,10000.0,0
10,0.21753648491821237,403.47112274702454,-2.0401160505992437,51.58346527035724,10000.0,0
10,0.4403341431040122,403.58120628280057,0.22279765818579983,51.570255246064114,10000.0,0
10,0.7438934338889577,403.76717964127283,0.3035592907849455,51.54793844304744,10000.0,0
10,0.7961470820609666,403.9662164117881,0.05225364817200895,51.52405403058561,10000.0,0
11,0.40396329525052,404.06720723560073,-0.39218378681044663,51.511935131728094,10000.0,0
11,0.3664570339707859,404.15882149409344,-0.03750626127973411,51.50094142070897,10000.0,0
11,0.3676075478872912,404.25072338106526,0.0011505139165053357,51.48991319427235,10000.0,0
11,0.6769216017695205,404.4199537815076,0.3093140538822293,51.46960554621926,10000.0,0
12,0.4768911549683624,404.5391765702497,-0.20003044680115817,51.45529881157021,10000.0,0
12,0.5625460270417653,404.6798130770101,0.08565487207340289,51.438422430758955,10000.0,0
12,0.4936468364816289,404.80322478613056,-0.06889919056013638,51.42361302566451,10000.0,0
12,0.31142045949341324,404.8810799010039,-0.18222637698821564,51.414270411879706,10000.0,0
13,0.6809413154808268,405.0513152298741,0.3695208559874136,51.39384217241528,10000.0,0
13,0.5819564299550165,405.19680433736283,-0.0989848855258103,51.37638347951663,10000.0,0
13,0.5017142000301591,405.3222328873704,-0.08024222992485741,51.36133205351573,10000.0,0
13,0.46617256824674347,405.43877602943206,-0.03554163178341563,51.34734687646833,10000.0,0
14,0.6056885485496024,405.59019816656945,0.13951598030285894,51.32917622001184,10000.0,0
14,0.27019339755975014,405.6577465159594,-0.3354951509898523,51.32107041808504,10000.0,0
14,0.4602424587817104,405.7728071306548,0.19004906122196025,51.30726314432159,10000.0,0
14,0.7829498553911594,405.9685445945026,0.32270739660944897,51.28377464865985,10000.0,0
15,0.5137180110104174,406.0969740972552,-0.269231844380742,51.26836310832954,10000.0,0
15,0.4211614922095499,406.2022644703076,-0.09255651880086746,51.25572826356325,10000.0,0
15,0.6936816550720798,406.37568488407567,0.2725201628625299,51.23491781391109,10000.0,0
15,0.5745792999903125,406.51932970907325,-0.11910235508176725,51.21768043491138,10000.0,0
16,0.5463465380503368,406.65591634358583,-0.028232761939975703,51.20129003876987,10000.0,0
16,0.3514247798037988,406.7437725385368,-0.194921758246538,51.19074729537576,10000.0,0
16,0.27095561953167496,406.8115114434197,-0.08046916027212386,51.18261862678981,10000.0,0
16,0.5652864121933334,406.952833046468,0.29433079266165846,51.16566003442401,10000.0,0
17,0.7128546358452881,407.13104670542936,0.14756822365195466,51.144274395348646,10000.0,0
17,0.4070073575158512,407.2327985448083,-0.30584727832943687,51.13206417462317,10000.0,0
17,0.4221541491695366,407.3383370821007,0.015146791653685376,51.11939955014808,10000.0,0
17,0.3532542608827607,407.42665064732137,-0.0688998882867759,51.1088019223216,10000.0,0
18,2.8838882946655287,408.1476227209877,2.5306340337827677,51.02228527348163,8846.092507788891,0
18,3.9988184643368343,409.14732733707194,1.1149301696713056,50.902320719551525,6364.670111124085,0
18,2.9393144241892424,409.88215594311924,-1.059504040147592,50.81414128682585,8643.876420407461,0
18,3.0983007981311363,410.656731142652,0.15898637394189397,50.721192262881914,8185.324080456685,0
19,3.6888186719227147,411.5789358106327,0.5905178737915784,50.610527702724234,6859.991260609271,0
19,3.642655455631198,412.4895996745405,-0.04616321629151665,50.5012480390553,6931.927635509033,0
19,3.7176063544973297,413.41900126316483,0.0749508988661316,50.38971984842038,6777.172600248817,0
19,3.0479644348572985,414.18099237187914,-0.6696419196400312,50.29828091537466,8251.126610952328,0
20,2.5784610684330107,414.8256076389874,-0.4695033664242878,50.22092708332167,9738.546704884335,0
20,2.7773760259369933,415.5199516454716,0.19891495750398258,50.13760580254356,9026.07449159298,0
20,3.428136404391744,416.3769857465696,0.6507603784547507,50.03476171041181,7297.662025103914,0
20,3.0437209556526286,417.1379159854827,-0.3844154487391154,49.94345008174223,8204.341135311704,0
21,3.322810082415396,417.96861850608656,0.2790891267627673,49.843765779269766,7500.242948438036,0
21,3.0152980031905714,418.7224430068842,-0.3075120792248245,49.75330683917405,8250.147545371748,0
21,2.6930353275271233,419.39570183876594,-0.32226267566344813,49.67251577934824,9222.403299283855,0
21,2.505985946732815,420.02219832544915,-0.1870493807943081,49.59733620094625,9895.773012136979,0
22,3.7529482009330946,420.96043537568244,1.2469622542002794,49.48474775491826,6592.7832074280805,0
22,3.246973015070734,421.77217862945014,-0.5059751858623605,49.38733856446614,7605.135357644828,0
22,3.67230638282551,422.69025522515653,0.4253333677547757,49.277169372981376,6709.294410106793,0
22,2.7763836080147954,423.38435112716024,-0.8959227748107144,49.193877864740934,8859.344530548527,0
23,0.744333805992894,423.5704345786585,-2.0320498020219016,49.17154785056115,10000.0,0
23,0.38081609511903836,423.66563860243826,-0.36351771087385565,49.16012336770758,10000.0,0
23,0.5509342958486777,423.80337217640044,0.17011820072963935,49.143595338832114,10000.0,0
23,0.671136320114027,423.97115625642897,0.12020202426534932,49.12346124922869,10000.0,0
0,0.24983552968634068,424.03361513885056,-0.4213007904276863,49.1159661833381,10000.0,0
0,0.5603705786952757,424.1737077835244,0.310535049008935,49.09915506597724,10000.0,0
0,0.46554519470131844,424.2900940821997,-0.09482538399395729,49.0851887101362,10000.0,0
0,0.39432940797966054,424.3886764341946,-0.0712157867216579,49.07335882789681,10000.0,0
1,0.5096150235879187,424.5160801900916,0.11528561560825812,49.058070377189175,10000.0,0
1,0.7407481275356695,424.7012672219755,0.23113310394775088,49.03584793336311,10000.0,0
1,0.7544876578078791,424.8898891364275,0.013739530272209532,49.01321330362887,10000.0,0
1,0.5230251302865219,425.0206454189991,-0.2314625275213572,48.99752254972028,10000.0,0
2,0.38204106710435337,425.1161556857752,-0.1409840631821685,48.98606131770715,10000.0,0
2,0.579175709800984,425.2609496132254,0.1971346426966306,48.96868604641312,10000.0,0
2,0.4638748184207857,425.37691831783064,-0.11530089138019828,48.95476980186049,10000.0,0
2,0.44613152052246224,425.48845119796124,-0.017743297898323462,48.94138585624482,10000.0,0
3,0.21040970736433098,425.5410536248023,-0.23572181315813126,48.93507356502389,10000.0,0
3,0.3599008888840913,425.63102884702334,0.1494911815197603,48.92427653835737,10000.0,0
3,0.3490795581529612,425.71829873656156,-0.010821330731130063,48.91380415161278,10000.0,0
3,0.2032642813740711,425.76911480690507,-0.1458152767788901,48.90770622317156,10000.0,0
4,0.2853634414825792,425.8404556672757,0.0820991601085081,48.89914531992708,10000.0,0
4,0.5304928592731066,425.973078882094,0.24512941779052744,48.883230534148886,10000.0,0
4,0.7059095146841117,426.14955626076505,0.17541665541100504,48.862053248708364,10000.0,0
4,0.3460876470406817,426.2360781725252,-0.35982186764343,48.851670619297145,10000.0,0
5,0.584478050439588,426.3821976851351,0.23839040339890633,48.834136277783955,10000.0,0
5,0.738028062850005,426.5667047008476,0.153550012410417,48.81199543589845,10000.0,0
5,0.25488450111717004,426.6304258261269,-0.48314356173283496,48.80434890086494,10000.0,0
5,0.7077621596204394,426.807366366032,0.4528776585032694,48.78311603607632,10000.0,0
6,0.6462143797349117,426.9689199609657,-0.06154777988552773,48.76372960468427,10000.0,0
6,0.22947588907179367,427.0262889332337,-0.416738490663118,48.75684532801212,10000.0,0
6,0.45682181027596774,427.14049438580264,0.22734592120417407,48.74314067370384,10000.0,0
6,0.6431939618015632,427.30129287625306,0.18637215152559544,48.723844854849794,10000.0,0
7,1.846410570128232,427.7628955187851,1.2032166083266689,48.66845253774595,10000.0,0
7,1.8661058360494465,428.2294219777975,0.0196952659212144,48.61246936266446,10000.0,0
7,1.798998749424666,428.67917166515366,-0.06710708662478049,48.558499400181724,10000.0,0
7,2.0791087293460433,429.19894884749016,0.2801099799213773,48.49612613830134,10000.0,0
8,1.4829857914619475,429.56969529535564,-0.5961229378840958,48.45163656455748,10000.0,0
8,2.361296372409193,430.16001938845795,0.8783105809472456,48.3807976733852,10000.0,0
8,2.3247021028831063,430.7411949141787,-0.0365942695260868,48.31105661029871,10000.0,0
8,1.969237275049491,431.2335042329411,-0.3554648278336152,48.25197949204722,10000.0,0
9,1.6211495648645755,431.6387916241572,-0.3480877101849156,48.20334500510128,10000.0,0
9,2.0278011782409955,432.1457419187174,0.40665161337642,48.142510969754056,10000.0,0
9,2.3665841592636068,432.7373879585333,0.3387829810226113,48.07151344497615,10000.0,0
9,2.2202508155414304,433.2924506624187,-0.14633334372217632,48.004905920509906,10000.0,0
10,0.24532314827834636,433.3537814494883,-1.974927667263084,47.99754622606156,10000.0,0
10,0.8090175844476526,433.5560358456002,0.5636944361693063,47.97327569852813,10000.0,0
10,0.470076196796127,433.6735548947992,-0.3389413876515256,47.959173412624246,10000.0,0
10,0.6513407731304315,433.8363900880818,0.18126457633430448,47.93963318943033,10000.0,0
11,0.79962663234239,434.0362967461674,0.14828585921195847,47.91564439046006,10000.0,0
11,0.3504817105020207,434.1239171737929,-0.44914492184036925,47.905129939145,10000.0,0
11,0.41948389239509365,434.2287881468917,0.06900218189307294,47.892545422373146,10000.0,0
11,0.5477433845417568,434.36572399302713,0.1282594921466631,47.87611312083689,10000.0,0
12,0.5045103211643112,434.49185157331823,-0.04323306337744559,47.86097781120196,10000.0,0
12,0.34205510177177306,434.5773653487612,-0.1624552193925381,47.850716158148806,10000.0,0
12,0.5926510888948572,434.7255281209849,0.2505959871230841,47.83293662548196,10000.0,0
12,0.5780776777615635,434.8700475404253,-0.01457341113329369,47.81559429514912,10000.0,0
13,0.5854846990060141,435.01641871517677,0.0074070212444505845,47.79802975417894,10000.0,0
13,0.2678500824942708,435.08338123580035,-0.3176346165117433,47.789994251704115,10000.0,0
13,0.5978886644724908,435.2328534019185,0.33003858197822,47.77205759176994,10000.0,0
13,0.4431105062934592,435.3436310284918,-0.15477815817903157,47.75876427658114,10000.0,0
14,0.28064185683392473,435.4137914927003,-0.1624686494595345,47.750345020876125,10000.0,0
14,0.5140286638424219,435.5422986586609,0.23338680700849712,47.73492416096085,10000.0,0
14,0.5047368000453315,435.66848285867223,-0.00929186379709035,47.71978205695949,10000.0,0
14,0.6496462329699235,435.8308944169147,0.14490943292459202,47.70029266997039,10000.0,0
15,0.7815722739149445,436.0262874853934,0.13192604094502103,47.676845501752936,10000.0,0
15,0.6391110340768347,436.18606524391265,-0.14246123983810988,47.65767217073063,10000.0,0
15,0.47162977845953813,436.30397268852755,-0.16748125561729654,47.64352327737684,10000.0,0
15,0.3197415308301855,436.3839080712351,-0.1518882476293526,47.63393103145194,10000.0,0
16,0.36645651206948465,436.4755221992525,0.046714981239299125,47.622937336089855,10000.0,0
16,0.5189046194802726,436.6052483541226,0.1524481074107879,47.607370197505446,10000.0,0
16,0.2198171423531505,436.66020263971086,-0.299087477127122,47.60077568323485,10000.0,0
16,0.46953756124812523,436.7775870300229,0.24972041889497473,47.58668955639741,10000.0,0
17,0.43923689812161537,436.8873962545533,-0.030300663126509864,47.57351244945376,10000.0,0
17,0.7913577483302123,437.0852356916359,0.35212085020859696,47.54977171700385,10000.0,0
17,0.3507780031338848,437.17293019241936,-0.44057974519632753,47.53924837690983,10000.0,0
17,0.66515278475705,437.33921838860863,0.3143747816231652,47.51929379336712,10000.0,0
18,3.9625603414606863,438.3298584739738,3.2974075567036363,47.4004169831233,5981.034091414047,0
18,2.8102293399627807,439.03241580896446,-1.1523310014979056,47.31611010292442,8418.549587762665,0
18,2.83690078464308,439.74164100512525,0.02667144468029914,47.231003079385125,8324.401638411091,0
18,3.21350742150728,440.54501786050207,0.37660663686420026,47.13459785673991,7333.824334942979,0
19,2.9377792173928916,441.2794626648503,-0.2757282041143885,47.04646448021812,8007.147746447933,0
19,3.1946051504451054,442.0781139524616,0.2568259330522138,46.95062632570477,7348.424001501895,0
19,4.020811582225498,443.08331684801794,0.8262064317803928,46.830001978238,5823.451437671924,0
19,3.691590247936731,444.00621441000214,-0.3292213342887673,46.7192542707999,6327.7952227921005,0
20,3.527952505694877,444.88820253642587,-0.1636377422418538,46.61341569562906,6606.298642113937,0
20,3.549256239192573,445.775516596224,0.021303733497695987,46.50693800845328,6551.64559477301,0
20,3.3648112536424857,446.61671940963464,-0.18444498555008737,46.405993670844005,6895.779610313721,0
20,2.9951072983848683,447.3654962342309,-0.36970395525761734,46.31614045189246,7731.966810816552,0
21,3.56768518686947,448.25741753094826,0.5725778884846018,46.20910989628637,6476.063256135191,0
21,2.65614142859591,448.92145288809724,-0.9115437582735599,46.12942565342849,8683.540935885601,0
21,3.998022239192859,449.92095844789543,1.3418808105969489,46.00948498625271,5754.030647355946,0
21,3.6999108300255434,450.84593615540183,-0.2981114091673156,45.89848766135194,6202.647816384681,0
22,3.7836190368346494,451.7918409146105,0.08370820680910596,45.78497909024691,6050.421388162577,0
22,3.1135626336430953,452.57023157302126,-0.6700564031915541,45.69157221123761,7337.506513844422,0
22,2.9718335767616573,453.31318996721166,-0.141729056881438,45.60241720393476,7672.4379118205425,0
22,2.8950029074829726,454.0369406940824,-0.07683066927868465,45.51556711671027,7861.057237466346,0
23,0.5863941838447088,454.18353924004356,-2.308608723638264,45.49797529119493,10000.0,0
23,0.7203308632779293,454.36362195586304,0.13393667943322052,45.476365365296594,10000.0,0
23,0.6547151193014449,454.5273007356884,-0.0656157439764844,45.45672391171755,10000.0,0
23,0.3488639905191274,454.61451673331817,-0.30585112878231746,45.44625799200198,10000.0,0
0,0.608068493809634,454.7665338567706,0.2592045032905066,45.428015937187695,10000.0,0
0,0.6347954720238866,454.92523272477655,0.026726978214252628,45.40897207302698,10000.0,0
0,0.7599866778435982,455.1152293942375,0.12519120581971155,45.38617247269167,10000.0,0
0,0.5393895068737945,455.2500767709559,-0.2205971709698037,45.369990787485456,10000.0,0
1,0.6264256533577903,455.40668318429533,0.08703614648399582,45.35119801788472,10000.0,0
1,0.2847128579288508,455.4778613987775,-0.3417127954289395,45.342656632146856,10000.0,0
1,0.45511924163074385,455.5916412091852,0.17040638370189304,45.32900305489793,10000.0,0
1,0.7395762937330047,455.77653528261845,0.28445705210226085,45.30681576608594,10000.0,0
2,0.3847884036167542,455.87273238352265,-0.3547878901162505,45.29527211397744,10000.0,0
2,0.6650128024285661,456.03898558412976,0.2802243988118119,45.27532172990458,10000.0,0
2,0.572517872829997,456.1821150523373,-0.09249492959856909,45.25814619371968,10000.0,0
2,0.5998758229686108,456.33208400807945,0.02735795013861375,45.24014991903062,10000.0,0
3,0.4813346885387466,456.4524176802141,-0.11854113442986414,45.22570987837446,10000.0,0
3,0.5239341032931962,456.5834012060374,0.042599414754449616,45.20999185527566,10000.0,0
3,0.3261511434192803,456.66493899189226,-0.19778295987391592,45.200207320973085,10000.0,0
3,0.42695325757751834,456.7716773062866,0.10080211415823803,45.18739872324576,10000.0,0
4,0.7764757511850962,456.96579624408287,0.3495224936075778,45.164104450710205,10000.0,0
4,0.2827351659317689,457.03648003556583,-0.49374058525332726,45.15562239573225,10000.0,0
4,0.5116111515290219,457.1643828234481,0.22887598559725303,45.14027406118638,10000.0,0
4,0.45978441690736843,457.2793289276749,-0.05182673462165349,45.12648052867916,10000.0,0
5,0.4777886554314623,457.39877609153274,0.018004238524093885,45.112146869016215,10000.0,0
5,0.4601337510347383,457.51380952929145,-0.017654904396724014,45.098342856485175,10000.0,0
5,0.42147180695919195,457.6191774810313,-0.03866194407554635,45.085698702276396,10000.0,0
5,0.4098800121140968,457.7216474840598,-0.011591794845095149,45.07340230191297,10000.0,0
6,0.6650483329355332,457.8879095672937,0.2551683208214364,45.05345085192491,10000.0,0
6,0.4191088418761204,457.99268677776274,-0.24593949105941282,45.04087758666862,10000.0,0
6,0.41109126559866166,458.09545959416243,-0.008017576277458749,45.02854484870066,10000.0,0
6,0.7035437041731086,458.2713455202057,0.29245243857444697,45.00743853757547,10000.0,0
7,1.9124284461266094,458.74945263173737,1.2088847419535007,44.95006568419167,10000.0,0
7,1.766223017121459,459.19100838601776,-0.14620542900515043,44.89707899367803,10000.0,0
7,1.7675168034158764,459.63288758687173,0.0012937862944173428,44.84405348957555,10000.0,0
7,1.6883211447260502,460.0549678730533,-0.07919565868982614,44.79340385523377,10000.0,0
8,2.212035061410274,460.60797663840583,0.5237139166842237,44.72704280339146,10000.0,0
8,2.08643353296983,461.12958502164827,-0.12560152844044392,44.66444979740237,10000.0,0
8,2.020383006198933,461.634680773198,-0.06605052677089684,44.6038383072164,10000.0,0
8,1.6163364143677208,462.0387648767899,-0.4040465918312124,44.55534821478537,10000.0,0
9,1.722079560597497,462.46928476693927,0.10574314622977621,44.503685827967445,10000.0,0
9,1.795865201241312,462.91825106724957,0.0737856406438151,44.449809871930206,10000.0,0
9,2.2894283256330095,463.4906081486578,0.49356312439169736,44.381127022161216,9692.622067539542,0
9,1.5127119870270425,463.86878614541456,-0.776716338605967,44.3357456625504,10000.0,0
10,0.48327686802239184,463.98960536242015,-1.0294351190046507,44.32124735650973,10000.0,0
10,0.6314641884077582,464.1474714095221,0.14818732038536636,44.3023034308575,10000.0,0
10,0.5441991065863891,464.2835211861687,-0.08726508182136905,44.28597745765991,10000.0,0
10,0.24652370230811593,464.34515211174573,-0.2976754042782732,44.27858174659067,10000.0,0
11,0.3413628817262939,464.4304928321773,0.09483917941817799,44.26834086013888,10000.0,0
11,0.4032274294469512,464.5312996895391,0.061864547720657304,44.25624403725547,10000.0,0
11,0.420004911777906,464.63630091748354,0.016777482330954774,44.24364388990213,10000.0,0
11,0.33437853579623433,464.7198955514326,-0.08562637598167167,44.23361253382824,10000.0,0
12,0.6487701854997335,464.8820880978075,0.3143916497034992,44.21414942826325,10000.0,0
12,0.43432131358005444,464.99066842620255,-0.2144488719196791,44.20111978885585,10000.0,0
12,0.2184579780295448,465.04528292070995,-0.21586333555050963,44.19456604951496,10000.0,0
12,0.25986436520938244,465.1102490120123,0.041406387179837634,44.18677011855868,10000.0,0
13,0.2598774499822057,465.17521837450784,1.3084772823246382e-05,44.178973795059214,10000.0,0
13,0.6957350690660982,465.34915214177437,0.4358576190838925,44.158101742987235,10000.0,0
13,0.5480276045820435,465.4861590429199,-0.1477074644840547,44.14166091484977,10000.0,0
13,0.407292369994756,465.5879821354186,-0.14073523458728748,44.12944214374993,10000.0,0
14,0.5245106459398223,465.7191097969036,0.11721827594506634,44.11370682437173,10000.0,0
14,0.6705445593253663,465.88674593673494,0.14603391338554395,44.093590487591975,10000.0,0
14,0.5913534837365084,466.0345843076691,-0.07919107558885785,44.07584988307988,10000.0,0
14,0.3617326112064736,466.1250174604707,-0.22962087253003483,44.06499790474369,10000.0,0
15,0.5666326116338007,466.26667561337916,0.20490000042732714,44.047998926394676,10000.0,0
15,0.33731700217429594,466.35100486392275,-0.2293156094595048,44.037879416329446,10000.0,0
15,0.6976140771136761,466.5254083832012,0.3602970749393801,44.016950994016035,10000.0,0
15,0.6488708241058316,466.68762608922765,-0.048743253007844434,43.99748486929286,10000.0,0
16,0.4005948545299304,466.78777480286016,-0.24827596957590126,43.985467023656966,10000.0,0
16,0.6727974076416668,466.95597415477056,0.27220255311173647,43.965283101427715,10000.0,0
16,0.4966612510790644,467.08013946754033,-0.17613615656260245,43.95038326389535,10000.0,0
16,0.5919918198406391,467.2281374225005,0.0953305687615747,43.93262350930013,10000.0,0
17,0.823981013516161,467.43413267587954,0.23198919367552195,43.907904078894646,10000.0,0
17,0.49451642204175883,467.55776178138996,-0.3294645914744022,43.89306858623339,10000.0,0
17,0.3863075871936324,467.65433867818837,-0.10820883484812643,43.88147935861758,10000.0,0
17,0.41379645508643237,467.75778779195997,0.027488867892799973,43.86906546496499,10000.0,0
18,2.8303638803641107,468.465378762051,2.4165674252776785,43.78415454855406,7734.721823633765,0
18,3.526719032840157,469.34705852026104,0.6963551524760465,43.678352977568856,6192.491175345142,0
18,3.045373318658836,470.10840184992577,-0.4813457141813213,43.58699177800909,7156.264145179505,0
18,2.9161275757126868,470.8374337438539,-0.1292457429461491,43.499507950737716,7458.4370575945495,0
19,3.3028987865278436,471.66315844048586,0.38677121081515686,43.40042098714188,6570.050097230857,0
19,2.946625724655452,472.3998148716497,-0.3562730618723915,43.312022215402216,7349.427152046375,0
19,3.6686138902854095,473.31696834422104,0.7219881656299574,43.201963798693654,5888.049968012939,0
19,2.6181310027747267,473.97150109491474,-1.0504828875106829,43.12341986861041,8235.535162852373,0
20,2.988432906564714,474.7186093215559,0.3703019037899873,43.03376688141347,7200.055719317114,0
20,3.0224358122624024,475.4742182746215,0.03400290569768849,42.9430938070456,7104.053894679924,0
20,2.667127659980019,476.1410001896165,-0.35530815228238355,42.8630799772462,8035.438389470888,0
20,2.4826667885765277,476.7616668867606,-0.1844608714034912,42.78859997358891,8617.467348109643,0
21,2.732162895651377,477.44470761067345,0.24949610707484915,42.706635086719366,7815.536027279524,0
21,3.927401265977557,478.42655792716783,1.1952383703261802,42.588813048740036,5422.0093854020015,0
21,3.7126874391222384,479.3547297869484,-0.2147138268553186,42.47743242556637,5720.577495692579,0
21,3.3140202993119487,480.1832348617764,-0.3986671398102897,42.37801181658701,6393.746565973881,0
22,2.7247198308826164,480.86441481949703,-0.5893004684293324,42.296270221660535,7761.58152890889,0
22,3.6993057126601343,481.78924124766206,0.9745858817775179,42.18529105028073,5701.78491952017,0
22,3.989904580212563,482.7867173927152,0.2905988675524287,42.065593912874355,5271.5037499259315,0
22,2.725354631864993,483.46805605068147,-1.26454994834757,41.98383327391841,7702.453248293115,0
23,0.5604047013763933,483.6081572260256,-2.1649499304886,41.967021132877115,10000.0,0
23,0.38623752611182405,483.70471660755356,-0.17416717526456926,41.95543400709376,10000.0,0
23,0.6270321216091943,483.86147463795584,0.24079459549737026,41.93662304344548,10000.0,0
23,0.37383001117735537,483.9549321407502,-0.25320211043183893,41.92540814311016,10000.0,0
0,0.5507572976191735,484.092621465155,0.1769272864418181,41.908885424181584,10000.0,0
0,0.7460757186001099,484.27914039480504,0.19531842098093644,41.88650315262358,10000.0,0
0,0.6335388303215309,484.43752510238545,-0.112536888278579,41.867496987713935,10000.0,0
0,0.679179763588332,484.6073200432825,0.045640933266801076,41.84712159480628,10000.0,0
1,0.4455786028320765,484.71871469399053,-0.23360116075625548,41.83375423672132,10000.0,0
1,0.4232374180847977,484.82452404851176,-0.02234118474727881,41.82105711417878,10000.0,0
1,0.3292463022064485,484.9068356240634,-0.09399111587834919,41.81117972511259,10000.0,0
1,0.5670689320326289,485.04860285707156,0.23782262982618035,41.79416765715161,10000.0,0
2,0.40511343156442464,485.14988121496265,-0.16195550046820423,41.782014254204675,10000.0,0
2,0.8533886590721642,485.3632283797307,0.44827522750773957,41.75641259443251,10000.0,0
2,0.5944380850215416,485.51183790098605,-0.2589505740506226,41.73857945188187,10000.0,0
2,0.2511780728777338,485.5746324192055,-0.3432600121438078,41.73104410969554,10000.0,0
3,0.2972780524969663,485.64895193232974,0.04609997961923251,41.72212576812063,10000.0,0
3,0.2857215125378845,485.72038231046423,-0.01155653995908179,41.71355412274449,10000.0,0
3,0.7661817607993774,485.91192775066406,0.48046024826149286,41.69056866992051,10000.0,0
3,0.40151764352078184,486.01230716154424,-0.36466411727859555,41.678523140614885,10000.0,0
4,0.7431184102061459,486.19808676409576,0.34160076668536404,41.6562295883087,10000.0,0
4,0.7560033982661469,486.3870876136623,0.012884988060001046,41.633549486360714,10000.0,0
4,0.37951901983451297,486.48196736862093,-0.37648437843163396,41.622163915765675,10000.0,0
4,0.3674087592995251,486.5738195584458,-0.012110260534987871,41.61114165298669,10000.0,0
5,0.46173889084626685,486.68925428115733,0.09433013154674175,41.5972894862613,10000.0,0
5,0.792373476471455,486.8873476502752,0.3306345856251881,41.57351828196716,10000.0,0
5,0.6575568916009534,487.05173687317546,-0.13481658487050152,41.55379157521913,10000.0,0
5,0.3582982668712615,487.1413114398933,-0.29925862472969195,41.54304262721299,10000.0,0
6,0.39764785711380274,487.2407234041717,0.039349590242541255,41.53111319149958,10000.0,0
6,0.562404857578648,487.3813246185664,0.16475700046484526,41.514241045772216,10000.0,0
6,0.37961380784674864,487.47622807052807,-0.18279104973189936,41.50285263153681,10000.0,0
6,0.3790991059151986,487.57100284700687,-0.0005147019315500656,41.49147965835935,10000.0,0
7,2.4864441180463808,488.19261387651846,2.1073450121311823,41.41688633481796,8328.537535635336,0
7,1.7758887445180427,488.63658606264795,-0.7105553735283381,41.36360967248242,10000.0,0
7,2.1893778108856834,489.18393051536935,0.4134890663676407,41.29792833815585,9431.430275035382,0
7,1.9939343706799493,489.6824141080393,-0.19544344020573412,41.23811030703545,10000.0,0
8,1.812057857906133,490.1354285725159,-0.18187651277381622,41.18374857129827,10000.0,0
8,2.0780112222920883,490.6549313780889,0.2659533643859553,41.121408234629506,9894.414378877069,0
8,2.134762770064275,491.188622070605,0.056751547772186495,41.05736535152758,9616.376565882167,0
8,2.1613345964211303,491.72895571971026,0.02657182635685551,40.99252531363494,9483.151146868437,0
9,1.7839891926485651,492.1749530178724,-0.3773454037725652,40.93900563785549,10000.0,0
9,1.7331775766599247,492.6082474120374,-0.05081161598864048,40.88701031055569,10000.0,0
9,1.6730888832884885,493.0265196328595,-0.060088693371436186,40.836817644057035,10000.0,0
9,1.85511840713089,493.49029923464224,0.18202952384240145,40.78116409184311,10000.0,0
10,0.5783472470678526,493.6348860464092,-1.2767711600630374,40.76381367443108,10000.0,0
10,0.48148106175303845,493.75525631184746,-0.09686618531481411,40.74936924257849,10000.0,0
10,0.5918788001671171,493.9032260118892,0.11039773841407868,40.73161287857347,10000.0,0
10,0.6136032537671648,494.056626825331,0.02172445360004771,40.71320478096046,10000.0,0
11,0.5105139987304064,494.1842553250136,-0.10308925503675848,40.697889360998545,10000.0,0
11,0.8594496566039743,494.39911773916464,0.34893565787356795,40.672105871300424,10000.0,0
11,0.5356775197459142,494.5330371191011,-0.32377213685806017,40.65603554570804,10000.0,0
11,0.17039466071182519,494.57563578427903,-0.36528285903408897,40.65092370588669,10000.0,0
12,0.5634826857837671,494.716506455725,0.39308802507194196,40.634019225313175,10000.0,0
12,0.5465087762578129,494.8531336497894,-0.016973909525954234,40.61762396202544,10000.0,0
12,0.6484776403322609,495.01525305987246,0.10196886407444794,40.59816963281547,10000.0,0
12,0.44742718421150973,495.12710985592537,-0.20105045612075112,40.58474681728912,10000.0,0
13,0.6480893802556402,495.2891322009893,0.2006621960441305,40.565304135881455,10000.0,0
13,0.6106031414654493,495.44178298635563,-0.03748623879019097,40.54698604163749,10000.0,0
13,0.4684609858271787,495.55889823281245,-0.14214215563827054,40.532932212062676,10000.0,0
13,0.6553674337581259,495.722740091252,0.18690644793094718,40.51327118904993,10000.0,0
14,0.4338947087022969,495.8312137684276,-0.221472725055829,40.50025434778886,10000.0,0
14,0.5817809420236908,495.9766590039335,0.1478862333213939,40.48280091952815,10000.0,0
14,0.506752279697059,496.1033470738578,-0.07502866232663175,40.46759835113724,10000.0,0
14,0.20700311997293055,496.15509785385103,-0.2997491597241285,40.461388257538054,10000.0,0
15,0.7578070087383404,496.3445496060356,0.5508038887654099,40.438654047275904,10000.0,0
15,0.6577330925553433,496.5089828791745,-0.1000739161829971,40.41892205449924,10000.0,0
15,0.42964122372880753,496.6163931851067,-0.22809186882653576,40.40603281778738,10000.0,0
15,0.6889365493507442,496.78862732244437,0.2592953256219367,40.38536472130686,10000.0,0
16,0.5648170209837117,496.9298315776903,-0.12411952836703255,40.36842021067734,10000.0,0
16,0.4762557918390893,497.0488955256501,-0.08856122914462239,40.35413253692217,10000.0,0
16,0.4825639971660428,497.16953652494163,0.006308205326953531,40.33965561700719,10000.0,0
16,0.7021324793753924,497.3450696447855,0.21956848220934955,40.318591642625925,10000.0,0
17,0.5097875155052027,497.4725165236618,-0.19234496387018962,40.30329801716077,10000.0,0
17,0.5867794344100012,497.61921138226427,0.0769919189047985,40.28569463412847,10000.0,0
17,0.4791312164843382,497.73899418638536,-0.10764821792566304,40.27132069763394,10000.0,0
17,0.43206869720925906,497.84701136068765,-0.04706251927507915,40.25835863671766,10000.0,0
18,3.4156346880889625,498.70092003270986,2.9835659908797036,40.15588959607499,5878.247128726476,0
18,2.6973496255890654,499.37525743910714,-0.7182850624998971,40.07496910730732,7428.582621831139,0
18,2.784642302923784,500.0714180148381,0.08729267733471868,39.9914298382196,7180.7121863066395,0
18,3.102095236546049,500.84694182397465,0.3174529336222647,39.89836698112322,6430.873964002967,0
19,2.525637264251868,501.4783511400376,-0.5764579722941807,39.82259786319566,7883.673246916499,0
19,3.777356633024614,502.42269029829373,1.2517193687727461,39.70927716420492,5256.225586040153,0
19,3.28693220242627,503.2444233489003,-0.49042443059834406,39.61066919813213,6025.477064737334,0
19,2.7765756691341403,503.93856726618384,-0.5103565332921298,39.5273719280581,7118.007329579549,0
20,3.64383867636959,504.84952693527623,0.8672630072354495,39.41805676776701,5408.864149693889,0
20,3.949011271860475,505.83677975324133,0.30517259549088527,39.299586429611196,4975.876709905694,0
20,3.1000274243662345,506.6117866093329,-0.8489838474942406,39.20658560688021,6323.586897766809,0
20,2.884228658381421,507.3328437739283,-0.2157987659848133,39.120058747128766,6781.719374684091,0
21,3.5916634817328563,508.2307596443615,0.7074348233514351,39.01230884267678,5430.952682662611,0
21,2.894247994754491,508.95432164305015,-0.6974154869783655,38.925481402834144,6724.627860740051,0
21,3.585381989074925,509.8506671403189,0.6911339943204342,38.8179199431619,5413.359031400923,0
21,3.754986022147055,510.78941364585563,0.16960403307213,38.70527036249749,5153.850125434859,0
22,3.8539051447721766,511.7528899320487,0.09891912262512159,38.589653208154324,5006.564998168313,0
22,2.9811962325930956,512.4981889901969,-0.872708912179081,38.50021732117653,6457.175965180993,0
22,3.0827995088571782,513.2688888674112,0.10160327626408261,38.40773333591081,6229.359584618091,0
22,3.024889093274724,514.0251111407299,-0.057910415582454355,38.31698666311257,6333.618437169026,0
23,0.25137942124047097,514.08795599604,-2.773509672034253,38.30944528047536,10000.0,0
23,0.36516518929693775,514.1792472933643,0.11378576805646679,38.298490324796454,10000.0,0
23,0.529132016793719,514.3115302975627,0.16396682749678126,38.28261636429264,10000.0,0
23,0.6804412064549903,514.4816405991764,0.15130918966127127,38.262203128098996,10000.0,0
0,0.4736746771223015,514.600059268457,-0.2067665293326888,38.24799288778533,10000.0,0
0,0.701462571119135,514.7754249112368,0.22778789399683352,38.22694901065176,10000.0,0
0,0.5264003456609344,514.907024997652,-0.1750622254582006,38.21115700028193,10000.0,0
0,0.6674658617294328,515.0738914630844,0.14106551606849838,38.191133024430044,10000.0,0
1,0.24702180623495884,515.1356469146431,-0.42044405549447394,38.183722370243,10000.0,0
1,0.5273716486534257,515.2674898268065,0.28034984241846683,38.16790122078339,10000.0,0
1,0.5686028513193362,515.4096405396363,0.041231202665910516,38.15084313524381,10000.0,0
1,0.4634135316071497,515.5254939225381,-0.10518931971218648,38.136940729295596,10000.0,0
2,0.40390696394974435,515.6264706635255,-0.05950656765740536,38.124823520377106,10000.0,0
2,0.8149871100178888,515.83021744103,0.41108014606814447,38.100373907076566,10000.0,0
2,0.5309685677631191,515.9629595829707,-0.28401854225476975,38.084444850043674,10000.0,0
2,0.36727191392261094,516.0547775614514,-0.16369665384050813,38.07342669262599,10000.0,0
3,0.40386264764934854,516.1557432233637,0.0365907337267376,38.06131081319651,10000.0,0
3,0.5172987401623999,516.2850679084044,0.11343609251305131,38.04579185099164,10000.0,0
3,0.5430512358197953,516.4208307173593,0.025752495657395458,38.02950031391705,10000.0,0
3,0.47802330547602856,516.5403365437284,-0.06502793034376675,38.01515961475277,10000.0,0
4,0.5962693934633945,516.6894038920942,0.11824608798736591,37.997271532948865,10000.0,0
4,0.41397670020343613,516.7928980671451,-0.18229269325995834,37.98485223194276,10000.0,0
4,0.6000111600379219,516.9429008571545,0.18603445983448574,37.96685189714162,10000.0,0
4,0.3605465531360389,517.0330374954385,-0.23946460690188298,37.95603550054754,10000.0,0
5,0.5974089987516196,517.1823897451264,0.23686244561558067,37.938113230584996,10000.0,0
5,0.5844437687201103,517.3285006873065,-0.01296523003150929,37.92057991752339,10000.0,0
5,0.624353228362593,517.4845889943971,0.039909459642482714,37.90184932067251,10000.0,0
5,0.7442228376886452,517.6706447038192,0.11986960932605217,37.87952263554185,10000.0,0
6,0.32941326086080125,517.7529980190344,-0.4148095768278439,37.86964023771603,10000.0,0
6,0.31999825052772163,517.8329975816663,-0.009415010333079621,37.860040290200196,10000.0,0
6,0.34543870990412356,517.9193572591423,0.025440459376401936,37.849677128903075,10000.0,0
6,0.16482871486801104,517.9605644378594,-0.18060999503611253,37.84473226745703,10000.0,0
7,1.562049319779696,518.3510767678043,1.397220604911685,37.797870787863644,10000.0,0
7,1.6414767524612468,518.7614459559196,0.07942743268155072,37.748626485289805,10000.0,0
7,1.570998501507103,519.1541955812963,-0.07047825095414373,37.70149653024459,10000.0,0
7,2.4526019598284763,519.7673460712534,0.8816034583213732,37.62791847144974,7671.020224186983,0
8,2.2786373153616273,520.3370054000939,-0.173964644466849,37.55955935198889,8241.671260884284,0
8,1.9524200280784398,520.8251104071135,-0.32621728728318744,37.500986751146534,9603.719028649482,0
8,2.431993777494859,521.4331088514872,0.47957374941641917,37.42802693782169,7694.926542200171,0
8,1.897211824490181,521.9074118076097,-0.534781953004678,37.37111058308699,9848.955741441618,0
9,2.6044711463536,522.5585295941981,0.7072593218634191,37.29297644869638,7159.414397987967,0
9,2.039732008833523,523.0684625964066,-0.564739137520077,37.23178448843137,9126.636324573687,0
9,2.143829609396942,523.6044199987558,0.10409760056341888,37.16746960014947,8668.475665518177,0
9,1.823517351554412,524.0602993366444,-0.3203122578425299,37.11276407960283,10000.0,0
10,0.4642408705771366,524.1763595542888,-1.3592764809772755,37.098836853485516,10000.0,0
10,0.6816066292489874,524.346761211601,0.21736575867185082,37.07838865460805,10000.0,0
10,0.5480408313327441,524.4837714194342,-0.13356579791624335,37.061947429668066,10000.0,0
10,0.33222124269968994,524.5668267301091,-0.21581958863305412,37.05198079238708,10000.0,0
11,0.2688725712618118,524.6340448729246,-0.06334867143787815,37.04391461524922,10000.0,0
11,0.587621224513804,524.7809501790531,0.31874865325199225,37.026285978513805,10000.0,0
11,0.4614817227768776,524.8963206097474,-0.12613950173692645,37.0124415268305,10000.0,0
11,0.6070851300846859,525.0480918922685,0.1456034073078083,36.99422897292796,10000.0,0
12,0.11085070413981296,525.0758045683035,-0.49623442594487294,36.99090345180376,10000.0,0
12,0.3073790768937723,525.152649337527,0.19652837275395935,36.98168207949695,10000.0,0
12,0.6082191450676173,525.304704123794,0.300840068173845,36.96343550514492,10000.0,0
12,0.5620224869649999,525.4452097455352,-0.046196658102617416,36.94657483053597,10000.0,0
13,0.6234839984931521,525.6010807451585,0.06146151152815216,36.92787031058118,10000.0,0
13,0.6216999733373324,525.7565057384928,-0.0017840251558196574,36.90921931138106,10000.0,0
13,0.1623728210955447,525.7970989437667,-0.45932715224178766,36.90434812674819,10000.0,0
13,0.3743001586587572,525.8906739834314,0.2119273375632125,36.89311912198843,10000.0,0
14,0.24481063678090662,525.9518766426266,-0.1294895218778506,36.885774802885,10000.0,0
14,0.4809680056332077,526.072118644035,0.23615736885230107,36.871345762716004,10000.0,0
14,0.6485051185177206,526.2342449236644,0.16753711288451295,36.85189060916047,10000.0,0
14,0.7236793297797192,526.4151647561093,0.07517421126199852,36.83018022926708,10000.0,0
15,0.45602870405208357,526.5291719321224,-0.2676506257276356,36.816499368145514,10000.0,0
15,0.38046756116353425,526.6242888224133,-0.07556114288854932,36.80508534131061,10000.0,0
15,0.439889321332749,526.7342611527465,0.05942176016921474,36.791888661670626,10000.0,0
15,0.29494877696546157,526.8079983469879,-0.14494054436728743,36.78304019836166,10000.0,0
16,0.5205714288348775,526.9381412041967,0.22562265186941594,36.767423055496614,10000.0,0
16,0.6344623599567012,527.0967567941858,0.11389093112182369,36.74838918469791,10000.0,0
16,0.5503955104202167,527.2343556717908,-0.08406684953648447,36.731877319385305,10000.0,0
16,0.3748234999052034,527.3280615467671,-0.1755720105150133,36.72063261438815,10000.0,0
17,0.5768647341939079,527.4722777303156,0.20204123428870452,36.70332667236234,10000.0,0
17,0.5218082042953093,527.6027297813894,-0.05505652989859866,36.687672426233476,10000.0,0
17,0.777408172985321,527.7970818246357,0.2555999686900118,36.664350181043915,10000.0,0
17,0.219840781062002,527.8520420199012,-0.5575673919233191,36.657754957612056,10000.0,0
18,2.3426237463257094,528.4376979564827,2.122782965263707,36.587476245222284,7809.080801517519,0
18,3.557754057482434,529.3271364708532,1.2151303111567247,36.48074362349781,5126.934441515697,0
18,3.670870997655397,530.2448542202671,0.11311694017296281,36.37061749356815,4953.949282990091,0
18,3.36057379433338,531.0849976688505,-0.3102972033220168,36.26980027973815,5396.370158705711,0
19,2.9461336329774586,531.8215310770948,-0.41444016135592143,36.18141627074883,6140.491365658576,0
19,2.8949523378150364,532.5452691615486,-0.0511812951624222,36.09456770061438,6234.0521515902965,0
19,3.332355463487365,533.3783580274204,0.43740312567232875,35.994597036709756,5400.773931698273,0
19,3.1922690676821364,534.1764252943409,-0.14008639580522875,35.89882896467929,5622.776182639414,0
20,3.3863833562218226,535.0230211333964,0.19411428853968626,35.79723746399264,5285.467370110675,0
20,3.0771121423723686,535.7922991689894,-0.309271213849454,35.70492409972147,5801.693673762887,0
20,2.9670984721423226,536.534073787025,-0.11001367023004605,35.6159111455572,6001.808076130615,0
20,2.7527511831418807,537.2222615828105,-0.21434728900044187,35.533328610062945,6454.148276762636,0
21,2.6396298971080436,537.8821690570875,-0.11312128603383709,35.4541397131497,6715.740671067743,0
21,3.743726830573096,538.8181007647307,1.1040969334650526,35.34182790823251,4720.139784186968,0
21,2.774461722296535,539.5117161953049,-0.9692651082765611,35.25859405656362,6354.132366147522,0
21,3.514167520969883,540.3902580755473,0.7397057986733477,35.15316903093452,5001.635354769957,0
22,3.3027285919401024,541.2159402235324,-0.21143892902978045,35.05408717317632,5306.837391773798,0
22,3.1201286414151133,541.9959723838862,-0.18259995052498912,34.960483313933864,5602.410562482093,0
22,3.358485611604699,542.8355937867874,0.23835697018958557,34.85972874558572,5189.798733264424,0
22,2.6678605525966805,543.5025589249366,-0.6906250590080183,34.77969292900782,6518.27414576749,0
23,0.36608396590157694,543.5940799164119,-2.3017765866951034,34.76871041003078,10000.0,0
23,0.44807681878158706,543.7060991211073,0.08199285288001013,34.75526810546733,10000.0,0
23,0.6897592621043156,543.8785389366334,0.24168244332272854,34.7345753276042,10000.0,0
23,0.45576309670872855,543.9924797108106,-0.23399616539558704,34.720902434702936,10000.0,0
0,0.3623674417100349,544.0830715712381,-0.09339565499869368,34.71003141145164,10000.0,0
0,0.6155100259162272,544.2369490777171,0.2531425842061923,34.69156611067415,10000.0,0
0,0.5716544462441586,544.3798626892782,-0.043855579672068545,34.674416477286826,10000.0,0
0,0.4438779553047639,544.4908321781044,-0.1277764909393947,34.66110013862768,10000.0,0
1,0.4684724405756531,544.6079502882483,0.0245944852708892,34.64704596541041,10000.0,0
1,0.5622194981870114,544.748505162795,0.09374705761135832,34.6301793804648,10000.0,0
1,0.7675895995299657,544.9404025626775,0.2053701013429543,34.6071516924789,10000.0,0
1,0.6921810404136081,545.1134478227809,-0.07540855911635769,34.58638626126649,10000.0,0
2,0.6105765277711547,545.2660919547237,-0.08160451264245339,34.568068965433355,10000.0,0
2,0.6233914360590572,545.4219398137385,0.012814908287902549,34.549367222351584,10000.0,0
2,0.47330761109980984,545.5402667165134,-0.15008382495924738,34.53516799401859,10000.0,0
2,0.6079490241309938,545.6922539725462,0.134641413031184,34.516929523294664,10000.0,0
3,0.34995723459193206,545.7797432811941,-0.25799178953906177,34.50643080625691,10000.0,0
3,0.448382520611248,545.8918389113469,0.09842528601931594,34.49297933063857,10000.0,0
3,0.5545972957063392,546.0304882352734,0.1062147750950912,34.47634141176738,10000.0,0
3,0.5338018438339337,546.1639386962319,-0.0207954518724055,34.46032735645236,10000.0,0
4,0.31790205579255804,546.24341421018,-0.21589978804137566,34.450790294778585,10000.0,0
4,0.6587587249111944,546.4081038914078,0.3408566691186363,34.43102753303125,10000.0,0
4,0.39934896512461315,546.507941132689,-0.2594097597865812,34.41904706407751,10000.0,0
4,0.6207820238023432,546.6631366386396,0.22143305867773,34.40042360336344,10000.0,0
5,0.49960617173282695,546.7880381815728,-0.1211758520695162,34.38543541821146,10000.0,0
5,0.18288398546552365,546.8337591779392,-0.3167221862673033,34.37994889864749,10000.0,0
5,0.6069528652237272,546.9854973942452,0.4240688797582035,34.36174031269078,10000.0,0
5,0.6364853843338173,547.1446187403286,0.02953251911009014,34.34264575116076,10000.0,0
6,0.47528687966841465,547.2634404602458,-0.16119850466540264,34.32838714477071,10000.0,0
6,0.40720159020927993,547.3652408577981,-0.06808528945913472,34.316171097064434,10000.0,0
6,0.5446929631353302,547.5014140985819,0.1374913729260503,34.29983030817037,10000.0,0
6,0.37136306726446,547.594254865398,-0.17332989587087022,34.28868941615244,10000.0,0
7,2.1710537818814313,548.1370183108684,1.7996907146169714,34.22355780269599,7881.784893656095,0
7,2.381543229454434,548.732404118232,0.21048944757300259,34.15211150581236,7170.164094320463,0
7,1.6189567526567294,549.1371433063962,-0.7625864767977044,34.103542803232656,10000.0,0
7,2.141899229740874,549.6726181138314,0.5229424770841444,34.03928582634043,7946.05211900153,0
8,2.3480925531893604,550.2596412521287,0.2061933234484865,33.96884304974475,7233.284523560548,0
8,2.3594283033858403,550.8494983279752,0.011335750196479921,33.89806020064317,7183.532585414566,0
8,2.189003639518729,551.3967492378549,-0.1704246638671112,33.83239009145761,7727.805810979818,0
8,1.6541324490188518,551.8102823501097,-0.5348711904998773,33.782766117987045,10000.0,0
9,2.44071454128196,552.4204609854302,0.7865820922631082,33.70954468174859,6905.671292482037,0
9,2.3211347572770515,553.0007446747494,-0.11957978400490843,33.639910639030276,7246.436367721628,0
9,2.131841628310378,553.533705081827,-0.1892931289666735,33.575955390180965,7874.870943577568,0
9,1.6535904609295968,553.9471026970593,-0.4782511673807812,33.526347676353076,10000.0,0
10,0.6198507460190749,554.1020653835641,-1.033739714910522,33.507752153972504,10000.0,0
10,0.46290484343195426,554.2177915944221,-0.1569459025871206,33.493865008669545,10000.0,0
10,0.23499378922926967,554.2765400417294,-0.2279110542026846,33.486815194992666,10000.0,0
10,0.6409227658308867,554.4367707331871,0.40592897660161703,33.46758751201774,10000.0,0
11,0.5511576530219567,554.5745601464426,-0.08976511280892996,33.45105278242708,10000.0,0
11,0.5076944529919797,554.7014837596906,-0.043463200029977056,33.435821948837315,10000.0,0
11,0.5047778820506572,554.8276782302033,-0.0029165709413224716,33.420678612375795,10000.0,0
11,0.47054648541960997,554.9453148515582,-0.03423139663104724,33.40656221781321,10000.0,0
12,0.6876537891501093,555.1172282988458,0.21710730373049936,33.38593260413871,10000.0,0
12,0.2932222909064209,555.1905338715724,-0.39443149824368845,33.377135935411516,10000.0,0
12,0.4962405312937517,555.3145940043958,0.2030182403873308,33.3622487194727,10000.0,0
12,0.41335169420699697,555.4179319279475,-0.08288883708675471,33.349848168646496,10000.0,0
13,0.4730652506668528,555.5361982406142,0.05971355645985582,33.33565621112649,10000.0,0
13,0.3167102977153642,555.6153758150431,-0.1563549529514886,33.32615490219503,10000.0,0
13,0.5135375359306746,555.7437601990257,0.19682723821531045,33.31074877611711,10000.0,0
13,0.4447285202077945,555.8549423290776,-0.06880901572288012,33.29740692051087,10000.0,0
14,0.6487553702947715,556.0171311716513,0.20402685008697696,33.27794425940203,10000.0,0
14,0.6219028569799949,556.1726068858962,-0.02685251331477656,33.25928717369263,10000.0,0
14,0.47449495414607445,556.2912306244327,-0.14740790283392047,33.245052325068244,10000.0,0
14,0.8142278419591884,556.4947875849225,0.33973288781311395,33.22062548980947,10000.0,0
15,0.3792567249415405,556.5896017661579,-0.4349711170176479,33.20924778806123,10000.0,0
15,0.67789751333628,556.7590761444919,0.2986407883947395,33.18891086266114,10000.0,0
15,0.3800197823062535,556.8540810900685,-0.2978777310300265,33.17751026919195,10000.0,0
15,0.4115228410135725,556.9569618003219,0.03150305870731901,33.16516458396154,10000.0,0
16,0.6895189906452731,557.1293415479832,0.2779961496317006,33.14447901424219,10000.0,0
16,0.38966324786365775,557.2267573599491,-0.29985574278161536,33.13278911680628,10000.0,0
16,0.43048603752777626,557.3343788693311,0.04082278966411851,33.119874535680445,10000.0,0
16,0.47493814892746,557.4531134065629,0.04445211139968375,33.105626391212624,10000.0,0
17,0.45623395448850446,557.5671718951851,-0.018704194438955546,33.09193937257797,10000.0,0
17,0.4865891929026562,557.6888191934107,0.03035523841415172,33.07734169679089,10000.0,0
17,0.7238062676917361,557.8697707603336,0.23721707478907988,33.05562750876014,10000.0,0
17,0.14597563932573598,557.906264670165,-0.5778306283660001,33.05124823958037,10000.0,0
18,2.8358113284572917,558.6152175022793,2.689835689131556,32.96617389972665,5812.476586314465,0
18,3.863832797055228,559.5811757015431,1.0280214685979363,32.85025891581499,4250.993850051095,0
18,3.214866010755575,560.384892204232,-0.6489667862996531,32.75381293549232,5094.117892613874,0
18,3.9784891160334803,561.3795144832403,0.7636231052779054,32.634458262011314,4101.363270103349,0
19,2.920658824355658,562.1096791893292,-1.0578302916778224,32.546838497280646,5571.831640496554,0
19,3.017596892028526,562.8640784123363,0.09693806767286794,32.45631059051979,5377.840671207348,0
19,3.016146164573156,563.6181149534796,-0.0014507274553698934,32.3658262055826,5365.427343300355,0
19,2.760230564158746,564.3081725945192,-0.2559156004144101,32.28301928865784,5847.8845404889125,0
20,3.697405081484833,565.2325238648904,0.937174517326087,32.172097136213296,4350.631919845441,0
20,2.6633527968874535,565.8983620641122,-1.0340522845973794,32.092196552306675,6024.773847049375,0
20,4.0159388665467715,566.9023467807489,1.352586069659318,31.971718386310272,3980.603222404396,0
20,3.5617092830628563,567.7927741015146,-0.4542295834839152,31.864867107818387,4473.2549143394035,0
21,2.89735375260151,568.517112539665,-0.6643555304613464,31.777946495240343,5483.960401229431,0
21,2.904429951185912,569.2432200274616,0.007076198584402338,31.690813596704764,5455.599571916865,0
21,4.12887486432973,570.275438743544,1.224444913143818,31.56694735077487,3822.705747695185,0
21,3.6837456046420853,571.1963751447045,-0.44512925968764483,31.45643498263561,4269.626401860605,0
22,4.002881702121942,572.197095570235,0.31913609747985694,31.33634853157195,3914.22365978995,0
22,2.9783729264192673,572.9416888018397,-1.024508775702675,31.246997343779373,5245.648902225603,0
22,2.5670126010198677,573.5834419520947,-0.4113603253993996,31.169986965748777,6071.2571012244,0
22,2.9130438338235014,574.3117029105506,0.3460312328036337,31.08259565073407,5335.071736620037,0
23,0.3384422439409287,574.3963134715358,-2.5746015898825725,31.072442383415844,10000.0,0
23,0.4612020205063555,574.5116139766624,0.1227597765654268,31.058606322800653,10000.0,0
23,0.1908675556934843,574.5593308655857,-0.2703344648128712,31.05288029612985,10000.0,0
23,0.5303793600346078,574.6919257055944,0.33951180434112355,31.03696891532881,10000.0,0
0,0.7539654987742059,574.8804170802879,0.2235861387395981,31.014349950365585,10000.0,0
0,0.5841096843788941,575.0264445013826,-0.16985581439531183,30.996826659834216,10000.0,0
0,0.44829557987031576,575.1385183963502,-0.13581410450857834,30.983377792438105,10000.0,0
0,0.33466253857903816,575.2221840309949,-0.1136330412912776,30.973337916280734,10000.0,0
1,0.5870520726007945,575.368947049145,0.25238953402175635,30.95572635410271,10000.0,0
1,0.5765270196880362,575.513078804067,-0.010525052912758293,30.938430543512066,10000.0,0
1,0.44278464299632175,575.6237749648161,-0.13374237669171446,30.925147004222175,10000.0,0
1,0.5441581234412122,575.7598144956764,0.10137348044489042,30.90882226051894,10000.0,0
2,0.7951848313497536,575.9586107035138,0.2510267079085414,30.884966715578447,10000.0,0
2,0.45787362803968074,576.0730791105237,-0.33731120331007286,30.871230506737255,10000.0,0
2,0.5137663841945875,576.2015207065724,0.0558927561549068,30.855817515211417,10000.0,0
2,0.6636319232966484,576.3674286873966,0.1498655391020609,30.835908557512518,10000.0,0
3,0.4451212886978823,576.478709009571,-0.21851063459876613,30.82255491885158,10000.0,0
3,0.352113125113435,576.5667372908495,-0.0930081635844473,30.811991525098176,10000.0,0
3,0.4096112165623534,576.6691400949901,0.057498091448918376,30.799703188601306,10000.0,0
3,0.5312893275849208,576.8019624268863,0.12167811102256737,30.783764508773757,10000.0,0
4,0.640031379280416,576.9619702717065,0.10874205169549522,30.764563567395346,10000.0,0
4,0.4316084430963509,577.0698723824805,-0.2084229361840651,30.751615314102455,10000.0,0
4,0.3218009311244898,577.1503226152616,-0.10980751197186106,30.74196128616872,10000.0,0
4,0.39020840018435743,577.2478747153077,0.06840746905986761,30.73025503416319,10000.0,0
5,0.4913087446151296,577.3707019014615,0.10110034443077215,30.715515771824734,10000.0,0
5,0.6189907747193136,577.5254495951414,0.12768203010418405,30.696946048583154,10000.0,0
5,0.21404327123500572,577.5789604129501,-0.4049475034843079,30.690524750446105,10000.0,0
5,0.3768887187516131,577.673182592638,0.1628454475166074,30.679218088883555,10000.0,0
6,0.5064557701952092,577.7997965351868,0.12956705144359604,30.6640244157777,10000.0,0
6,0.39006230477119325,577.8973121113796,-0.11639346542401591,30.652322546634565,10000.0,0
6,0.18071947488133153,577.9424919800999,-0.20934282988986172,30.646900962388123,10000.0,0
6,0.4473710108291342,578.0543347328072,0.26665153594780266,30.633479832063248,10000.0,0
7,1.6899555835242404,578.4768236286883,1.2425845726951061,30.58278116455752,9048.397917293207,0
7,1.4940043323001488,578.8503247117633,-0.19595125122409152,30.537961034588516,10000.0,0
7,1.9374562507451931,579.3346887744495,0.4434519184450443,30.47983734706616,7865.942091684102,0
7,1.8377985630710267,579.7941384152173,-0.09965768767416638,30.424703390174027,8277.485901211412,0
8,1.897232178571995,580.2684464598602,0.05943361550096826,30.367786424816867,8003.181362777124,0
8,2.563391982498206,580.9092944554848,0.6661598039262111,30.29088466534192,5908.359874758858,0
8,2.4855012941353753,581.5306697790186,-0.07789068836283075,30.21631962651786,6078.516172535152,0
8,2.3598847859465844,582.1206409755052,-0.125616508188791,30.145523082939462,6387.075178936681,0
9,1.8017916173975126,582.5710888798546,-0.5580931685490718,30.091469334417535,8350.429939806612,0
9,2.0273889825197258,583.0779361254846,0.22559736512221318,30.030647664941945,7406.237264744966,0
9,2.464129407006632,583.6939684772362,0.4367404244869064,29.956723782731746,6078.561397293352,0
9,2.1385970679004678,584.2286177442113,-0.3255323391061644,29.89256587069473,6988.826067184611,0
10,0.10201240781642729,584.2541208461654,-2.0365846600840403,29.889505498460238,10000.0,0
10,0.5401202450826506,584.389150907436,0.43810783726622327,29.873301891107758,10000.0,0
10,0.49247578184278423,584.5122698528967,-0.04764446323986632,29.858527617652474,10000.0,0
10,0.7181535110664917,584.6918082306634,0.2256777292237075,29.83698301232048,10000.0,0
11,0.540550776851503,584.8269459248762,-0.17760273421498873,29.820766489014936,10000.0,0
11,0.5431184622813524,584.9627255404465,0.00256768542984942,29.804472935146496,10000.0,0
11,0.6275665609950584,585.1196171806953,0.08444809871370595,29.785645938316645,10000.0,0
11,0.6291391143165068,585.2769019592744,0.0015725533214484555,29.76677176488715,10000.0,0
12,0.4265753791676959,585.3835458040663,-0.20256373514881093,29.75397450351212,10000.0,0
12,0.5567120904920039,585.5227238266893,0.13013671132430799,29.73727314079736,10000.0,0
12,0.5256619623945575,585.654139317288,-0.03105012809744634,29.72150328192552,10000.0,0
12,0.5509761618643431,585.791883357754,0.025314199469785525,29.70497399706959,10000.0,0
13,0.6676804831022768,585.9588034785296,0.11670432123793373,29.684943582576523,10000.0,0
13,0.49668296268072276,586.0829742191997,-0.17099752042155403,29.6700430936961,10000.0,0
13,0.6115817939423124,586.2358696676853,0.11489883126158962,29.651695639877833,10000.0,0
13,0.5733368394786834,586.3792038775549,-0.038244954463628966,29.63449553469347,10000.0,0
14,0.5397145956269049,586.5141325264616,-0.03362224385177848,29.618304096824662,10000.0,0
14,0.6523962883599397,586.6772315985515,0.11268169273303474,29.598732208173864,10000.0,0
14,0.5104443363640077,586.8048426826425,-0.14195195199593202,29.583418878082945,10000.0,0
14,0.7028342714044479,586.9805512504936,0.19238993504044022,29.56233384994081,10000.0,0
15,0.6096292053093395,587.1329585518209,-0.09320506609510837,29.54404497378153,10000.0,0
15,0.45803151883631904,587.24746643153,-0.15159768647302047,29.53030402821644,10000.0,0
15,0.34624100351481735,587.3340266824088,-0.1117905153215017,29.519916798110998,10000.0,0
15,0.5364579083746597,587.4681411595025,0.19021690485984233,29.50382306085976,10000.0,0
16,0.2542780898795942,587.5317106819724,-0.28217981849506546,29.49619471816337,10000.0,0
16,0.3707756795760542,587.6244046018664,0.11649758969645996,29.48507144777609,10000.0,0
16,0.6442134132850479,587.7854579551877,0.2734377337089937,29.46574504537754,10000.0,0
16,0.6622695602187384,587.9510253452423,0.01805614693369051,29.445876958570977,10000.0,0
17,0.3648909835538411,588.0422480911308,-0.2973785766648973,29.434930229064364,10000.0,0
17,0.5227104960942053,588.1729257151543,0.1578195125403642,29.419248914181537,10000.0,0
17,0.5780244049838278,588.3174318164002,0.05531390888962251,29.401908182032024,10000.0,0
17,0.40185934694632125,588.4178966531368,-0.17616505803750654,29.389852401623635,10000.0,0
18,2.771956683689816,589.1108858240593,2.3700973367434948,29.30669370111294,5286.282767972788,0
18,3.0702763101543633,589.8784549015979,0.2983196264645471,29.21458541180831,4757.647595948701,0
18,2.9759576772118406,590.6224443209009,-0.09431863294252274,29.125306681491956,4893.434289156173,0
18,2.6611200241511304,591.2877243269386,-0.3148376530607102,29.045473080767422,5457.377498414906,0
19,4.032756037312113,592.2959133362666,1.371636013160983,28.924490399648057,3586.193924456514,0
19,2.8847287244588853,593.0170955173813,-1.1480273128532281,28.83794853791429,4998.381354441514,0
19,3.450517521602309,593.8797248977819,0.5657887971434237,28.73443301226622,4163.785987518023,0
19,2.5204093679592137,594.5098272397717,-0.9301081536430953,28.658820731227443,5685.350383067457,0
20,3.7084641800005076,595.4369432847718,1.188054812041294,28.54756680582743,3848.9743220094315,0
20,2.8758766898511494,596.1559124572346,-0.8325874901493582,28.461290505131895,4948.280746106157,0
20,3.088735550998917,596.9280963449844,0.21285886114776753,28.368628438601927,4592.272140201082,0
20,2.687173346616127,597.5998896816384,-0.40156220438279,28.288013238203444,5263.52594145548,0
21,3.1344340407692757,598.3834981918307,0.44726069415314873,28.193980216980364,4497.4594855505065,0
21,3.2584737096340883,599.1981166192392,0.12403966886481266,28.096226005691342,4311.255592245736,0
21,2.6921993495592305,599.871166456629,-0.5662743600748579,28.015460025204565,5203.08052778322,0
21,3.3076872210761734,600.6980882618981,0.615487871516943,27.916229408572278,4219.901632580844,0
22,3.4486640808882583,601.5602542821201,0.14097685981208485,27.81276948614563,4032.397594227561,0
22,2.637160508719294,602.2195444092999,-0.8115035721689643,27.73365467088405,5258.2416919993575,0
22,2.7133011632248536,602.8978697001062,0.07614065450555962,27.652255635987306,5095.684918942361,0
22,2.773734126416591,603.5913032317103,0.06043296319173752,27.569043612194807,4969.662259556843,0
23,0.2630766919788658,603.657072404705,-2.5106574344377255,27.56115131143544,10000.0,0
23,0.3919101446092534,603.7550499408572,0.1288334526303876,27.549394007097163,10000.0,0
23,0.2689465128549976,603.822286569071,-0.12296363175425579,27.541325611711514,10000.0,0
23,0.519866548635278,603.9522532062299,0.25092003578028044,27.525729615252455,10000.0,0
0,0.4793270441473688,604.0720849672667,-0.04053950448790922,27.511349803928034,10000.0,0
0,0.4880594913577515,604.1940998401062,0.008732447210382688,27.496708019187302,10000.0,0
0,0.40494583933518563,604.29533629994,-0.08311365202256588,27.48455964400725,10000.0,0
0,0.4156372810170034,604.3992456201943,0.010691441681817793,27.47209052557674,10000.0,0
1,0.6995844903723054,604.5741417427873,0.283947209355302,27.45110299086557,10000.0,0
1,0.6376884686506609,604.73356385995,-0.061896021721644545,27.43197233680605,10000.0,0
1,0.35490482509229215,604.8222900662231,-0.2827836435583687,27.42132519205328,10000.0,0
1,0.6313086908428851,604.9801172389339,0.27640386575059295,27.402385931327995,10000.0,0
2,0.5986849464594446,605.1297884755487,-0.03262374438344051,27.38442538293421,10000.0,0
2,0.4288570563859504,605.2370027396452,-0.1698278900734942,27.371559671242633,10000.0,0
2,0.4603937079168904,605.3521011666244,0.031536651530939985,27.357747860005126,10000.0,0
2,0.3946467513042523,605.4507628544504,-0.06574695661263807,27.345908457466,10000.0,0
3,0.5659360955535203,605.5922468783388,0.171289344249268,27.328930374599395,10000.0,0
3,0.4871295911710561,605.7140292761316,-0.07880650438246423,27.314316486864264,10000.0,0
3,0.5292318913310606,605.8463372489643,0.04210230016000455,27.298439530124334,10000.0,0
3,0.40265932723733766,605.9470020807737,-0.12657256409372297,27.286359750307213,10000.0,0
4,0.4817563890911252,606.0674411780465,0.07909706185378756,27.27190705863448,10000.0,0
4,0.33553571922511893,606.1513251078527,-0.1462206698660063,27.261840987057724,10000.0,0
4,0.4935776949452041,606.274719531589,0.15804197572008516,27.247033656209368,10000.0,0
4,0.7468939446131057,606.4614430177422,0.25331624966790156,27.224626837870975,10000.0,0
5,0.6777084024726386,606.6308701183603,-0.06918554214046702,27.204295585796796,10000.0,0
5,0.5128694825123754,606.7590874889885,-0.16483891996026323,27.188909501321426,10000.0,0
5,0.4319973216254482,606.8670868193949,-0.08087216088692722,27.17594958167266,10000.0,0
5,0.5737353070773011,607.0105206461642,0.14173798545185295,27.158737522460342,10000.0,0
6,0.42988475177369045,607.1179918341077,-0.14385055530361068,27.14584097990713,10000.0,0
6,0.5231444974739656,607.2487779584761,0.09325974570027518,27.13014664498291,10000.0,0
6,0.5977847605741321,607.3982241486196,0.07464026310016647,27.112213102165686,10000.0,0
6,0.3351061300752526,607.4820006811385,-0.2626786304988795,27.10215991826343,10000.0,0
7,2.381455210420982,608.0773644837437,2.0463490803457294,27.0307162619508,5675.251867779711,0
7,1.8031366239431539,608.5281486397296,-0.578318586477828,26.976622163232506,7480.470920788912,0
7,2.0705598252997204,609.0457885960545,0.2674232013565665,26.914505368473513,6499.330528780435,0
7,1.8755999014246396,609.5146885714107,-0.19495992387508077,26.858237371430775,7159.905838934574,0
8,2.3925732536288806,610.112831884818,0.516973352204241,26.786460173821908,5597.834911260117,0
8,2.21655720794182,610.6669711868034,-0.17601604568706053,26.719963457583653,6027.3570566659155,0
8,1.8133895627339038,611.1203185774868,-0.40316764520791626,26.665561770701636,7352.408527845523,0
8,2.486403935336904,611.7419195613211,0.6730143726030002,26.59096965264153,5347.274687497326,0
9,1.6950895999642404,612.1656919613122,-0.7913143353726637,26.540116964642603,7828.529230903929,0
9,2.355295473068739,612.7545158295794,0.6602058731044989,26.46945810045054,5619.137471945974,0
9,1.8723717760122656,613.2226087735825,-0.48292369705647364,26.413286947170175,7053.430116166509,0
9,2.241751456142013,613.783046637618,0.3693796801297473,26.346034403485913,5876.216636617391,0
10,0.43870984207930386,613.8927240981378,-1.803041614062709,26.332873108223534,10000.0,0
10,0.581347855400077,614.0380610619878,0.1426380133207732,26.31543267256153,10000.0,0
10,0.4593087694096073,614.1528882543403,-0.12203908599046975,26.301653409479243,10000.0,0
10,0.6823772517381149,614.3234825672748,0.22306848232850762,26.2811820919271,10000.0,0
11,0.4254999188940474,614.4298575469984,-0.2568773328440675,26.268417094360277,10000.0,0
11,0.5871843538847547,614.5766536354696,0.16168443499070723,26.250801563743735,10000.0,0
11,0.8487123571548997,614.7888317247583,0.261528003270145,26.225340193029087,10000.0,0
11,0.3952490390847663,614.8876439845295,-0.4534633180701334,26.213482721856543,10000.0,0
12,0.5925524112847587,615.0357820873508,0.1973033721999924,26.195706149518,10000.0,0
12,0.07457153923255325,615.0544249721589,-0.5179808720522054,26.193469003341022,10000.0,0
12,0.352182145423714,615.1424705085149,0.27761060619116074,26.182903538978312,10000.0,0
12,0.37282089123129847,615.2356757313227,0.020638745807584458,26.171718912241374,10000.0,0
13,0.3861744971443366,615.3322193556087,0.013353605913038136,26.160133677327043,10000.0,0
13,0.477358644888997,615.451559016831,0.09118414774466038,26.145812917980372,10000.0,0
13,0.4497650428495729,615.5640002775434,-0.02759360203942407,26.132319966694883,10000.0,0
13,0.5058371542480621,615.6904595661055,0.056072111398489166,26.11714485206744,10000.0,0
14,0.24739865256366567,615.7523092292464,-0.2584385016843964,26.10972289249053,10000.0,0
14,0.6704949140726523,615.9199329577646,0.4230962615089866,26.089608045068353,10000.0,0
14,0.5828916762414306,616.065655876825,-0.0876032378312217,26.07212129478111,10000.0,0
14,0.3196981299540715,616.1455804093134,-0.2631935462873591,26.062530350882486,10000.0,0
15,0.14894201655429545,616.182815913452,-0.17075611339977603,26.058062090385857,10000.0,0
15,0.27512901779605037,616.2515981679011,0.12618700124175491,26.049808219851975,10000.0,0
15,0.550594378180518,616.3892467624462,0.2754653603844677,26.03329038850656,10000.0,0
15,0.7730746570401947,616.5825154267062,0.2224802788596767,26.010098148795354,10000.0,0
16,0.40698802159557623,616.6842624321051,-0.3660866354446185,25.997888508147486,10000.0,0
16,0.4012860738193077,616.78458395056,-0.0057019477762685344,25.985849925932907,10000.0,0
16,0.5755027187576007,616.9284596302493,0.17421664493829303,25.96858484437018,10000.0,0
16,0.6176339588542173,617.0828681199629,0.04213124009661662,25.950055825604554,10000.0,0
17,0.4860581247352945,617.2043826511467,-0.13157583411892287,25.935474081862495,10000.0,0
17,0.6442131963296605,617.3654359502291,0.15815507159436598,25.916147685972604,10000.0,0
17,0.43285528527496847,617.4736497715478,-0.21135791105469198,25.903162027414353,10000.0,0
17,0.3830563978753241,617.5694138710166,-0.04979888739964439,25.891670335478093,10000.0,0
18,2.7726936169727847,618.2625872752599,2.3896372190974606,25.80848952696891,4654.046406170638,0
18,3.3421874016354396,619.0981341256687,0.5694937846626549,25.708223904919848,3846.0177146769192,0
18,2.66567012883139,619.7645516578766,-0.6765172728040496,25.628253801054907,4807.094006843627,0
18,2.759781066937285,620.4544969246109,0.09411093810589488,25.54546036904679,4628.1679143114625,0
19,3.092623713249043,621.2276528529231,0.3328426463117582,25.45268165764932,4115.0628103587305,0
19,4.005227018716413,622.2289596076023,0.9126033054673699,25.332524847087825,3162.433081659169,0
19,2.5436360015356243,622.8648686079862,-1.4615910171807887,25.256215767041756,4964.58922420391,0
19,3.7587695296785464,623.8045609904058,1.215133528142922,25.1434526811514,3344.6387817373966,0
20,3.0612602158471534,624.5698760443676,-0.697509313831393,25.051614874675984,4091.7160104508403,0
20,3.887580528174985,625.5417711764113,0.8263203123278315,24.934987458830733,3207.005909989008,0
20,3.8362165381597806,626.5008253109513,-0.05136399001520431,24.81990096268594,3234.9452534543266,0
20,2.894655331057086,627.2244891437156,-0.9415612071026946,24.733061302754226,4272.194523021515,0
21,2.911935336377264,627.9524729778099,0.017280005320178038,24.645703242662908,4231.842468267961,0
21,3.9108116543082967,628.930175891387,0.9988763179310327,24.528378893033658,3135.9703638517435,0
21,2.715861612503535,629.6091412945128,-1.1949500418047618,24.44690304465855,4500.763759852055,0
21,3.1637685702218765,630.4000834370682,0.44790695771834166,24.351989987551896,3848.573220044992,0
22,3.9051863464431595,631.3763800236791,0.741417776221283,24.2348343971586,3102.9037089653443,0
22,2.440702094385015,631.9865555472753,-1.4644842520581447,24.16161333432705,4949.726021441193,0
22,2.929153960611401,632.7188440374282,0.48845186622638614,24.073738715508707,4109.333111067301,0
22,3.7301821003563256,633.6513895625172,0.8010281397449246,23.961833252498018,3211.8851852043717,0
23,0.5858612589268578,633.7978548772489,-3.144320841429468,23.944257414730213,10000.0,0
23,0.6780825298305899,633.9673755097066,0.09222127090373211,23.923914938835296,10000.0,0
23,0.5888331654346947,634.1145838010652,-0.08924936439589526,23.906249943872254,10000.0,0
23,0.5918304720687244,634.2625414190824,0.0029973066340297505,23.888495029710192,10000.0,0
0,0.770910286827453,634.4552689907892,0.17907981475872858,23.86536772110537,10000.0,0
0,0.3445273807846122,634.5414008359854,-0.4263829060428408,23.85503189968183,10000.0,0
0,0.5568400822320634,634.6806108565435,0.21231270144745118,23.838326697214868,10000.0,0
0,0.35166479990799004,634.7685270565205,-0.20517528232407334,23.827776753217627,10000.0,0
1,0.4318102849848086,634.8764796277667,0.08014548507681857,23.81482244466808,10000.0,0
1,0.2950000922495452,634.9502296508291,-0.1368101927352634,23.805972441900597,10000.0,0
1,0.37542378817526795,635.0440855978729,0.08042369592572274,23.794709728255338,10000.0,0
1,0.25095570588233146,635.1068245243436,-0.12446808229293649,23.787181057078868,10000.0,0
2,0.57488358933938,635.2505454216785,0.32392788345704854,23.769934549398688,10000.0,0
2,0.6519959764280301,635.4135444157855,0.07711238708865009,23.750374670105845,10000.0,0
2,0.561659695424729,635.5539593396417,-0.09033628100330104,23.733524879243102,10000.0,0
2,0.6472365681057674,635.7157684816681,0.08557687268103831,23.714107782199928,10000.0,0
3,0.4534779279436031,635.829137963654,-0.19375864016216426,23.70050344436162,10000.0,0
3,0.26438917592913175,635.8952352576363,-0.18908875201447134,23.692571769083745,10000.0,0
3,0.267436975657779,635.9620945015507,0.0030477997286472713,23.684548659814013,10000.0,0
3,0.6276504352960391,636.1190071103747,0.3602134596382601,23.66571914675513,10000.0,0
4,0.7502831819010849,636.30657790585,0.12263274660504575,23.643210651298098,10000.0,0
4,0.36630959761057874,636.3981553052527,-0.38397358429050615,23.63222136336978,10000.0,0
4,0.37147629374835006,636.4910243786898,0.0051666961377713205,23.62107707455733,10000.0,0
4,0.3481757883729486,636.578068325783,-0.02330050537540146,23.61063180090614,10000.0,0
5,0.16468929973673033,636.6192406507172,-0.18348648863621828,23.605691121914038,10000.0,0
5,0.4668327049130314,636.7359488269454,0.3021434051763011,23.591686140766647,10000.0,0
5,0.5162599025630868,636.8650138025862,0.04942719765005543,23.576198343689754,10000.0,0
5,0.7423896099240599,637.0506112050672,0.22612970736097304,23.553926655392033,10000.0,0
6,0.2968562823310923,637.12482527565,-0.4455333275929676,23.5450209669221,10000.0,0
6,0.30656704254543465,637.2014670362863,0.009710760214342362,23.535823955645736,10000.0,0
6,0.3727609018327963,637.2946572617445,0.06619385928736166,23.52464112859075,10000.0,0
6,0.6339410205012337,637.4531425168699,0.2611801186684374,23.505622897975716,10000.0,0
7,1.6245153025982544,637.8592713425195,0.9905742820970207,23.45688743889777,7219.657272966515,0
7,1.8931419722710432,638.3325568355873,0.2686266696727888,23.400093179729637,6180.226713704549,0
7,2.407151615381257,638.9343447394326,0.5140096431102137,23.3278786312682,4845.535794714247,0
7,1.9085240642077415,639.4114757554845,-0.4986275511735154,23.270622909341967,6096.497116739781,0
8,1.6682593363678702,639.8285405895765,-0.2402647278398713,23.220575129250932,6959.5220068741555,0
8,2.0279017119103804,640.3355160175541,0.3596423755425102,23.15973807789362,5710.271346453977,0
8,2.1904084213368393,640.8831181228884,0.16250670942645895,23.094025825253517,5271.625510633968,0
8,2.3858800045847697,641.4795881240345,0.19547158324793035,23.022449425115973,4824.7291106165085,0
9,1.8625638532257371,641.945229087341,-0.5233161513590325,22.9665725095192,6165.311452207088,0
9,2.146261762356048,642.48179452793,0.2836979091303109,22.90218465664852,5335.366137145304,0
9,1.7015005759556308,642.907169671919,-0.4447611864004173,22.85113963936985,6714.996151716181,0
9,2.375656814852789,643.5010838756322,0.6741562388971583,22.779869934924267,4794.43617287286,0
10,0.3146921322838123,643.5797569087031,-2.0609646825689767,22.770429170955754,10000.0,0
10,0.5649169255667267,643.7209861400947,0.25022479328291436,22.753481663188754,10000.0,0
10,0.3046924229128009,643.797159245823,-0.26022450265392577,22.74434089050137,10000.0,0
10,0.3726710453818681,643.8903270071685,0.06797862246906722,22.733160759139913,10000.0,0
11,0.6762815495453147,644.0593973945548,0.3036105041634466,22.712872312653555,10000.0,0
11,0.6482891100393329,644.2214696720647,-0.027992439505981848,22.693423639352375,10000.0,0
11,0.7875451598652478,644.418355962031,0.13925604982591488,22.669797284556417,10000.0,0
11,0.7019106549248276,644.5938336257622,-0.08563450494042013,22.64873996490867,10000.0,0
12,0.49230736606468234,644.7169104672784,-0.2096032888601453,22.63397074392673,10000.0,0
12,0.46687283988693457,644.8336286772501,-0.025434526177747774,22.619964558730125,10000.0,0
12,0.49480242555168874,644.957329283638,0.027929585664754175,22.605120485963575,10000.0,0
12,0.5546070126421739,645.0959810367985,0.059804587090485195,22.588482275584308,10000.0,0
13,0.29541778742808034,645.1698354836556,-0.2591892252140936,22.579619741961466,10000.0,0
13,0.47732445103581783,645.2891665964145,0.1819066636077375,22.56530000843039,10000.0,0
13,0.31892653165476476,645.3688982293281,-0.15839791938105308,22.55573221248075,10000.0,0
13,0.48882613019130294,645.4911047618759,0.1698995985365382,22.54106742857501,10000.0,0
14,0.4848105538530302,645.6123074003392,-0.004015576338272764,22.526523111959417,10000.0,0
14,0.4616867755490403,645.7277290942264,-0.023123778303989873,22.512672508692944,10000.0,0
14,0.32451344023620327,645.8088574542855,-0.13717333531283704,22.50293710548586,10000.0,0
14,0.31166166379755517,645.886772870235,-0.0128517764386481,22.49358725557193,10000.0,0
15,0.38878632859681755,645.9839694523841,0.07712466479926239,22.481923665714028,10000.0,0
15,0.6189285965089268,646.1387016015113,0.2301422679121093,22.46335580781876,10000.0,0
15,0.6136415468150874,646.2921119882151,-0.0052870496938394185,22.44494656141431,10000.0,0
15,0.5399688936408387,646.4271042116253,-0.07367265317424876,22.428747494605084,10000.0,0
16,0.5100457597240082,646.5546156515563,-0.029923133916830436,22.41344612181336,10000.0,0
16,0.4080892212657393,646.6566379568727,-0.10195653845826891,22.40120344517539,10000.0,0
16,0.5985145779955166,646.8062666013716,0.19042535672977723,22.383248007835526,10000.0,0
16,0.7004781715606196,646.9813861442617,0.1019635935651031,22.36223366268871,10000.0,0
17,0.6833764329942115,647.1522302525102,-0.017101738566408176,22.34173236969888,10000.0,0
17,0.279090674330822,647.2220029210929,-0.40428575866338945,22.333359649468957,10000.0,0
17,0.6851082958022647,647.3932799950435,0.4060176214714427,22.312806400594887,10000.0,0
17,0.3956437688821489,647.492190937264,-0.2894645269201158,22.30093708752842,10000.0,0
18,3.5917556664303607,648.3901298538716,3.196111897548212,22.19318441753551,3089.4618786238375,0
18,2.6597673505267196,649.0550716915033,-0.9319883159036411,22.113391397019708,4157.016100043589,0
18,2.943486511036563,649.7909433192624,0.28371916050984325,22.025086801688612,3741.3262671844845,0
18,3.666687000321845,650.7076150693429,0.7232004892852819,21.915086191678956,2988.404271997494,0
19,3.3680783616713335,651.5496346597607,-0.29860863865051135,21.814043840828816,3238.3515907872297,0
19,3.876672587960252,652.5188028067508,0.5085942262889187,21.697743663190007,2798.500927132265,0
19,3.091003581888281,653.2915537022229,-0.7856690060719713,21.605013555733358,3494.8218245892404,0
19,0.07381248432539987,654.259187234079,-2.0,21.48889753191063,10000.0,1
20,4.016091285019966,655.2632100553341,0.14555715759569487,21.36841479336003,2660.3497376994756,0
20,4.012876689048987,656.2664292275963,-0.0032145959709790617,21.24802849268856,2647.4808646218507,0
20,2.6586712044085297,656.9310970286984,-1.3542054846404574,21.168268356556307,3980.9865021021997,0
20,0.09495833529202623,657.5448462015848,-2.0,21.094618455809936,10000.0,1
21,3.6547431318883588,658.4585319845569,1.1997464403426856,20.984976161853286,2870.9235375196695,0
21,2.648470737252549,659.12064966887,-1.0062723946358099,20.90552203973571,3946.715692509884,0
21,3.732767901728877,660.0538416443022,1.084297164476328,20.793539002683843,2785.2708164701403,0
21,2.6387138138505395,660.7135200977649,-1.0940540878783374,20.714377588268327,3925.0898448211974,0
22,3.4289611332495786,661.5707603810773,0.7902473193990391,20.61150875427084,3005.5034095323213,0
22,3.4847980399855185,662.4419598910737,0.055836906735939884,20.506964813071274,2942.3462389740807,0
22,3.9680629084249555,663.4339756181799,0.48326486843943695,20.387922925818525,2569.0019785889826,0
22,3.206002702103679,664.2354762937059,-0.7620602063212765,20.291742844755415,3164.6484314315467,0
23,0.6324917906140921,664.3935992413594,-2.5735109114895867,20.272768091036994,10000.0,0
23,0.6658578523642187,664.5600637044505,0.033366061750126574,20.252792355466067,10000.0,0
23,0.4245111893563883,664.6661915017896,-0.24134666300783036,20.240057019785375,10000.0,0
23,0.4888270340134775,664.788398260293,0.06431584465708917,20.225392208764973,10000.0,0
0,0.2702262174414834,664.8559548146534,-0.2186008165719941,20.217285422241726,10000.0,0
0,0.3919331214149897,664.9539380950072,0.12170690397350631,20.205527428599275,10000.0,0
0,0.5375660461090987,665.0883296065344,0.14563292469410904,20.189400447216002,10000.0,0
0,0.5139073103249964,665.2168064341157,-0.02365873578410238,20.173983227906252,10000.0,0
1,0.5984489562050923,665.366418673167,0.08454164588009594,20.1560297592201,10000.0,0
1,0.5384069067393913,665.5010203998519,-0.06004204946570102,20.139877552017918,10000.0,0
1,0.6280975211906962,665.6580447801496,0.08969061445130488,20.121034626382198,10000.0,0
1,0.8754388939035662,665.8769045036255,0.24734137271287004,20.09477145956509,10000.0,0
2,0.33367162274617534,665.9603224093121,-0.5417672711573909,20.084761310882705,10000.0,0
2,0.624318906483943,666.1164021359331,0.2906472837377676,20.066031743688185,10000.0,0
2,0.6750976263054687,666.2851765425095,0.05077871982152571,20.04577881489902,10000.0,0
2,0.5732165638929703,666.4284806834827,-0.10188106241249839,20.02858231798223,10000.0,0
3,0.3388332630269525,666.5131889992394,-0.23438330086601777,20.018417320091423,10000.0,0
3,0.7036087535337421,666.6890911876229,0.3647754905067896,19.99730905748541,10000.0,0
3,0.3129505279600833,666.7673288196129,-0.39065822557365876,19.987920541646606,10000.0,0
3,0.4096406506991854,666.8697389822877,0.0966901227391021,19.97563132212563,10000.0,0
4,0.49991374306213976,666.9947174180533,0.09027309236295433,19.960633909833764,10000.0,0
4,0.5161883138593306,667.1237644965181,0.016274570797190857,19.945148260417984,10000.0,0
4,0.3349886725595114,667.207511664658,-0.1811996412998192,19.935098600241197,10000.0,0
4,0.3758891122243564,667.3014839427141,0.04090043966484497,19.923821926874467,10000.0,0
5,0.5316263364566832,667.4343905268282,0.15573722423232683,19.90787313678077,10000.0,0
5,0.607248331803035,667.586202609779,0.07562199534635172,19.88965568682668,10000.0,0
5,0.50895399993602,667.713441109763,-0.09829433186701497,19.874387066828596,10000.0,0
5,0.5791329218431365,667.8582243402238,0.0701789219071165,19.857013079173303,10000.0,0
6,0.5434720382951365,667.9940923497976,-0.03566088354800001,19.84070891802445,10000.0,0
6,0.572670438292055,668.1372599593706,0.029198399996918534,19.82352880487569,10000.0,0
6,0.2847725553945176,668.2084530982193,-0.28789788289753737,19.814985628213854,10000.0,0
6,0.44461198604975627,668.3196060947317,0.15983943065523865,19.80164726863236,10000.0,0
7,2.412930713841242,668.9228387731921,1.9683187277914858,19.729259347217123,4088.2357777711154,0
7,2.0660839926440717,669.4393597713531,-0.3468467211971702,19.667276827437803,4759.554039782429,0
7,1.6743914200511745,669.8579576263659,-0.39169257259289725,19.617045084836267,5857.962734972898,0
7,1.4956251003399195,670.2318639014509,-0.178766319711255,19.572176331826068,6543.14250522333,0
8,1.8043675790822813,670.6829557962214,0.3087424787423618,19.5180453044536,5408.555754027865,0
8,1.952024264760473,671.1709618624116,0.1476566856781918,19.459484576510786,4984.43716295161,0
8,1.6308030145271644,671.5786626160434,-0.3212212502333087,19.41056048607497,5951.227804083645,0
8,1.7839601527937279,672.0246526542419,0.15315713826656352,19.357041681491157,5425.301022328757,0
9,2.1833862144709415,672.5704992078596,0.3994260616772136,19.29154009505703,4417.802944618203,0
9,1.6964850527307134,672.9946204710423,-0.48690116174022813,19.240645543475107,5670.738304621307,0
9,2.105396802825924,673.5209696717487,0.4089117500952104,19.17748363939033,4554.363247262882,0
9,2.14984332538325,674.0584305030945,0.04444652255732606,19.112988339628835,4445.204939811506,0
10,0.4127879362719769,674.1616274871625,-1.737055389111273,19.100604701540675,10000.0,0
10,0.5929583103489309,674.3098670647497,0.18017037407695397,19.082815952230206,10000.0,0
10,0.42568091122075447,674.4162872925549,-0.1672773991281764,19.070045524893583,10000.0,0
10,0.7835198623673425,674.6121672581468,0.35783895114658804,19.04653992902256,10000.0,0
11,0.5777990053171923,674.756617009476,-0.2057208570501502,19.029205958863045,10000.0,0
11,0.2958857889303124,674.8305884567086,-0.2819132163868799,19.020329385195136,10000.0,0
11,0.3910828215219206,674.9283591620891,0.09519703259160817,19.008596900549477,10000.0,0
11,0.49870701965746805,675.0530359170035,0.10762419813554747,18.993635689959753,10000.0,0
12,0.6347243541569386,675.2117170055427,0.13601733449947057,18.974593959335046,10000.0,0
12,0.616151707408494,675.3657549323948,-0.01857264674844461,18.95610940811279,10000.0,0
12,0.544092538837826,675.5017780671043,-0.07205916857066796,18.939786631947655,10000.0,0
12,0.7337490980922411,675.6852153416273,0.18965655925441505,18.91777415900489,10000.0,0
13,0.4230623880288026,675.7909809386346,-0.3106867100634385,18.905082287364024,10000.0,0
13,0.31059353710453885,675.8686293229107,-0.11246885092426373,18.89576448125089,10000.0,0
13,0.6767731710273839,676.0378226156676,0.366179633922845,18.875461286120068,10000.0,0
13,0.5678303854255792,676.179780212024,-0.1089427856018047,18.8584263745573,10000.0,0
14,0.4511856235981685,676.2925766179235,-0.11664476182741068,18.844890805849356,10000.0,0
14,0.6432046137437204,676.4533777713594,0.1920189901455519,18.825594667437045,10000.0,0
14,0.34986057605496157,676.5408429153732,-0.29334403768875883,18.815098850155398,10000.0,0
14,0.6683373618344033,676.7079272558318,0.3184767857794417,18.795048729300365,10000.0,0
15,0.575904666058072,676.8519034223464,-0.09243269577633129,18.777771589318622,10000.0,0
15,0.524137547226303,676.982937809153,-0.05176711883176899,18.762047462901833,10000.0,0
15,0.3596826467334466,677.0728584708363,-0.16445490049285644,18.75125698349983,10000.0,0
15,0.3984964798056709,677.1724825907877,0.0388138330722243,18.73930208910566,10000.0,0
16,0.44660818041827066,677.2841346358923,0.048111700612599784,18.72590384369311,10000.0,0
16,0.33374229264913785,677.3675702090546,-0.11286588776913281,18.715891574913638,10000.0,0
16,0.463383900621351,677.48341618421,0.12964160797221314,18.701990057894996,10000.0,0
16,0.49673565910148487,677.6076000989854,0.033351758480133886,18.687087988121952,10000.0,0
17,0.5664187011737697,677.7492047742788,0.06968304207228482,18.67009542708674,10000.0,0
17,0.4461217858424765,677.8607352207395,-0.12029691533129316,18.656711773511464,10000.0,0
17,0.49744440966810854,677.9850963231565,0.05132262382563202,18.641788441221422,10000.0,0
17,0.44241439626694123,678.0956999222233,-0.05503001340116731,18.628516009333413,10000.0,0
18,3.1175826574064165,678.8750955865748,2.675168261139475,18.534988529611223,2972.6539063170944,0
18,3.3794901279850773,679.7199681185712,0.2619074705786608,18.43360382577167,2727.275880039657,0
18,3.8399975038516883,680.679967494534,0.46050737586661095,18.31840390065612,2385.2103917101435,0
18,3.780819834647255,681.6251724531959,-0.059177669204433236,18.2049793056167,2407.543879608746,0
19,3.6997599143923234,682.550112431794,-0.08105992025493158,18.09398650818493,2445.291982028086,0
19,3.8912036198653746,683.5229133367603,0.19144370547305112,17.977250399588968,2309.985823899256,0
19,3.256665198502274,684.3370796363859,-0.6345384213631005,17.8795504436339,2745.070394687275,0
19,3.823045230295338,685.2928409439597,0.5663800317930638,17.76485908672504,2323.3911733438563,0
20,4.116772906083007,686.3220341704805,0.293727675787669,17.64135589954255,2142.6195107186277,0
20,2.7195756407585288,687.0019280806702,-1.3971972653244782,17.559768630319795,3228.4023226178997,0
20,2.429698833231384,687.609352788978,-0.28987680752714473,17.486877665322854,3598.5689720371925,0
20,3.046712829852942,688.3710309964412,0.6170139966215578,17.395476280427268,2854.794208036159,0
21,3.4354550591424746,689.2298947612268,0.38874222928953284,17.292412628652993,2516.757217160244,0
21,3.280681959052737,690.05006525099,-0.15477310008973744,17.19399216988141,2620.4905541721578,0
21,3.251109961119214,690.8628427412698,-0.029571997933523164,17.096458871047837,2629.3264570421175,0
21,3.2708475088304225,691.6805546184773,0.019737547711208503,16.998333445782922,2598.4600932773415,0
22,3.320126582802142,692.5105862641778,0.04927907397171927,16.898729648298858,2544.8923748618886,0
22,2.7312116136131706,693.1933891675811,-0.5889149691889712,16.816793299890463,3078.632431128838,0
22,3.4999344776543193,694.0683727869947,0.7687228640411488,16.711795265560834,2387.44401820362,0
22,3.6649082757699034,694.9845998559372,0.1649737981155841,16.601848017287736,2264.9745598067,0
23,0.250297549169631,695.0471742432296,-3.4146107266002725,16.594339090812646,10000.0,0
23,0.3799640584991782,695.1421652578545,0.1296665093295472,16.58294016905767,10000.0,0
23,0.8145756512597964,695.3458091706694,0.43461159276061817,16.558502899519876,10000.0,0
23,0.40139886840640016,695.446158887771,-0.4131767828533962,16.546460933467685,10000.0,0
0,0.5252271096421107,695.5774656651815,0.12382824123571057,16.53070412017842,10000.0,0
0,0.6215462913420469,695.732852238017,0.09631918169993614,16.51205773143816,10000.0,0
0,0.49061191449046204,695.8555052166396,-0.13093437685158482,16.497339374003445,10000.0,0
0,0.4251943804680487,695.9618038117566,-0.06541753402241335,16.484583542589405,10000.0,0
1,0.42131675516864364,696.0671330005488,-0.003877625299405052,16.471944039934346,10000.0,0
1,0.5859018859134457,696.2136084720271,0.16458513074480208,16.454366983356945,10000.0,0
1,0.5558009563474412,696.3525587111139,-0.03010092956600452,16.43769295466652,10000.0,0
1,0.6074308840621072,696.5044164321295,0.05162992771466601,16.41947002814466,10000.0,0
2,0.7134512657827672,696.6827792485751,0.10602038172065997,16.398066490171175,10000.0,0
2,0.6264301075216305,696.8393867754555,-0.08702115826113666,16.379273586945526,10000.0,0
2,0.5718839408258721,696.982357760662,-0.0545461666957584,16.36211706872075,10000.0,0
2,0.4617900692999526,697.097805277987,-0.11009387152591954,16.348263366641753,10000.0,0
3,0.6529971195245444,697.2610545578682,0.19120705022459183,16.328673453056016,10000.0,0
3,0.5616169040262964,697.4014587838748,-0.09138021549824804,16.31182494593523,10000.0,0
3,0.585679093872431,697.5478785573429,0.02406218984613462,16.294254573119055,10000.0,0
3,0.608007517550048,697.6998804367304,0.022328423677617004,16.276014347592554,10000.0,0
4,0.41627587327323085,697.8039494050487,-0.19173164427681716,16.263526071394356,10000.0,0
4,0.46365541618427175,697.9198632590948,0.047379542911040906,16.249616408908828,10000.0,0
4,0.4122467267205847,698.0229249407749,-0.05140868946368704,16.23724900710721,10000.0,0
4,0.7208877717244968,698.203146883706,0.3086410450039121,16.215622373955476,10000.0,0
5,0.225508019223646,698.2595238885119,-0.4953797525008508,16.208857133378768,10000.0,0
5,0.6128924233448042,698.4127469943481,0.3873844041211582,16.190470360678425,10000.0,0
5,0.4075833272196672,698.514642826153,-0.20530909612513698,16.178242860861836,10000.0,0
5,0.5753189605180374,698.6584725662825,0.1677356332983702,16.160983292046296,10000.0,0
6,0.6523603134219429,698.821562644638,0.07704135290390546,16.141412482643638,10000.0,0
6,0.27120738921489584,698.8893644919417,-0.38115292420704705,16.13327626096719,10000.0,0
6,0.33753721519190916,698.9737487957397,0.06632982597701331,16.12315014451143,10000.0,0
6,0.55822563108121,699.11330520351,0.22068841588930088,16.106403375578996,10000.0,0
7,2.37632724083832,699.7073870137195,1.8181016097571097,16.035113558353846,3373.927900750106,0
7,1.8093686129266242,700.1597291669513,-0.5669586279116956,15.980832499966047,4416.135105305411,0
7,1.902761112581083,700.6354194450965,0.09339249965445884,15.923749666588614,4184.379626349456,0
7,1.571710839950856,701.0283471550842,-0.3310502726302271,15.876598341390089,5050.73768591127,0
8,2.0942872442233145,701.5519189661401,0.5225764042724586,15.81376972406339,3775.4538608976895,0
8,2.4600749923324745,702.1669377142232,0.36578774810916004,15.739967474293415,3199.0828579111435,0
8,1.6944828157444247,702.5905584181593,-0.7655921765880498,15.689132989821083,4629.475390379952,0
8,2.3278374178641683,703.1725177726253,0.6333546021197436,15.619297867285157,3354.8944929358813,0
9,2.431199753343052,703.7803177109611,0.10336233547888352,15.546361874684866,3197.2613219682266,0
9,1.5435344422004251,704.1662013215112,-0.8876653111426267,15.500055841418853,5020.962091173797,0
9,2.0737312113342568,704.6846341243447,0.5301967691338316,15.437843905078825,3722.2384031019096,0
9,2.1066972149556222,705.2113084280836,0.03296600362136548,15.374642988630157,3648.992099928804,0
10,0.447439416099274,705.3231682821084,-1.6592577988563482,15.36121980614718,10000.0,0
10,0.5941418731304704,705.471703750391,0.1467024570311964,15.343395549953266,10000.0,0
10,0.4013372610013426,705.5720380656413,-0.1928046121291278,15.331355432123226,10000.0,0
10,0.4380950066584127,705.6815618173059,0.03675774565707013,15.318212581923474,10000.0,0
11,0.3655208183469228,705.7729420218926,-0.07257418831148993,15.307246957373065,10000.0,0
11,0.5954551043078373,705.9218057979696,0.22993428596091453,15.289383304243831,10000.0,0
11,0.4592658222606849,706.0366222535347,-0.13618928204715242,15.27560532957601,10000.0,0
11,0.5189829810079347,706.1663679987867,0.05971715874724981,15.260035840145772,10000.0,0
12,0.3445857983282394,706.2525144483687,-0.17439718267969534,15.249698266195924,10000.0,0
12,0.18777791100269656,706.2994589261194,-0.15680788732554282,15.244064928865843,10000.0,0
12,0.551026315903338,706.4372155050953,0.36324840490064136,15.227534139388743,10000.0,0
12,0.3823231362755294,706.5327962891641,-0.16870317962780856,15.216064445300477,10000.0,0
13,0.7326838581600931,706.7159672537042,0.3503607218845637,15.194083929555674,10000.0,0
13,0.551197108017817,706.8537665307086,-0.1814867501422761,15.17754801631514,10000.0,0
13,0.6921184973521728,707.0267961550467,0.14092138933435583,15.156784461394574,10000.0,0
13,0.7073906163216166,707.203643809127,0.015272118969443804,15.135562742904925,10000.0,0
14,0.46447271563620113,707.319761988036,-0.24291790068541547,15.12162856143584,10000.0,0
14,0.3607597307820809,707.4099519207315,-0.10371298485412023,15.110805769512377,10000.0,0
14,0.35537956335439486,707.4987968115701,-0.0053801674276860445,15.100144382611745,10000.0,0
14,0.4437997710364059,707.6097467543292,0.08842020768201103,15.086830389480653,10000.0,0
15,0.41288870990593923,707.7129689318057,-0.030911061130466655,15.074443728183475,10000.0,0
15,0.6191129049729324,707.8677471580489,0.20622419506699313,15.055870341034288,10000.0,0
15,0.36265951111691447,707.9584120358281,-0.2564533938560179,15.04499055570078,10000.0,0
15,0.2971282344529873,708.0326940944414,-0.06553127666392716,15.03607670866719,10000.0,0
16,0.32128709749723194,708.1130158688156,0.02415886304424464,15.026438095742273,10000.0,0
16,0.6105536539703955,708.2656542823082,0.28926655647316357,15.008121486123162,10000.0,0
16,0.30734293769387655,708.3424900167317,-0.30321071627651897,14.998901197992346,10000.0,0
16,0.446223324404745,708.454045847833,0.13888038671086844,14.985514498260203,10000.0,0
17,0.45842490829067445,708.5686520749056,0.012201583885929457,14.971761751011483,10000.0,0
17,0.3472652777233939,708.6554683943364,-0.11115963056728057,14.96134379267978,10000.0,0
17,0.6295685721500015,708.8128605373739,0.2823032944266076,14.94245673551528,10000.0,0
17,0.58268387799379,708.9585315068724,-0.04688469415621155,14.924976219175466,10000.0,0
18,3.235913943822705,709.7675099928281,2.653230065828915,14.827898800860785,2291.145416454438,0
18,3.3901068115611075,710.6150366957183,0.15419286773840257,14.726195596513952,2171.936817196137,0
18,2.9935013975910274,711.3634120451161,-0.3966054139700801,14.636390554586221,2444.6941241391473,0
18,2.6932846710577394,712.0367332128806,-0.300216726533288,14.555592014454488,2702.2008053716136,0
19,4.015277025931185,713.0405524693633,1.321992354873446,14.435133703676552,1797.5264982282129,0
19,3.3804542151272665,713.8856660231452,-0.6348228108039189,14.333720077222734,2120.0878883495106,0
19,3.2077501670136734,714.6876035648986,-0.17270404811359308,14.237487572212324,2219.232613347041,0
19,2.549799235298196,715.3250533737231,-0.6579509317154772,14.160993595153379,2776.8840383814113,0
20,3.4331795288896028,716.1833482559455,0.8833802935914066,14.05799820928669,2047.37300962433,0
20,2.707429316849668,716.8602055851579,-0.7257502120399346,13.976775329781201,2581.189330188019,0
20,3.4467847065398587,717.7219017617929,0.7393553896901905,13.873371788585006,2012.5091889641315,0
20,2.975910999254649,718.4658795116065,-0.4708737072852096,13.784094458607367,2315.9453461578237,0
21,4.164070332471803,719.5068970947245,1.1881593332171536,13.659172348633213,1640.122675416615,0
21,2.701948172931058,720.1823841379573,-1.4621221595407445,13.578113903445281,2512.6525444630975,0
21,3.1155142904728277,720.9612627105755,0.41356611754176953,13.484648474731097,2164.112762372307,0
21,3.620761132602927,721.8664529937263,0.5052468421300995,13.37602564075301,1847.1289807423898,0
22,2.948689817344015,722.6036254480623,-0.6720713152589122,13.28756494623269,2253.130334034465,0
22,2.6650046047565303,723.2698765992515,-0.2836852125874847,13.207614808089994,2477.9722302387204,0
22,3.186797839914044,724.06657605923,0.5217932351575136,13.112010872892574,2057.239199278207,0
22,3.384136565341743,724.9126102005654,0.19733872542769904,13.010486775932321,1922.2756713156568,0
23,0.22462730100879394,724.9687670258176,-3.159509264332949,13.003747956902057,10000.0,0
23,0.5882433672796528,725.1158278676374,0.36361606627085885,12.986100655883668,10000.0,0
23,0.3072219358306493,725.1926333515951,-0.2810214314490035,12.976883997808748,10000.0,0
23,0.3759116704317531,725.286611269203,0.06868973460110384,12.965606647695797,10000.0,0
0,0.2878129400724563,725.3585645042211,-0.08809873035929683,12.956972259493623,10000.0,0
0,0.6449016240556864,725.5197899102351,0.3570886839832301,12.937625210771953,10000.0,0
0,0.4484833782052669,725.6319107547864,-0.1964182458504195,12.924170709425795,10000.0,0
0,0.2886482398395056,725.7040728147463,-0.1598351383657613,12.91551126223061,10000.0,0
1,0.3615137728578737,725.7944512579608,0.07286553301836812,12.904665849044873,10000.0,0
1,0.43359852669234894,725.9028508896339,0.07208475383447521,12.891657893244103,10000.0,0
1,0.41970823426062764,726.0077779481991,-0.013890292431721296,12.879066646216284,10000.0,0
1,0.6457498966532254,726.1692154223624,0.2260416623925977,12.859694149316686,9957.178635231343,0
2,0.5699681042017307,726.3117074484128,-0.07578179245149463,12.842595106190634,10000.0,0
2,0.30558660765515167,726.3881041003266,-0.26438149654657905,12.83342750796098,10000.0,0
2,0.5094440238102359,726.5154651062792,0.20385741615508424,12.818144187246673,10000.0,0
2,0.44354783373863255,726.6263520647138,-0.06589619007160336,12.804837752234514,10000.0,0
3,0.5264663229567719,726.757968645453,0.08291848921813932,12.78904376254581,10000.0,0
3,0.4899307247729564,726.8804513266463,-0.036535598183815465,12.774345840802622,10000.0,0
3,0.6479123674131495,727.0424294184995,0.1579816426401931,12.754908469780228,9843.081496271934,0
3,0.5949756942734962,727.1911733420679,-0.052936673139653334,12.737059198952023,10000.0,0
4,0.6684577309232199,727.3582877747988,0.07348203664972375,12.717005467024327,9512.198661731853,0
4,0.6450817347659166,727.5195582084903,-0.023375996157303347,12.69765301498135,9841.89470159855,0
4,0.4188132804033508,727.6242615285911,-0.22626845436256576,12.68508861656925,10000.0,0
4,0.3516598210554113,727.7121764838549,-0.06715345934793948,12.674538821937587,10000.0,0
5,0.47846196030197,727.8317919739304,0.1268021392465587,12.660184963128527,10000.0,0
5,0.3907002509336307,727.9294670366638,-0.08776170936833932,12.64846395560052,10000.0,0
5,0.5436005507107963,728.0653671743415,0.15290029977716557,12.632155939079196,10000.0,0
5,0.349976116190904,728.1528612033893,-0.19362443451989225,12.621656655593469,10000.0,0
6,0.4357262253994023,728.2617927597391,0.08575010920849829,12.608584868831487,10000.0,0
6,0.549125027228982,728.3990740165464,0.11339880182957973,12.592111118014618,10000.0,0
6,0.5111576958197561,728.5268634405013,-0.037967331409225924,12.576776387140026,10000.0,0
6,0.603432291991292,728.6777215134991,0.09227459617153588,12.558673418380288,10000.0,0
7,2.362298504793805,729.2682961396976,1.758866212802513,12.487804463236474,2643.1470108233593,0
7,1.6955188495569549,729.6921758520868,-0.6667796552368501,12.436938897749766,3667.5908678336373,0
7,2.2711915972771926,730.2599737514062,0.5756727477202377,12.36880314983145,2722.9766006222753,0
7,2.006740494838238,730.7616588751157,-0.2644511024389544,12.308600934986304,3066.814310730918,0
8,1.990591859998988,731.2593068401154,-0.01614863483925011,12.248883179186334,3076.6937776969917,0
8,2.319650364194566,731.8392194311641,0.3290585041955778,12.179293668260497,2625.243410872703,0
8,1.5554412234239747,732.2280797370202,-0.7642091407705911,12.132630431557779,3900.060718736244,0
8,2.3000672138281177,732.8030965404772,0.744625990404143,12.063628415142935,2622.451279383447,0
9,2.1791751078898387,733.3478903174497,-0.12089210593827904,11.99825316190624,2752.9346123828736,0
9,1.5201555174182733,733.7279291968042,-0.6590195904715654,11.952648496383691,3931.3900319499025,0
9,2.1612226075013368,734.2682348486795,0.6410670900830635,11.887811818158651,2750.2515883596448,0
9,2.3929050176091087,734.8664611030817,0.2316824101077719,11.816024667630378,2468.970682220488,0
10,0.7856298448957242,735.0628685643056,-1.6072751727133845,11.792455772283507,7505.096610636468,0
10,0.3160179132956695,735.1418730426295,-0.4696119316000547,11.782975234884637,10000.0,0
10,0.571730090919103,735.2848055653593,0.2557121776234335,11.765823332157064,10000.0,0
10,0.424873524385181,735.3910239464556,-0.14685656653392198,11.753077126425508,10000.0,0
11,0.4892532908831407,735.5133372691763,0.06437976649795968,11.738399527699013,10000.0,0
11,0.3214126649931101,735.5936904354246,-0.16784062589003057,11.728757147749219,10000.0,0
11,0.3326370650207389,735.6768497016798,0.011224400027628811,11.718778035798596,10000.0,0
11,0.5464984222635146,735.8134743072457,0.21386135724277572,11.702383083130691,10000.0,0
12,0.5781396374633743,735.9580092166115,0.03164121519985963,11.685038894006789,10000.0,0
12,0.3633428251453754,736.0488449228978,-0.21479681231799885,11.674138609252427,10000.0,0
12,0.5586053999815945,736.1884962728932,0.19526257483621912,11.65738044725298,10000.0,0
12,0.4223964633662195,736.2940953887347,-0.13620893661537503,11.644708553351993,10000.0,0
13,0.47763504720378935,736.4135041505357,0.055238583837569855,11.630379501935879,10000.0,0
13,0.4097775314387143,736.5159485333953,-0.06785751576507504,11.618086175992717,10000.0,0
13,0.32553907791813014,736.5973333028749,-0.08423845352058418,11.608320003655173,10000.0,0
13,0.49051387317977124,736.7199617711698,0.1649747952616411,11.59360458745978,10000.0,0
14,0.28173722868234596,736.7903960783403,-0.20877664449742528,11.58515247059931,10000.0,0
14,0.3702790834388323,736.8829658492,0.08854185475648635,11.574044098096145,10000.0,0
14,0.7984366672875058,737.0825750160219,0.42815758384867353,11.55009099807752,7232.941240860181,0
14,0.34402310606371,737.1685807925378,-0.45441356122379584,11.539770304895608,10000.0,0
15,0.5844459007043685,737.3146922677139,0.24042279464065852,11.522236927874477,9857.402467865708,0
15,0.6910308620042267,737.4874499832149,0.10658496129985817,11.50150600201435,8321.991559578131,0
15,0.331884067669569,737.5704210001323,-0.3591467943346577,11.491549479984263,10000.0,0
15,0.6637350165342524,737.7363547542659,0.33185094886468336,11.471637429488235,8641.729864870129,0
16,0.3753591689298322,737.8301945464983,-0.2883758476044202,11.46037665442034,10000.0,0
16,0.49537709786753975,737.9540388209653,0.12001792893770757,11.445515341484315,10000.0,0
16,0.4029390687780993,738.0547735881598,-0.09243802908944043,11.433427169420971,10000.0,0
16,0.4545989318810229,738.16842332113,0.05165986310292359,11.41978920146454,10000.0,0
17,0.3563861613736895,738.2575198614735,-0.0982127705073334,11.40909761662333,10000.0,0
17,0.3446327184031675,738.3436780410743,-0.011753442970521999,11.398758635071234,10000.0,0
17,0.6837344931082303,738.5146116643514,0.3391017747050628,11.378246600277986,8320.661539651834,0
17,0.5877198249124674,738.6615416205794,-0.09601466819576288,11.360615005530612,9664.992164610592,0
18,2.6871250393592314,739.3333228804192,2.099405214446764,11.280001254349834,2098.897723240979,0
18,3.092912495439632,740.1065510042791,0.4057874560804007,11.187213879486645,1808.5241493223164,0
18,3.5392723547560223,740.9913690929682,0.4463598593163902,11.081035708843965,1565.439813349407,0
18,3.693673855079724,741.9147875567381,0.1544015003237016,10.970225493191574,1485.0019145714198,0
19,4.000859766422347,742.9150024983437,0.3071859113426232,10.850199700198903,1355.9835052530946,0
19,3.902578026494984,743.8906470049675,-0.098281739927363,10.733122359404053,1375.1323210626201,0
19,2.842445430929829,744.6012583626999,-1.0601325955651553,10.647848996476158,1873.0085159441396,0
19,2.70083398307801,745.2764668584695,-0.1416114478518189,10.566823976983818,1956.2150141752363,0
20,3.508310478652114,746.1535444781325,0.8074764955741043,10.461574662624255,1490.970472294626,0
20,2.499182657966023,746.7783401426241,-1.0091278206860914,10.386599182885274,2077.999211017749,0
20,2.951248789831864,747.516152340082,0.4520661318658412,10.298061719190317,1744.6956276053245,0
20,3.135775231111036,748.3000961478598,0.18452644127917184,10.203988462256985,1627.0280409482048,0
21,3.0898517828195917,749.0725590935647,-0.045923448291444124,10.111292908772398,1636.2100222725749,0
21,2.701774474119745,749.7480027120946,-0.3880773086998466,10.030239674548806,1856.2318525525193,0
21,3.353797728522708,750.5864521442253,0.6520232544029629,9.929625742693124,1480.3554874889487,0
21,2.708048745246953,751.263464330537,-0.6457489832757553,9.848384280335717,1818.3543220226677,0
22,2.779031054890641,751.9582220942597,0.07098230964368835,9.765013348688997,1756.9097206568038,0
22,2.8254412753904363,752.6645824131073,0.04641022049979515,9.680250110427284,1713.0510187456666,0
22,3.1422120428471603,753.450135423819,0.31677076745672395,9.58598374914187,1525.3559623646536,0
22,2.5383118107132643,754.0847133764973,-0.603900232133896,9.509834394820471,1873.2596906895008,0
23,0.7315515673867653,754.267601268344,-1.806760243326499,9.487887847798868,6484.770363961711,0
23,0.4987502472754183,754.3922888301629,-0.23280132011134702,9.472925340380606,9496.66229954719,0
23,0.3709389019139945,754.4850235556414,-0.1278113453614238,9.461797173323186,10000.0,0
23,0.5889082508656704,754.6322506183578,0.21796934895167597,9.444129925797215,8018.337246858692,0
0,0.5924997492590781,754.7803755556725,0.003591498393407666,9.426354933319443,7954.7332679103365,0
0,0.41272047272414375,754.8835556738536,-0.17977927653493436,9.41397331913772,10000.0,0
0,0.2816247564346528,754.9539618629623,-0.13109571628949096,9.40552457644468,10000.0,0
0,0.4696906186583071,755.0713845176268,0.1880658622236543,9.39143385788493,9997.467997883366,0
1,0.19779649621467071,755.1208336416805,-0.27189412244363637,9.385499962998491,10000.0,0
1,0.35949570423979393,755.2107075677404,0.16169920802512322,9.374715091871296,10000.0,0
1,0.7029543310080655,755.3864461504925,0.34345862676827155,9.353626461941055,6653.0826039065505,0
1,0.3333572343791034,755.4697854590872,-0.36959709662896206,9.343625744909682,10000.0,0
2,0.41960478408888513,755.5746866551094,0.08624754970978171,9.331037601387015,10000.0,0
2,0.42384875531826255,755.680648843939,0.004243971229377419,9.318322138727467,10000.0,0
2,0.40117054601342084,755.7809414804424,-0.022678209304841712,9.306287022347064,10000.0,0
2,0.517161107168376,755.9102317572344,0.11599056115495521,9.290772189132012,8982.473798157393,0
3,0.43926549397416487,756.020048130728,-0.07789561319421118,9.277594224312788,10000.0,0
3,0.4843736271866603,756.1411415375247,0.04510813321249546,9.263063015497188,9561.898600155964,0
3,0.43777032259106796,756.2505841181725,-0.046603304595592365,9.249929905819457,10000.0,0
3,0.29516265363270855,756.3243747815807,-0.1426076689583594,9.241075026210476,10000.0,0
4,0.483268023430877,756.4451917874384,0.18810536979816844,9.226576985507549,9546.024709026966,0
4,0.44755757039106214,756.5570811800361,-0.03571045303981485,9.213150258395817,10000.0,0
4,0.6258421430785586,756.7135417158057,0.17828457268749642,9.19437499410346,7345.602318242526,0
4,0.2535543087998935,756.7769302930056,-0.3722878342786651,9.186768364839464,10000.0,0
5,0.6228007528117216,756.9326304812085,0.36924644401182816,9.168084342255112,7360.367100444649,0
5,0.5533253334945254,757.0709618145822,-0.06947541931719625,9.151484582250276,8269.533336250925,0
5,0.2545395056975006,757.1345966910067,-0.2987858277970248,9.143848397079351,10000.0,0
5,0.36380392931151817,757.2255476733345,0.10926442361401756,9.132934279200006,10000.0,0
6,0.46843704635631833,757.3426569349236,0.10463311704480016,9.118881167809317,9733.304868540443,0
6,0.5537419259404417,757.4810924164087,0.08530487958412336,9.102268910031103,8218.872803041202,0
6,0.5517748435496926,757.6190361272961,-0.001967082390749053,9.085715664724612,8233.173160155458,0
6,0.187956208561147,757.6660251794364,-0.3638186349885456,9.080076978467778,10000.0,0
7,1.930038032078865,758.148534687456,1.742081823517718,9.022175837505412,2337.305194910467,0
7,1.7891739549296197,758.5958281761884,-0.14086407714924531,8.968500618857522,2506.32438342484,0
7,1.9956091970603291,759.0947304754535,0.2064352421307094,8.908632342945712,2232.0583499185977,0
7,2.3105722560428252,759.6723735394642,0.3149630589824961,8.839315175264426,1912.7978257652453,0
8,2.2281995458872266,760.2294234259359,-0.08237271015559866,8.77246918888781,1968.5106760478177,0
8,1.801587825483989,760.679820382307,-0.4266117204032376,8.71842155412329,2419.649331217345,0
8,2.286234614099611,761.2513790358319,0.48464678861562205,8.649834515700302,1891.7206620779975,0
8,1.721351345454278,761.6817168721955,-0.5648832686453331,8.598193975336674,2497.512782048439,0
9,1.4888299649200563,762.0539243634255,-0.23252138053422167,8.553529076389072,2872.5674784656685,0
9,1.7959683301458993,762.502916445962,0.30713836522584304,8.499650026484694,2366.314005602261,0
9,1.8666647340301281,762.9695826294695,0.07069640388422882,8.44365008446379,2261.6943285348184,0
9,2.251168434955479,763.5323747382084,0.3845037009253509,8.376115031415127,1860.3927856648322,0
10,0.7748628394252421,763.7260904480647,-1.4763055955302369,8.35286914623237,5389.90174856504,0
10,0.15571580850760963,763.7650194001916,-0.6191470309176326,8.348197671977141,10000.0,0
10,0.22349723334723345,763.8208937085284,0.06778142483962382,8.341492754976723,10000.0,0
10,0.2674931900365008,763.8877670060375,0.04399595668926734,8.333467959275628,10000.0,0
11,0.5743506415091452,764.0313546664148,0.30685745147264437,8.316237440030354,7239.68673402965,0
11,0.2939908091373922,764.1048523686992,-0.280359832371753,8.307417715756232,10000.0,0
11,0.42237907830887655,764.2104471382764,0.12838826917148438,8.294746343406965,9819.078133104404,0
11,0.5041080767855735,764.3364741574728,0.0817289984766969,8.279623101103398,8212.150808907993,0
12,0.272008494988146,764.4044762812199,-0.23209958179742746,8.271462846253755,10000.0,0
12,0.7807039362635695,764.5996522652858,0.5086954412754234,8.248041728165848,5282.43892789934,0
12,0.5941629220786464,764.7481929958055,-0.18654101418492308,8.23021684050349,6925.892322353714,0
12,0.23362816724043506,764.8066000376157,-0.36053475483821135,8.223207995486277,10000.0,0
13,0.4738585989199261,764.9250646873456,0.24023043167949104,8.208992237518679,8661.8584702584,0
13,0.7324011865913355,765.1081649839934,0.25854258767140936,8.187020201920939,5589.16366590291,0
13,0.6784790024857925,765.2777847346149,-0.05392218410554295,8.166665831846366,6018.362986861467,0
13,0.6782585652345288,765.4473493759235,-0.0002204372512637498,8.14631807488933,6005.318983382458,0
14,0.41614034812060413,765.5513844629537,-0.26211821711392463,8.13383386444571,9772.945475222694,0
14,0.41989682320616784,765.6563586687553,0.003756475085563704,8.121236959749526,9670.5148871322,0
14,0.22085676960368988,765.7115728611562,-0.19904005360247795,8.114611256661416,10000.0,0
14,0.6202654133661918,765.8666392144978,0.3994086437625019,8.09600329426043,6526.24112178307,0
15,0.48695030527604305,765.9883767908168,-0.13331510809014874,8.08139478510215,8297.966648281448,0
15,0.573925649192295,766.1318582031149,0.086975343916252,8.064177015626381,7025.454453007432,0
15,0.6951877732516856,766.3056551464279,0.12126212405939052,8.04332138242883,5784.999169941407,0
15,0.5934777991868363,766.4540245962246,-0.10170997406484927,8.025517048453226,6761.429879474452,0
16,0.5398684478831537,766.5889917081954,-0.053609351303682606,8.009320995016731,7417.845056903777,0
16,0.6779795156713213,766.7584865871132,0.13811106778816762,7.988981609546592,5891.757364996543,0
16,0.5907835563828179,766.906182476209,-0.08719595928850343,7.971258102855107,6746.343916256417,0
16,0.3332201826586042,766.9894875218737,-0.2575633737242137,7.961261497375349,10000.0,0
17,0.3641707613957216,767.0805302122226,0.030950578737117374,7.950336374533477,10000.0,0
17,0.5486076283020048,767.217682119298,0.18443686690628325,7.933878145684417,7230.922189544247,0
17,0.749748459813665,767.4051192342515,0.20114083151166018,7.911385691890008,5276.026638224922,0
17,0.4702067003427765,767.5226709093372,-0.2795417594708885,7.897279490879725,8397.667967218116,0
18,3.5005778734181585,768.3978153776917,3.030371173075382,7.7922621546771795,1112.9965446345552,0
18,3.5303175674988645,769.2803947695664,0.02973969408070598,7.686352627652213,1088.6205675114077,0
18,3.7334318660692474,770.2137527360837,0.20311429857038288,7.574349671670136,1014.395058405714,0
18,3.009791180680852,770.966200531254,-0.7236406853883954,7.48405593624971,1243.2849136325672,0
19,2.5881507260363126,771.6132382127631,-0.42164045464453936,7.406411414468621,1430.8307742593015,0
19,3.794673550812275,772.5619066004662,1.2065228247759623,7.292571207944253,960.8957279583681,0
19,3.518765343002859,773.4415979362169,-0.2759082078094157,7.187008247654167,1021.2400582416909,0
19,3.3812638921892693,774.2869139092642,-0.1375014508135899,7.085570330888489,1047.7694963791764,0
20,3.7209263290193384,775.217145491519,0.33966243683006914,6.973942541017909,937.1245120641655,0
20,3.6511314396445917,776.1299283514302,-0.06979488937474665,6.864408597828571,940.0385485022098,0
20,3.5241024285125886,777.0109539585583,-0.12702901113200316,6.758685524973193,958.9229686246405,0
20,3.1010957464521316,777.7862278951714,-0.423006682060457,6.665652652579629,1074.725387019346,0
21,3.183961326022693,778.582218226677,0.08286557957056129,6.570133812798948,1031.7546508968057,0
21,3.7995993412036397,779.5321180619779,0.6156380151809469,6.456145832562839,849.5824497271411,0
21,2.964724384034583,780.2732991579866,-0.8348749571690566,6.367204101041802,1073.8273236004675,0
21,3.252222398609624,781.086354757639,0.287498014575041,6.269637429083513,963.9004749127675,0
22,2.901953269499874,781.8118430750139,-0.35026912910974994,6.182578830998517,1065.2443814272774,0
22,3.763284241338901,782.7526641353487,0.8613309718390267,6.06968030375835,806.4339436660357,0
22,2.8668749954136805,783.4693828842021,-0.8964092459252204,5.98367405389594,1043.5882386690034,0
22,4.062575524641905,784.4850267653626,1.1957005292282243,5.861796788156683,721.4385003554328,0
23,0.27318690747547875,784.5533234922315,-3.789388617166426,5.853601180932419,10000.0,0
23,0.7637681598104478,784.744265532184,0.490581252334969,5.8306881361381055,3817.0536839249544,0
23,0.7454152714454583,784.9306193500454,-0.018352888364989495,5.808325677994742,3896.0334597999545,0
23,0.4969146853096399,785.0548480213728,-0.24850058613581838,5.793418237435453,5829.389237938732,0
0,0.7013122015221248,785.2301760717534,0.20439751621248492,5.772378871389789,4115.413120477188,0
0,0.7616848505651304,785.4205972843946,0.060372649043005544,5.749528325872834,3774.2173299147175,0
0,0.6849279852029186,785.5918292806954,-0.07675686536221171,5.728980486316747,4182.177258109452,0
0,0.4453787102107739,785.703173958248,-0.23954927499214473,5.715619125010424,6416.583229029433,0
1,0.631595627128342,785.8610728650301,0.18621691691756814,5.6966712561965736,4509.745643820768,0
1,0.5757307373219351,786.0050055493606,-0.055864889806406914,5.6793993340769156,4932.339864721456,0
1,0.36299361164860944,786.0957539522727,-0.2127371256733257,5.668509525727457,7808.001771687892,0
1,0.5437722932292804,786.23169702558,0.180778681580671,5.652196356930579,5197.208856821382,0
2,0.4169655664941588,786.3359384172036,-0.12680672673512167,5.639687389935754,6762.773527505131,0
2,0.6124833056541039,786.4890592436171,0.19551773915994514,5.621312890766131,4588.951926422572,0
2,0.5306915709074951,786.621732136344,-0.08179173474660884,5.605392143638906,5281.214598955806,0
2,0.3743808063574535,786.7153273379333,-0.15631076455004156,5.594160719448182,7471.217306619822,0
3,0.3075752475708449,786.792221149826,-0.0668055587866086,5.584933462021057,9078.970928463057,0
3,0.4927836299563363,786.915417057315,0.18520838238549137,5.5701499531223675,5651.719755398447,0
3,0.32885092729698717,786.9976297891393,-0.16393270265934912,5.560284425303458,8454.110911297406,0
3,0.6407908944693158,787.1578275127566,0.31193996717232864,5.541060698469378,4323.6106710429485,0
4,0.4028089666243794,787.2585297544127,-0.23798192784493638,5.528976429470647,6863.025512818877,0
4,0.765196397463493,787.4498288537786,0.36238743083911357,5.506020537546742,3597.782579608545,0
4,0.18532757419076623,787.4961607473264,-0.5798688232727267,5.500460710321018,10000.0,0
4,0.37322264485678147,787.5894664085406,0.18789507066601524,5.489264030975315,7353.873226371,0
5,0.4870812042121311,787.7112367095937,0.11385855935534961,5.474651594848951,5619.855116052332,0
5,0.6177739831739262,787.8656802053871,0.1306927789617951,5.456118375353733,4415.95026980736,0
5,0.5573544471574539,788.0050188171765,-0.06041953601647232,5.439397741939009,4879.657612566217,0
5,0.4515239861092709,788.1178998137038,-0.10583046104818294,5.425852022355731,6008.376287060252,0
6,0.444712465057179,788.2290779299682,-0.006811521052091929,5.412510648404016,6085.404698188639,0
6,0.816109006938978,788.4331051817029,0.37139654188179905,5.388027378195846,3301.0463874213306,0
6,0.3981798485490154,788.5326501438401,-0.41792915838996264,5.376081982739376,6750.821271254751,0
6,0.5685007968452278,788.6747753430514,0.17032094829621242,5.359026958834019,4713.297666927453,0
7,1.6603852841091513,789.0898716640786,1.0918844872639235,5.309215400310745,1598.7901877723834,0
7,1.8162376991340623,789.5439310888621,0.15585241502491098,5.254728269336723,1446.5970703730159,0
7,2.4411743708624,790.1542246815777,0.6249366717283378,5.181493038210851,1061.270571257958,0
7,1.7746593807367375,790.597889526762,-0.6665149901256626,5.128253256788749,1444.8556473580272,0
8,1.4893788721573586,790.9702342448013,-0.2852805085793788,5.083571890624029,1706.608031595244,0
8,2.498966468654796,791.594975861965,1.0095875964974375,5.008602896564385,1002.1348744348172,0
8,2.082053909262443,792.1154893392807,-0.4169125593923533,104.94614127928651,10000.0,0
8,1.5584097651935904,792.505091780579,-0.5236441440688524,104.8993889863307,10000.0,0
9,1.5162008961269184,792.8841420046108,-0.04220886906667198,104.8539029594469,10000.0,0
9,1.7959407404313026,793.3331271897187,0.27973984430438414,104.80002473723395,10000.0,0
9,2.3467378769373908,793.919811658953,0.5507971365060882,104.72962260092584,10000.0,0
9,1.841807840342124,794.3802636190385,-0.5049300365952667,104.67436836571557,10000.0,0
10,0.2833967427033314,794.4511128047143,-1.5584110976387926,104.66586646343447,10000.0,0
10,0.47662364699612236,794.5702687164633,0.193226904292791,104.65156775402458,10000.0,0
10,0.5968454293673771,794.7194800738051,0.12022178237125469,104.63366239114356,10000.0,0
10,0.4813167339249536,794.8398092572863,-0.11552869544242345,104.61922288912581,10000.0,0
11,0.4852859317101814,794.9611307402139,0.003969197785227807,104.6046643111745,10000.0,0
11,0.6299941994160128,795.1186292900679,0.14470826770583134,104.58576448519202,10000.0,0
11,0.5711061113201418,795.261405817898,-0.05888808809587098,104.5686313018524,10000.0,0
11,0.7127986151407815,795.4396054716832,0.1416925038206397,104.54724734339818,10000.0,0
12,0.5407691449253652,795.5747977579146,-0.17202947021541626,104.53102426905042,10000.0,0
12,0.3003121132913532,795.6498757862374,-0.240457031634012,104.52201490565167,10000.0,0
12,0.6463585160157646,795.8114654152414,0.34604640272441134,104.5026241501712,10000.0,0
12,0.5748611513349939,795.9551807030751,-0.07149736468077061,104.48537831563115,10000.0,0
13,0.41542442405902885,796.0590368090899,-0.15943672727596508,104.47291558290938,10000.0,0
13,0.5666748276049525,796.2007055159911,0.15125040354592362,104.45591533808123,10000.0,0
13,0.44436839811127354,796.3117976155189,-0.12230642949367893,104.44258428613789,10000.0,0
13,0.6605379844232533,796.4769321116247,0.21616958631197974,104.4227681466052,10000.0,0
14,0.5560588380670889,796.6159468211415,-0.1044791463561644,104.40608638146318,10000.0,0
14,0.5746777069201734,796.7596162478716,0.018618868853084503,104.38884605025558,10000.0,0
14,0.34364653994355654,796.8455278828575,-0.23103116697661685,104.37853665405727,10000.0,0
14,0.4173954478239394,796.9498767448134,0.07374890788038285,104.36601479062256,10000.0,0
15,0.6572276856007172,797.1141836662136,0.2398322377767778,104.34629796005454,10000.0,0
15,0.5332040420289348,797.2474846767209,-0.12402364357178242,104.33030183879367,10000.0,0
15,0.5147037250768597,797.3761606079901,-0.018500316952075102,104.31486072704136,10000.0,0
15,0.558093567527994,797.5156839998721,0.04338984245113431,104.29811792001553,10000.0,0
16,0.34457816346963493,797.6018285407395,-0.21351540405835906,104.28778057511144,10000.0,0
16,0.2876558023310526,797.6737424913222,-0.056922361138582345,104.2791509010415,10000.0,0
16,0.6430775739360236,797.8345118848061,0.355421771604971,104.25985857382342,10000.0,0
16,0.7176801962795004,798.013931933876,0.07460262234347681,104.23832816793504,10000.0,0
17,0.45309149797388126,798.1272048083695,-0.26458869830561915,104.22473542299582,10000.0,0
17,0.16473317436321647,798.1683881019603,-0.2883583236106648,104.21979342776493,10000.0,0
17,0.5369587611665255,798.302627792252,0.3722255868033091,104.20368466492994,10000.0,0
17,0.5579828002285776,798.4421234923092,0.02102403906205208,104.18694518092308,10000.0,0
18,2.8832756678463434,799.1629424092707,2.3252928676177658,104.10044691088768,10000.0,0
18,3.8901165249746357,800.1354715405143,1.0068408571282923,103.98374341513845,10000.0,0
18,3.695339879622669,801.05930651042,-0.1947766453519666,103.87288321874976,10000.0,0
18,3.791552215393761,802.0071945642685,0.09621233577109178,103.75913665228795,10000.0,0
19,3.8245622058560054,802.9633351157325,0.03300999046224451,103.64439978611227,10000.0,0
19,2.5690701297348966,803.6056026481663,-1.2554920761211088,103.56732768222022,10000.0,0
19,2.832661809034154,804.3137681004248,0.26359167929925764,103.4823478279492,10000.0,0
19,2.613158911726562,804.9670578283565,-0.2195028973075921,103.4039530605974,10000.0,0
20,3.6457179429784072,805.8784873141011,1.0325590312518451,103.29458152230805,10000.0,0
20,2.7786565726707737,806.5731514572688,-0.8670613703076335,103.21122182512792,10000.0,0
20,2.49074219778944,807.1958370067161,-0.28791437488133376,103.13649955919423,10000.0,0
20,2.8850503281475315,807.917099588753,0.39430813035809154,103.04994804934981,10000.0,0
21,3.29299876384597,808.7403492797145,0.4079484356984384,102.95115808643443,10000.0,0
21,0.1379810435719685,809.3820523492884,-2.0,102.87415371808555,10000.0,1
21,2.629442085628828,810.0394128706956,0.06262980733300605,102.79527045551669,10000.0,0
21,3.192871684959832,810.8376307919356,0.5634295993310041,102.6994843049679,10000.0,0
22,3.9114990138927412,811.8155055454088,0.718627328932909,102.58213933455112,10000.0,0
22,3.0157550950740446,812.5694443191773,-0.8957439188186966,102.49166668169889,10000.0,0
22,0.11261740737938947,813.3606280963928,-2.0,102.39672462843302,10000.0,1
22,3.6576338317375288,814.2750365543272,0.4928987228753483,102.2869956134809,10000.0,0
23,0.6715896107515745,814.4429339570152,-2.986044220985954,102.26684792515834,10000.0,0
23,0.6007678665971395,814.5931259236644,-0.07082174415443498,102.24882488916043,10000.0,0
23,0.35036701098292644,814.6807176764102,-0.2504008556142131,102.23831387883094,10000.0,0
23,0.6466478877668836,814.8423796483519,0.2962808767839572,102.21891444219793,10000.0,0
0,0.23626943007499618,814.9014470058706,-0.41037845769188747,102.21182635929569,10000.0,0
0,0.21084691376012124,814.9541587343107,-0.025422516314874938,102.20550095188288,10000.0,0
0,0.6467662294732521,815.115850291679,0.4359193157131309,102.18609796499868,10000.0,0
0,0.5906097583637069,815.2635027312699,-0.05615647110954525,102.16837967224777,10000.0,0
1,0.4203506553683265,815.3685903951119,-0.17025910299538038,102.15576915258671,10000.0,0
1,0.7246573861811483,815.5497547416572,0.3043067308128218,102.13402943100128,10000.0,0
1,0.4442698181136743,815.6608221961857,-0.280387568067474,102.12070133645787,10000.0,0
1,0.6506555803798801,815.8234860912806,0.20638576226620586,102.10118166904647,10000.0,0
2,0.25706272387310297,815.8877517722489,-0.39359285650677717,102.09346978733028,10000.0,0
2,0.6407096945426163,816.0479291958845,0.3836469706695133,102.074248496494,10000.0,0
2,0.6486742294517439,816.2100977532475,0.00796453490912763,102.05478826961044,10000.0,0
2,0.6696328839215672,816.3775059742279,0.020958654469823257,102.03469928309279,10000.0,0
3,0.5642682104785646,816.5185730268475,-0.1053646734430026,102.01777123677843,10000.0,0
3,0.6373041380942075,816.6778990613711,0.07303592761564293,101.9986521126356,10000.0,0
3,0.30870973658354883,816.7550764955171,-0.32859440151065866,101.98939082053809,10000.0,0
3,0.4240745706469181,816.8610951381788,0.11536483406336928,101.97666858341869,10000.0,0
4,0.5782449649684454,817.0056563794209,0.15417039432152724,101.95932123446963,10000.0,0
4,0.4989186486780972,817.1303860415904,-0.07932631629034814,101.94435367500928,10000.0,0
4,0.42776823818090826,817.2373281011356,-0.07115041049718895,101.93152062786386,10000.0,0
4,0.5794630277730378,817.3821938580788,0.15169478959212956,101.91413673703067,10000.0,0
5,0.5121643214120759,817.5102349384318,-0.06729870636096191,101.89877180738831,10000.0,0
5,0.4448569927162875,817.6214491866109,-0.06730732869578843,101.88542609760682,10000.0,0
5,0.5944433836017414,817.7700600325113,0.14958639088545395,101.86759279609878,10000.0,0
5,0.8413404008217239,817.9803951327167,0.24689701721998247,101.84235258407412,10000.0,0
6,0.46552728251881853,818.0967769533464,-0.37581311830290537,101.82838676559855,10000.0,0
6,0.319095452310033,818.176550816424,-0.14643183020878553,101.81881390202925,10000.0,0
6,0.34704483464791847,818.263312025086,0.027949382337885464,101.8084025569898,10000.0,0
6,0.5571037108603529,818.402587952801,0.21005887621243446,101.79168944566399,10000.0,0
7,1.6328786711767167,818.8108076205951,1.0757749603163638,101.74270308552869,10000.0,0
7,1.673366497979993,819.2291492450902,0.04048782680327623,101.69250209058929,10000.0,0
7,1.5741179345873964,819.622678728737,-0.09924856339259658,101.64527855255166,10000.0,0
7,2.381235361564744,820.2179875691282,0.8071174269773478,101.57384149170471,10000.0,0
8,2.258728802629764,820.7826697697857,-0.12250655893498008,101.50607962762582,10000.0,0
8,1.996615063891071,821.2818235357585,-0.26211373873869315,101.44618117570909,10000.0,0
8,1.537975590759872,821.6663174334484,-0.4586394731311989,101.40004190798629,10000.0,0
8,2.5340733495746197,822.299835770842,0.9960977588147477,101.32401970749905,10000.0,0
9,2.157762051566907,822.8392762837337,-0.37631129800771257,101.25928684595205,10000.0,0
9,2.492960100537073,823.462516308868,0.3351980489701658,101.18449804293593,10000.0,0
9,2.497500053397572,824.0868913222174,0.004539952860499241,101.109573041334,10000.0,0
9,1.6333033809174404,824.4952171674468,-0.8641966724801318,101.06057393990648,10000.0,0
10,0.41352643843547937,824.5985987770556,-1.2197769424819611,101.04816814675341,10000.0,0
10,0.36411182180601964,824.6896267325071,-0.04941461662945973,101.03724479209923,10000.0,0
10,0.5614284816057102,824.8299838529085,0.1973166597996906,101.02040193765106,10000.0,0
10,0.4135563469952023,824.9333729396574,-0.14787213461050797,101.0079952472412,10000.0,0
11,0.40444764616672735,825.0344848511991,-0.009108700828474925,100.9958618178562,10000.0,0
11,0.1909161967727723,825.0822139003923,-0.21353144939395505,100.99013433195302,10000.0,0
11,0.5180555311507871,825.21172778318,0.3271393343780148,100.9745926660185,10000.0,0
11,0.6967424397982633,825.3859133931295,0.17868690864747627,100.95369039282454,10000.0,0
12,0.48473507522977805,825.5070971619369,-0.2120073645684853,100.93914834056764,10000.0,0
12,0.3990334858458301,825.6068555333984,-0.08570158938394795,100.92717733599227,10000.0,0
12,0.6268030591228356,825.7635562981791,0.22776957327700553,100.90837324421858,10000.0,0
12,0.6784019121983897,825.9331567762287,0.05159885307555412,100.88802118685263,10000.0,0
13,0.34275601840028924,826.0188457808288,-0.3356458937981005,100.87773850630062,10000.0,0
13,0.38069222949848,826.1140188382034,0.03793621109819073,100.86631773941566,10000.0,0
13,0.5066668057819159,826.2406855396489,0.12597457628343595,100.85111773524221,10000.0,0
13,0.5893551623071247,826.3880243302257,0.08268835652520878,100.833437080373,10000.0,0
14,0.37338712532558205,826.4813711115571,-0.21596803698154265,100.82223546661324,10000.0,0
14,0.43963397171127305,826.591279604485,0.066246846385691,100.8090464474619,10000.0,0
14,0.6116109927856777,826.7441823526814,0.1719770210744046,100.79069811767833,10000.0,0
14,0.298180336418097,826.8187274367859,-0.31343065636758066,100.7817527075858,10000.0,0
15,0.2967936163617542,826.8929258408764,-0.0013867200563427717,100.77284889909494,10000.0,0
15,0.5901710499411085,827.0404686033617,0.29337743357935425,100.7551437675967,10000.0,0
15,0.6284647286691539,827.197584785529,0.038293678728045455,100.73628982573663,10000.0,0
15,0.49983394244971935,827.3225432711414,-0.12863078621943458,100.72129480746314,10000.0,0
16,0.41632376660509424,827.4266242127927,-0.08351017584462511,100.70880509446499,10000.0,0
16,0.3287553212555356,827.5088130431066,-0.08756844534955865,100.69894243482733,10000.0,0
16,0.6259111386584816,827.6652908277712,0.297155817402946,100.68016510066758,10000.0,0
16,0.4367293706552786,827.774473170435,-0.18918176800320297,100.66706321954793,10000.0,0
17,0.2158131380946909,827.8284264549587,-0.2209162325605877,100.66058882540509,10000.0,0
17,0.4170702924920229,827.9326940280818,0.20125715439733197,100.64807671663033,10000.0,0
17,0.679929410707945,828.1026763807588,0.2628591182159221,100.6276788343091,10000.0,0
17,0.6555161167020667,828.2665554099343,-0.024413294005878328,100.60801335080804,10000.0,0
18,4.084824660782819,829.28776157513,3.4293085440807523,100.48546861098455,10000.0,0
18,3.061362083726193,830.0531020960616,-1.023462577056626,100.39362774847277,10000.0,0
18,2.9862079210037074,830.7996540763125,-0.07515416272248565,100.30404151084265,10000.0,0
18,3.2937149788085005,831.6230828210147,0.30750705780479315,100.2052300614784,10000.0,0
19,3.779108308247505,832.5678598980766,0.4853933294390047,100.09185681223097,10000.0,0
19,3.83864486329864,833.5275211139012,0.059536555051134865,99.97669746633201,10000.0,0
19,3.195832345866707,834.3264792003679,-0.642812517431933,99.88082249595601,10000.0,0
19,3.02007540337542,835.0814980512117,-0.17575694249128704,99.79022023385475,10000.0,0
20,3.7223635405209285,836.0120889363419,0.7022881371455085,99.67854932763913,10000.0,0
20,3.8136871935280294,836.9655107347239,0.09132365300710088,99.5641387118333,10000.0,0
20,3.2344616375409885,837.7741261441091,-0.579225555987041,99.46710486270706,10000.0,0
20,3.748165026230078,838.7111674006667,0.5137033886890894,99.35465991192015,10000.0,0
21,0.13988153748063464,839.7052094845506,-2.0,99.23537486185408,10000.0,1
21,3.8952314048492513,840.6790173357629,-0.0809369306861405,99.11851791970861,10000.0,0
21,2.5677154216573475,841.3209461911772,-1.327515983191904,99.0414864570589,10000.0,0
21,2.4927149317255544,841.9441249241086,-0.07500048993179309,98.96670500910713,10000.0,0
22,3.217468586967306,842.7484920708504,0.7247536552417517,98.87018095149811,10000.0,0
22,3.2546038284471766,843.5621430279622,0.03713524147987046,98.7725428366447,10000.0,0
22,2.8053418882596532,844.2634785000271,-0.4492619401875233,98.68838257999691,10000.0,0
22,3.960124932897722,845.2535097332515,1.154783044638069,98.56957883200998,10000.0,0
23,0.38065742377725187,845.3486740891958,-3.5794675091204704,98.55815910929667,10000.0,0
23,0.596475944998205,845.4977930754453,0.21581852122095313,98.54026483094673,10000.0,0
23,0.39738646658292914,845.597139692091,-0.19908947841527586,98.52834323694924,10000.0,0
23,0.31760017582060945,845.6765397360462,-0.07978629076231969,98.51881523167462,10000.0,0
0,0.5972347736913665,845.825848429469,0.279634597870757,98.50089818846388,10000.0,0
0,0.5928414697516977,845.974058796907,-0.004393303939668747,98.48311294437133,10000.0,0
0,0.7375811126016898,846.1584540750574,0.14473964284999208,98.46098551099328,10000.0,0
0,0.6021994023622571,846.309003925648,-0.13538171023943268,98.44291952892242,10000.0,0
1,0.4411393295245381,846.4192887580291,-0.161060072837719,98.42968534903667,10000.0,0
1,0.7822517624413623,846.6148516986394,0.3411124329168242,98.40621779616343,10000.0,0
1,0.4380939863275306,846.7243751952213,-0.3441577761138317,98.3930749765736,10000.0,0
1,0.5342811471915794,846.8579454820192,0.09618716086404877,98.37704654215786,10000.0,0
2,0.6654327878655193,847.0243036789856,0.13115164067393992,98.3570835585219,10000.0,0
2,0.493188210690676,847.1476007316583,-0.17224457717484332,98.34228791220117,10000.0,0
2,0.17947639500499118,847.1924698304096,-0.3137118156856848,98.33690362035102,10000.0,0
2,0.3541446038786936,847.2810059813792,0.17466820887370244,98.32627928223467,10000.0,0
3,0.6024702936100075,847.4316235547817,0.24832568973131386,98.30820517342636,10000.0,0
3,0.45697298668853176,847.5458668014538,-0.14549730692147572,98.2944959838257,10000.0,0
3,0.5066105693733073,847.6725194437971,0.04963758268477553,98.2792976667445,10000.0,0
3,0.6954528621628098,847.8463826593378,0.18884229278950249,98.25843408087961,10000.0,0
4,0.5287032335700176,847.9785584677303,-0.1667496285927922,98.2425729838725,10000.0,0
4,0.5258863035211883,848.1100300436105,-0.0028169300488293247,98.22679639476686,10000.0,0
4,0.5379241559772273,848.2445110826048,0.012037852456039055,98.21065867008755,10000.0,0
4,0.2450063203418275,848.3057626626903,-0.2929178356353998,98.2033084804773,10000.0,0
5,0.4934532185169067,848.4291259673196,0.2484468981750792,98.1885048839218,10000.0,0
5,0.5044942492397897,848.5552495296296,0.011041030722882983,98.1733700564446,10000.0,0
5,0.4143269859880437,848.6588312761265,-0.09016726325174601,98.16094024686495,10000.0,0
5,0.5384719096481255,848.7934492535386,0.12414492366008184,98.1447860895755,10000.0,0
6,0.38320013358650884,848.8892492869352,-0.15527177606161668,98.13329008556791,10000.0,0
6,0.5733856195729526,849.0325956918284,0.1901854859864438,98.11608851698072,10000.0,0
6,0.2949262081425998,849.106327243864,-0.27845941143035285,98.10724073073645,10000.0,0
6,0.422612059880932,849.2119802588343,0.1276858517383322,98.09456236894002,10000.0,0
7,1.8629629622671067,849.677720999401,1.4403509023861747,98.038673480072,10000.0,0
7,1.6530529937202292,850.0909842478311,-0.2099099685468775,97.9890818902604,10000.0,0
7,2.030217700299009,850.5985386729059,0.37716470657877976,97.92817535925143,10000.0,0
7,1.7786586891720708,851.0432033451989,-0.2515590111269381,97.87481559857626,10000.0,0
8,1.9691474859129663,851.5354902166771,0.19048879674089547,97.81574117399887,10000.0,0
8,2.118206173670955,852.0650417600948,0.14905868775798892,97.75219498878874,10000.0,0
8,2.08913714331162,852.5873260459227,-0.02906903035933528,97.68952087448939,10000.0,0
8,2.1400543918566646,853.1223396438869,0.05091724854504465,97.6253192427337,10000.0,0
9,1.5083864038661354,853.4994362448534,-0.6316679879905291,97.5800676506177,10000.0,0
9,1.8457141526315235,853.9608647830113,0.33732774876538807,97.52469622603876,10000.0,0
9,1.7772573819556619,854.4051791285002,-0.06845677067586164,97.47137850458009,10000.0,0
9,1.928580251432272,854.8873241913583,0.15132286947661022,97.41352109703712,10000.0,0
10,0.5513231618594786,855.0251549818231,-1.3772570895727934,97.39698140218134,10000.0,0
10,0.5613331395377489,855.1654882667076,0.010009977678270277,97.38014140799521,10000.0,0
10,0.5162564491052645,855.2945523789839,-0.04507669043248441,97.36465371452205,10000.0,0
10,0.3763847586616018,855.3886485686493,-0.13987169044366266,97.3533621717622,10000.0,0
11,0.5043596750828168,855.51473848742,0.12797491642121495,97.33823138150971,10000.0,0
11,0.6736411211666656,855.6831487677117,0.16928144608384887,97.31802214787471,10000.0,0
11,0.27974175149501745,855.7530842055854,-0.3938993696716482,97.30962989532986,10000.0,0
11,1.009527650118969,856.0054661181151,0.7297858986239515,97.2793440658263,10000.0,0
12,0.8821044120750521,856.2259922211339,-0.12742323804391686,97.25288093346404,10000.0,0
12,0.34525679017831723,856.3123064186784,-0.5368476218967349,97.24252322975869,10000.0,0
12,0.6922352929484688,856.4853652419156,0.3469785027701515,97.22175617097024,10000.0,0
12,0.6838783892914747,856.6563348392384,-0.008356903656994041,97.20123981929149,10000.0,0
13,0.581726004733247,856.8017663404218,-0.10215238455822773,97.18378803914949,10000.0,0
13,0.5306060957270083,856.9344178643535,-0.05111990900623864,97.16786985627768,10000.0,0
13,0.5496863564713519,857.0718394534713,0.019080260744343547,97.15137926558353,10000.0,0
13,0.6863151921279027,857.2434182515033,0.13662883565655082,97.13078980981969,10000.0,0
14,0.6364721257969518,857.4025362829525,-0.049843066330950925,97.11169564604577,10000.0,0
14,0.38772944022732525,857.4994686430093,-0.24874268556962653,97.10006376283896,10000.0,0
14,0.3491576848417223,857.5867580642198,-0.038571755385602924,97.0895890322937,10000.0,0
14,0.33078358955670617,857.669453961609,-0.018374095285016157,97.079665524607,10000.0,0
15,0.4266254527712706,857.7761103248017,0.09584186321456445,97.06686676102386,10000.0,0
15,0.9316194567681856,858.0090151889938,0.504994003996915,97.03891817732081,10000.0,0
15,0.38486742880677494,858.1052320461955,-0.5467520279614106,97.0273721544566,10000.0,0
15,0.3498192000908744,858.1926868462182,-0.03504822871590052,97.01687757845387,10000.0,0
16,0.579466339568501,858.3375534311103,0.2296471394776266,96.99949358826682,10000.0,0
16,0.5046704034973819,858.4637210319847,-0.07479593607111912,96.9843534761619,10000.0,0
16,0.28628537408182464,858.5352923755052,-0.21838502941555726,96.97576491493945,10000.0,0
16,0.5646437724711448,858.676453318623,0.2783583983893202,96.95882560176531,10000.0,0
17,0.3562050324689675,858.7655045767402,-0.20843874000217733,96.94813945079125,10000.0,0
17,0.5137328842155092,858.8939377977941,0.1575278517465417,96.93272746426479,10000.0,0
17,0.41338391051475815,858.9972837754228,-0.10034897370075108,96.92032594694935,10000.0,0
17,0.37285491828602996,859.0904975049943,-0.04052899222872819,96.90914029940076,10000.0,0
18,3.5740837102742136,859.984018432563,3.2012287919881834,96.80191778809254,10000.0,0
18,3.6732813008013965,860.9023387577633,0.09919759052718291,96.69171934906849,10000.0,0
18,3.661330823124823,861.8176714635446,-0.011950477676573534,96.58187942437475,10000.0,0
18,2.6031901869363243,862.4684690102787,-1.0581406361884986,96.50378371876666,10000.0,0
19,3.6298135087902113,863.3759223874762,1.026623321853887,96.39488931350294,10000.0,0
19,3.910544271359963,864.3535584553161,0.28073076256975193,96.27757298536214,10000.0,0
19,2.8006755115476984,865.053727333203,-1.1098687598122647,96.19355272001572,10000.0,0
19,3.6244190739748916,865.9598321016967,0.8237435624271932,96.08482014779646,10000.0,0
20,2.3967379537951192,866.5590165901456,-1.2276811201797724,96.01291800918261,10000.0,0
20,3.7084877809228547,867.4861385353763,1.3117498271277355,95.90166337575492,10000.0,0
20,3.4960783211953332,868.3601581156752,-0.21240945972752145,95.79678102611906,10000.0,0
20,3.718579856863506,869.289803079891,0.22250153566817277,95.68522363041316,10000.0,0
21,2.9254625751709433,870.0211687236838,-0.7931172816925627,95.59745975315803,10000.0,0
21,3.193032785569648,870.8194269200762,0.26757021039870477,95.50166876959095,10000.0,0
21,2.9497439926888154,871.5568629182485,-0.24328879288083272,95.41317644981028,10000.0,0
21,3.4424461870553458,872.4174744650123,0.4927021943665304,95.30990306419862,10000.0,0
22,2.97059541603962,873.1601233190222,-0.4718507710157258,95.22078520171743,10000.0,0
22,3.490922067425719,874.0328538358787,0.5203266513860991,95.11605753969467,10000.0,0
22,3.6029528934252975,874.933592059235,0.11203082599957837,95.0079689528919,10000.0,0
22,3.277221183394504,875.7528973550836,-0.3257317100307935,94.90965231739007,10000.0,0
23,0.7772582376482998,875.9472119144957,-2.499962945746204,94.88633457026062,10000.0,0
23,0.7772239348075197,876.1415178981975,-3.4302840780098265e-05,94.86301785221639,10000.0,0
23,0.390174519827172,876.2390615281544,-0.38704941498034773,94.85131261662157,10000.0,0
23,0.40856112653938287,876.3412018097893,0.018386606712210873,94.83905578282538,10000.0,0
0,0.775972298305021,876.5351948843655,0.36741117176563814,94.81577661387624,10000.0,0
0,0.6135066519670853,876.6885715473572,-0.1624656463379357,94.79737141431723,10000.0,0
0,0.5967012776385965,876.8377468667669,-0.01680537432848883,94.77947037598807,10000.0,0
0,0.7433650209798833,877.0235881220119,0.14666374334128685,94.75716942535867,10000.0,0
1,0.7486448651923837,877.21074933831,0.005279844212500384,94.7347100794029,10000.0,0
1,0.7398962255703705,877.3957233947026,-0.008748639622013221,94.7125131926358,10000.0,0
1,0.25107381318525535,877.4584918479989,-0.48882241238511515,94.70498097824024,10000.0,0
1,0.5109630595354318,877.5862326128827,0.2598892463501764,94.68965208645417,10000.0,0
2,0.351497451449547,877.6741069757451,-0.15946560808588472,94.67910716291068,10000.0,0
2,0.22691161545934754,877.7308348796099,-0.12458583599019948,94.6722998144469,10000.0,0
2,0.6276429499793764,877.8877456171048,0.40073133452002885,94.65347052594753,10000.0,0
2,0.7589847045470819,878.0774917932415,0.13134175456770547,94.63070098481111,10000.0,0
3,0.29059257999701005,878.1501399382407,-0.46839212455007184,94.6219832074112,10000.0,0
3,0.3316288617471572,878.2330471536775,0.041036281750147174,94.6120343415588,10000.0,0
3,0.4051708556201117,878.3343398675826,0.07354199387295446,94.5998792158902,10000.0,0
3,0.6653186046674554,878.5006695187494,0.2601477490473437,94.57991965775017,10000.0,0
4,0.45567769420393855,878.6145889423004,-0.20964091046351685,94.56624932692405,10000.0,0
4,0.5586989451605329,878.7542636785905,0.10302125095659431,94.54948835856923,10000.0,0
4,0.7121224761261202,878.9322942976221,0.15342353096558736,94.52812468428544,10000.0,0
4,0.7190532511166929,879.1120576104013,0.006930774990572708,94.50655308675195,10000.0,0
5,0.7689982961591124,879.3043071844411,0.04994504504241948,94.48348313786718,10000.0,0
5,0.46915634484021784,879.4215962706511,-0.2998419513188946,94.46940844752197,10000.0,0
5,0.6152941829345266,879.5754198163847,0.1461378380943088,94.45094962203393,10000.0,0
5,0.3968888409653672,879.6746420266261,-0.21840534196915945,94.43904295680497,10000.0,0
6,0.6611816019958454,879.839937427125,0.2642927610304782,94.41920750874509,10000.0,0
6,0.5423475832756798,879.975524322944,-0.11883401872016564,94.40293708124682,10000.0,0
6,0.5846813874613235,880.1216946698094,0.0423338041856437,94.38539663962298,10000.0,0
6,0.49213538166089615,880.2447285152246,-0.09254600580042732,94.37063257817316,10000.0,0
7,1.6996087428765347,880.6696307009437,1.2074733612156385,94.31964431588686,10000.0,0
7,1.977548349924973,881.1640177884249,0.27793960704843834,94.26031786538911,10000.0,0
7,2.4698125374424,881.7814709227855,0.49226418751742695,94.18622348926584,10000.0,0
7,1.6693548807461056,882.198809642972,-0.8004576566962944,94.13614284284346,10000.0,0
8,1.7459942122642063,882.6353081960381,0.07663933151810065,94.08376301647553,10000.0,0
8,1.9128476090832938,883.1135200983089,0.1668533968190875,94.02637758820303,10000.0,0
8,1.8584946437322962,883.5781437592419,-0.05435296535099754,93.97062274889106,10000.0,0
8,1.604514868675712,883.9792724764109,-0.2539797750565842,93.92248730283079,10000.0,0
9,2.232407293524516,884.537374299792,0.627892424848804,93.85551508402506,10000.0,0
9,1.6350281052059052,884.9461313260935,-0.5973791883186108,93.80646424086888,10000.0,0
9,1.9597378555334002,885.4360657899769,0.32470975032749494,93.74767210520288,10000.0,0
9,2.2459661680144785,885.9975573319805,0.2862283124810783,93.68029312016245,10000.0,0
10,0.5919555026864971,886.1455462076522,-1.6540106653279814,93.66253445508185,10000.0,0
10,0.43646700236433233,886.2546629582432,-0.15548850032216477,93.64944044501092,10000.0,0
10,0.7634203035036365,886.4455180341191,0.3269533011393042,93.62653783590582,10000.0,0
10,0.6631789795618858,886.6113127790096,-0.10024132394175078,93.60664246651896,10000.0,0
11,0.42670866723192497,886.7179899458176,-0.2364703123299608,93.593841206502,10000.0,0
11,0.5104483103409422,886.8456020234029,0.08373964310901721,93.57852775719178,10000.0,0
11,0.6621744632673268,887.0111456392198,0.15172615292638458,93.55866252329376,10000.0,0
11,0.44303710403229457,887.1219049152278,-0.2191373592350322,93.54537141017279,10000.0,0
12,0.496879172043164,887.2461247082385,0.05384206801086944,93.5304650350115,10000.0,0
12,0.4183178763359946,887.3507041773225,-0.07856129570716941,93.51791549872142,10000.0,0
12,0.5610498749111885,887.4909666460503,0.14273199857519392,93.50108400247409,10000.0,0
12,0.3442856284167633,887.5770380531545,-0.21676424649442522,93.49075543362159,10000.0,0
13,0.3997014960459468,887.676963427166,0.05541586762918349,93.4787643887402,10000.0,0
13,0.24971896986820596,887.7393931696331,-0.14998252617774083,93.47127281964416,10000.0,0
13,0.6501204073576617,887.9019232714725,0.4004014374894558,93.45176920742342,10000.0,0
13,0.8970296133605498,888.1261806748126,0.24690920600288802,93.4248583190226,10000.0,0
14,0.2734167019299368,888.1945348502951,-0.623612911430613,93.41665581796471,10000.0,0
14,0.5263976586452068,888.3261342649564,0.25298095671527004,93.40086388820535,10000.0,0
14,0.6239018456836484,888.4821097263773,0.09750418703844155,93.38214683283483,10000.0,0
14,0.5275842270242805,888.6140057831334,-0.09631761865936783,93.36631930602411,10000.0,0
15,0.5150628977837343,888.7427715075793,-0.012521329240546275,93.3508674190906,10000.0,0
15,0.7536361962374748,888.9311805566387,0.23857329845374053,93.32825833320348,10000.0,0
15,0.09726551395204036,888.9554969351267,-0.6563706822854345,93.32534036778492,10000.0,0
15,0.36740887858386817,889.0473491547726,0.2701433646318278,93.3143181014274,10000.0,0
16,0.39055043241567056,889.1449867628766,0.023141553831802386,93.30260158845493,10000.0,0
16,0.6383755436594095,889.3045806487914,0.24782511124373896,93.28345032214516,10000.0,0
16,0.5366251562914728,889.4387369378643,-0.10175038736793673,93.26735156745642,10000.0,0
16,0.5784836130872831,889.5833578411361,0.04185845679581035,93.2499970590638,10000.0,0
17,0.26733440171638595,889.6501914415652,-0.3111492113708972,93.24197702701231,10000.0,0
17,0.523111923585168,889.7809694224615,0.25577752186878205,93.22628366930475,10000.0,0
17,0.5431829433721775,889.9167651583045,0.020071019787009536,93.20998818100358,10000.0,0
17,0.444877421120856,890.0279845135848,-0.09830552225132155,93.19664185836996,10000.0,0
18,3.118660880248768,890.8076497336469,2.673783459127912,93.1030820319625,10000.0,0
18,3.601572561860819,891.7080428741122,0.48291168161205134,92.99503485510668,10000.0,0
18,2.5376400090772684,892.3424528763815,-1.0639325527835508,92.91890565483436,10000.0,0
18,3.0474138133628,893.1043063297221,0.5097738042855315,92.82748324043348,10000.0,0
19,3.0077005004293067,893.8562314548294,-0.03971331293349323,92.7372522254206,10000.0,0
19,3.176227976853322,894.6502884490427,0.16852747642401544,92.641965386115,10000.0,0
19,3.0290843959037157,895.4075595480186,-0.14714358094960645,92.5510928542379,10000.0,0
19,3.5885081518274964,896.3046865859756,0.5594237559237807,92.44343760968307,10000.0,0
20,2.884864671501646,897.025902753851,-0.7036434803258502,92.35689166953803,10000.0,0
20,4.056379046496597,898.0399975154752,1.1715143749949513,92.23520029814313,10000.0,0
20,2.846662871898826,898.7516632334499,-1.2097161745977716,92.14980041198616,10000.0,0
20,2.916084894417214,899.4806844570542,0.06942202251838836,92.06231786515364,10000.0,0
21,3.7350245459859077,900.4144405935507,0.8189396515686935,91.95026712877407,10000.0,0
21,2.837512926296936,901.1238188251249,-0.8975116196889719,91.86514174098517,10000.0,0
21,3.5041144704220106,901.9998474427304,0.6666015441250748,91.76001830687251,10000.0,0
21,3.9268457173710987,902.9815588720732,0.42273124694908804,91.64221293535138,10000.0,0
22,3.7806100453307114,903.9267113834059,-0.14623567204038723,91.52879463399145,10000.0,0
22,3.3021844510550387,904.7522574961696,-0.47842559427567277,91.4297291004598,10000.0,0
22,3.689374095377103,905.6746010200138,0.3871896443220644,91.31904787759848,10000.0,0
22,3.2166859870495474,906.4787725167762,-0.4726881083275556,91.22254729798699,10000.0,0
23,0.555043917992873,906.6175334962744,-2.6616420690566747,91.20589598044721,10000.0,0
23,0.27452452759425255,906.686164628173,-0.28051939039862045,91.19766024461939,10000.0,0
23,0.3522052368980931,906.7742159373975,0.07768070930384052,91.18709408751245,10000.0,0
23,0.5875062339846463,906.9210924958936,0.23530099708655322,91.16946890049292,10000.0,0
